id,production_country
969681,United States of America
1368337,United Kingdom
1368337,United States of America
1288445,United Kingdom
1288445,United States of America
1204680,United States of America
1285366,Japan
1621552,Mexico
1516698,United States of America
1516698,Spain
1386315,United States of America
1386315,United Kingdom
1213243,India
860508,United States of America
1339713,United States of America
1339713,United Kingdom
1232569,United Kingdom
1375646,South Korea
1323244,Poland
1393326,Indonesia
1393326,South Korea
1084244,United States of America
1315772,United States of America
1108427,United States of America
1514682,United States of America
1514682,Spain
1560520,United States of America
1130948,Germany
1130948,Italy
1130948,United Kingdom
1130948,Spain
1130948,Canada
1130948,Brazil
1130948,France
634649,United States of America
278,United States of America
1083381,United States of America
1083381,Canada
1275779,United States of America
687163,United States of America
1284465,United States of America
1384216,United States of America
1212461,United States of America
1273221,United States of America
1432706,Canada
1432706,United States of America
1081003,United States of America
980431,United States of America
980431,South Korea
980431,Australia
82023,Germany
755898,United States of America
299536,United States of America
1599993,Dominican Republic
24428,United States of America
1127384,United States of America
1127384,Spain
1127384,Australia
1127384,China
1127384,Ukraine
1631807,Denmark
454639,United States of America
83533,United States of America
1314481,United States of America
87513,United States of America
1698863,United States of America
1311031,Japan
1594914,United States of America
1288059,United States of America
1228710,United States of America
1284041,United States of America
1480574,United Kingdom
1101412,United Kingdom
1101412,United States of America
1101383,United States of America
1084242,United States of America
1084242,Canada
569094,United States of America
1212763,United States of America
936075,United States of America
1291595,United States of America
967998,Brazil
264980,Germany
1226863,Japan
1226863,United States of America
1567937,China
1567937,Hong Kong
964849,Finland
964849,Lithuania
964849,France
964849,United Kingdom
557,United States of America
1523145,Russia
299534,United States of America
155,United Kingdom
155,United States of America
238,United States of America
1419406,China
1419406,Hong Kong
1727780,United States of America
1727780,Mexico
1439930,United States of America
53653,Hong Kong
441168,Canada
441168,Netherlands
441168,United States of America
299710,France
315635,United States of America
533535,United States of America
1003596,United States of America
822119,United States of America
1032863,United States of America
1723013,Philippines
1731694,United States of America
27205,United Kingdom
27205,United States of America
1471168,Argentina
872585,United Kingdom
872585,United States of America
1110034,Norway
1280738,Hong Kong
1280738,China
1290821,United States of America
1290821,United Kingdom
950028,United States of America
1307118,United States of America
1514026,United States of America
1514026,Israel
1506560,United States of America
1327819,United States of America
1184918,United States of America
49018,Canada
49018,United States of America
931285,United States of America
1487861,Brazil
617126,United States of America
1308972,United States of America
1729723,United States of America
862,United States of America
99861,United States of America
324857,United States of America
1564614,Australia
1564614,United States of America
120894,United Kingdom
122,New Zealand
122,United States of America
1668364,Mexico
120,New Zealand
120,United States of America
1599191,China
1007757,United States of America
1007757,Spain
13,United States of America
822653,Japan
603,United States of America
1301421,United States of America
1301421,United Kingdom
672,United Kingdom
672,United States of America
672,Germany
1234821,United States of America
1314826,United States of America
429617,United States of America
1481343,United States of America
1304313,United States of America
1304313,Ireland
447365,United States of America
438631,United States of America
559,United States of America
448772,Italy
673,United Kingdom
673,United States of America
1054867,United States of America
1726,United States of America
680,United States of America
550,Germany
550,United States of America
244786,United States of America
1297842,United States of America
12445,United Kingdom
12445,United States of America
1930,United States of America
129,Japan
19995,United States of America
19995,United Kingdom
414906,United States of America
1061474,United States of America
76341,Australia
76341,United States of America
1122573,United Kingdom
1122573,United States of America
1122573,Saudi Arabia
102382,United States of America
194117,Italy
474412,South Korea
76600,United States of America
354912,United States of America
271110,United States of America
1430077,United States of America
1430077,Ireland
1430077,United Arab Emirates
1430077,Hong Kong
693134,United States of America
218,United Kingdom
218,United States of America
14836,United States of America
361743,United States of America
269149,United States of America
390062,Australia
390062,United Kingdom
390062,United States of America
1423191,United States of America
1423191,Germany
1423191,France
1265609,Australia
1265609,United States of America
497,United States of America
912649,United States of America
1413976,Germany
1413976,Croatia
1413976,United States of America
1355228,India
1368166,United States of America
98,United Kingdom
98,United States of America
614479,United States of America
807,United States of America
496243,South Korea
1538273,India
280,France
280,United States of America
280092,Canada
280092,United States of America
192139,United States of America
138843,United States of America
228150,United States of America
10681,United States of America
475557,Canada
475557,United States of America
12444,United Kingdom
12444,United States of America
687259,Taiwan
406563,United States of America
1630409,Thailand
562,United States of America
1724,United States of America
411,United Kingdom
411,United States of America
424,United States of America
1087192,United States of America
840464,United Kingdom
840464,United States of America
575265,United States of America
8587,United States of America
986056,United States of America
976912,United Kingdom
121,New Zealand
121,United States of America
330457,United States of America
1294189,United States of America
240,United States of America
1226699,United States of America
674,United Kingdom
674,United States of America
112929,Hong Kong
502356,Japan
502356,United States of America
552524,United States of America
1171145,United Kingdom
1171145,United States of America
1325734,United States of America
453395,United States of America
1233413,United States of America
1010581,Spain
106646,United States of America
49026,United Kingdom
49026,United States of America
12,United States of America
198663,United States of America
198663,United Kingdom
177572,United States of America
1408162,India
803796,United States of America
1168190,United States of America
1168190,Canada
1022789,United States of America
389,United States of America
933260,France
933260,United Kingdom
933260,United States of America
348,United States of America
348,United Kingdom
22,United States of America
1497463,Spain
1497463,United States of America
1218925,Japan
91586,United States of America
950387,Sweden
950387,United States of America
808,United States of America
1122030,India
539972,United States of America
10138,United States of America
1242898,United States of America
20352,United States of America
11,United States of America
585,United States of America
950396,United States of America
150540,United States of America
911430,United States of America
335984,Canada
335984,United Kingdom
335984,United States of America
105,United States of America
4935,Japan
1712439,Thailand
14160,United States of America
1062185,United States of America
10191,United States of America
14161,United States of America
425274,United States of America
1698856,United States of America
767,United Kingdom
767,United States of America
1430698,United States of America
1430698,United Kingdom
127585,United States of America
549509,United Kingdom
549509,United States of America
278154,United States of America
324786,Australia
324786,United Kingdom
324786,United States of America
466420,United States of America
505642,United States of America
350,United States of America
857,United States of America
652,United Kingdom
652,United States of America
675,United Kingdom
675,United States of America
1613798,United States of America
1613798,Spain
210577,United States of America
2062,United States of America
1266127,United States of America
1656061,United States of America
49521,United Kingdom
49521,United States of America
1318447,United States of America
1318447,Iceland
1318447,Australia
6435,United States of America
1318621,United States of America
1185806,Canada
205596,United States of America
205596,United Kingdom
1316092,United States of America
1316092,United Kingdom
1669051,Philippines
1038392,United States of America
436270,United States of America
263115,United States of America
246655,United States of America
284053,United States of America
58,United States of America
109445,United States of America
572802,United States of America
111,United States of America
489,United States of America
315162,United States of America
214756,United States of America
1159559,United States of America
301528,United States of America
1598766,Japan
383498,United States of America
37165,United States of America
122917,New Zealand
122917,United States of America
103,United States of America
385687,United States of America
1321008,United States of America
10193,United States of America
181808,United States of America
545611,United States of America
9806,United States of America
920,United States of America
68721,United States of America
346698,United Kingdom
346698,United States of America
1433367,United States of America
77338,France
490132,United States of America
1380291,United States of America
68718,United States of America
1333141,Australia
49051,New Zealand
49051,United States of America
293660,United States of America
26827,United States of America
1569947,United Kingdom
1404304,United States of America
311,United States of America
311,Italy
1433568,Taiwan
1058424,South Korea
272,United Kingdom
272,United States of America
286217,United States of America
408,United States of America
863,United States of America
38757,United States of America
752,Germany
752,United Kingdom
752,United States of America
283995,United States of America
772,United States of America
372058,Japan
769,United States of America
207,United States of America
260514,United States of America
497698,United States of America
980477,China
1241982,Canada
1241982,United States of America
11324,United States of America
78,United States of America
78,Hong Kong
78,United Kingdom
49013,United States of America
566525,United States of America
1062722,United States of America
1062722,Canada
16869,Germany
16869,United States of America
1422,Hong Kong
1422,United States of America
49519,United States of America
429,United States of America
429,Italy
429,Spain
429,Germany
1242332,United States of America
1616131,Chile
1616131,Mexico
508442,United States of America
1100988,United Kingdom
1100988,United States of America
466272,China
466272,United Kingdom
466272,United States of America
11036,United States of America
284054,United States of America
10867,Italy
10867,United States of America
845781,United States of America
1119449,United States of America
1119449,Germany
1078605,United States of America
939243,United States of America
939243,Japan
10195,United States of America
603692,Germany
603692,United States of America
574475,United States of America
137106,United States of America
137106,Denmark
137106,Australia
546554,United States of America
694,United Kingdom
694,United States of America
82702,United States of America
1676318,Germany
1676318,Malta
1124,United Kingdom
1124,United States of America
1402,United States of America
359410,United States of America
402431,United States of America
1865,United Kingdom
1865,United States of America
493922,United States of America
493922,United Kingdom
1306368,United States of America
101,France
39254,United States of America
39254,India
313369,United States of America
985939,United States of America
985939,United Kingdom
580489,United States of America
156022,United States of America
1391021,China
38365,United States of America
10625,United States of America
28,United States of America
77,United States of America
507086,United States of America
285,United States of America
47971,Canada
47971,China
47971,United States of America
744,United States of America
12153,United States of America
1305781,China
140607,United States of America
614945,United States of America
539,United States of America
18785,United States of America
329865,United States of America
24,United States of America
519182,United States of America
949,United States of America
744275,France
744275,United States of America
744275,Bulgaria
2501,United States of America
2501,Germany
2501,Czech Republic
318846,United States of America
1198994,United States of America
216015,United States of America
917496,United States of America
436969,United States of America
57800,United States of America
1317288,United States of America
1491920,Hong Kong
1491920,China
72190,United States of America
1240889,United Kingdom
1240889,United States of America
1732625,United States of America
242582,United States of America
713704,New Zealand
713704,Ireland
713704,United States of America
120467,United States of America
120467,Germany
260513,United States of America
259693,United States of America
798645,United States of America
798645,United Kingdom
119450,United Kingdom
119450,United States of America
810,United States of America
423,France
423,Germany
423,Poland
423,United Kingdom
396535,South Korea
10020,United States of America
102899,United States of America
207703,United Kingdom
207703,United States of America
9769,France
9769,United States of America
9502,United States of America
44980,Japan
1504358,United States of America
298618,United States of America
8355,United States of America
451156,Canada
530385,Sweden
530385,United States of America
321612,United States of America
299537,United States of America
270946,United States of America
1156594,Spain
1156594,United States of America
1228246,United States of America
425,United States of America
991494,United States of America
353081,United States of America
812,United States of America
1368,United States of America
1368,Netherlands Antilles
578,United States of America
447273,United States of America
1197306,United Kingdom
1197306,United States of America
564,United States of America
14097,Finland
14097,Russia
14097,Ukraine
1368314,United States of America
424711,Italy
398818,Brazil
398818,France
398818,Italy
398818,United States of America
146233,United States of America
1377237,United States of America
259316,United Kingdom
259316,United States of America
512200,United States of America
73861,Serbia
1383731,United States of America
4247,United States of America
270303,United States of America
128,Japan
76492,United States of America
1493400,United States of America
1493400,Canada
420809,United States of America
8966,United Kingdom
8966,United States of America
4951,United States of America
898704,United States of America
898704,Saudi Arabia
38,United States of America
637,Italy
273481,United States of America
1417,Mexico
1417,Spain
1417,United States of America
1302904,United States of America
616037,United States of America
588627,Hong Kong
823219,Latvia
823219,Belgium
823219,France
1308767,United States of America
1308767,Ireland
1308767,Canada
510,United States of America
281957,Canada
281957,Hong Kong
281957,Taiwan
281957,United States of America
161,United States of America
61791,United Kingdom
61791,United States of America
6977,United States of America
10997,China
10997,Hong Kong
290098,South Korea
1510795,Philippines
76338,United States of America
447332,United States of America
194,France
194,Germany
335983,China
335983,United States of America
377,United States of America
377,United Kingdom
640,United States of America
293167,China
293167,United States of America
44214,United States of America
118,United Kingdom
118,United States of America
3933,United Kingdom
3933,United States of America
1064213,United States of America
1318413,United Kingdom
1318413,France
701387,Ireland
701387,South Korea
701387,United States of America
701387,Canada
786892,Australia
786892,United States of America
333339,United States of America
374720,United Kingdom
374720,United States of America
62,United Kingdom
62,United States of America
11688,United States of America
296096,United States of America
598,Brazil
598,France
598,Germany
4348,France
4348,United Kingdom
4348,United States of America
1235877,India
1330021,United States of America
98566,United States of America
937287,Italy
937287,United States of America
615,United States of America
7518,United States of America
967941,United States of America
967941,Japan
1263337,United States of America
438148,United States of America
11224,United States of America
1317149,United Kingdom
146198,United States of America
18,France
10198,United States of America
1263532,Brazil
135397,United States of America
575264,United States of America
637649,United Kingdom
637649,United States of America
106,United States of America
809,United States of America
1382832,United States of America
12155,United States of America
1340206,Canada
1340206,United States of America
5721,United States of America
893723,Canada
893723,France
893723,United States of America
976573,United States of America
105864,United States of America
297762,United States of America
1100782,United States of America
9479,United States of America
1592,United States of America
764,United States of America
945961,United States of America
640146,United States of America
400535,Mexico
400535,United States of America
1495,United States of America
1495,United Kingdom
1495,Germany
1495,Spain
419430,United States of America
363088,United States of America
1159831,United States of America
1272837,United Kingdom
1272837,United States of America
345940,China
345940,United States of America
792307,Ireland
792307,United Kingdom
792307,United States of America
1469342,United States of America
1469342,Denmark
1469342,United Kingdom
1813,Germany
1813,United States of America
882569,United Kingdom
882569,United States of America
458156,United States of America
1246049,France
829557,Poland
11423,South Korea
745,United States of America
337167,United States of America
1477712,United States of America
1477712,Canada
1477712,United Kingdom
1477712,France
1477712,Japan
333484,United States of America
320288,United States of America
36557,United Kingdom
36557,United States of America
85,United States of America
370172,United Kingdom
370172,United States of America
75780,United States of America
1398655,United States of America
131631,United States of America
934433,United States of America
404368,United States of America
9552,United States of America
9552,Iraq
679,United States of America
558449,United States of America
14324,Luxembourg
14324,Italy
14324,France
14324,United Kingdom
14324,United States of America
373571,China
373571,Japan
373571,United States of America
57158,New Zealand
57158,United States of America
260346,France
260346,United States of America
260346,Spain
16859,Japan
8363,United States of America
1927,United States of America
524434,United States of America
949536,United States of America
601,United States of America
209112,United States of America
609681,United States of America
2105,United States of America
561,Germany
561,United States of America
101299,United States of America
8689,Colombia
8689,Italy
50014,United States of America
1173559,United States of America
696506,United States of America
696506,United Kingdom
929590,Finland
929590,United Kingdom
929590,United States of America
853,United States of America
853,France
853,Germany
853,Ireland
853,United Kingdom
438695,United States of America
36685,United Kingdom
36685,United States of America
36685,Switzerland
245891,United States of America
1175942,United States of America
10144,United States of America
75656,United States of America
75656,France
346364,United States of America
1084187,United States of America
1084187,Hungary
1084187,United Kingdom
1008042,Australia
1008042,United Kingdom
1011985,United States of America
9820,United States of America
62177,United States of America
9470,China
9470,Hong Kong
447404,Japan
447404,United States of America
82976,France
82976,Italy
866398,United Kingdom
866398,United States of America
11544,United States of America
456931,France
426063,United States of America
22881,United States of America
591,United States of America
126889,United States of America
1719326,Philippines
93456,United States of America
1632181,Mexico
91314,United States of America
447277,United States of America
602,United States of America
855,United Kingdom
855,United States of America
670,South Korea
37799,United States of America
1285959,United States of America
1285959,Canada
8358,United States of America
1156593,Spain
1156593,United States of America
185,United Kingdom
185,United States of America
38055,United States of America
1007734,United States of America
2109,United States of America
520763,United States of America
508947,United States of America
1091,United States of America
1391325,Spain
1391325,Mexico
425909,Canada
425909,United States of America
653346,United States of America
1305672,China
359724,United States of America
630,United States of America
343611,China
343611,United States of America
412117,United States of America
405871,Japan
1236153,United States of America
1579,United Kingdom
1579,United States of America
680493,France
680493,Japan
680493,United States of America
680493,United Kingdom
680493,Germany
177677,United States of America
177677,China
72105,United States of America
1214931,United States of America
1214931,Hungary
30723,United States of America
300668,United Kingdom
300668,United States of America
577922,United Kingdom
577922,United States of America
1366,United States of America
1097549,United States of America
1097549,Netherlands
1084199,United States of America
1232449,Belgium
1232449,Netherlands
330459,United States of America
27,United Kingdom
18240,United States of America
949838,United States of America
242,United States of America
861,United States of America
1390300,United States of America
1390300,Norway
1390300,Finland
940721,Japan
168259,United States of America
1284046,United States of America
82690,United States of America
1397485,United States of America
1397485,Canada
629,United States of America
100402,United States of America
269955,South Korea
424694,United States of America
7345,United States of America
1288341,Australia
1288341,United Kingdom
1645614,Spain
1480387,Canada
1480387,United States of America
953,United States of America
453,United States of America
527774,United States of America
9487,United States of America
19913,United States of America
11216,Italy
11216,France
921711,India
4327,United States of America
152601,United States of America
10527,United States of America
1279493,United States of America
1279493,Australia
1279493,United Kingdom
1292695,United States of America
1292695,South Africa
281338,United States of America
940551,United States of America
337404,United States of America
955,United States of America
955,Germany
1002398,Philippines
1771,United States of America
254,United States of America
254,New Zealand
254,Germany
194662,United States of America
446893,United States of America
18239,United States of America
11836,United States of America
166426,United States of America
240832,France
343668,United Kingdom
343668,United States of America
343668,Italy
1470130,United States of America
1470130,United Kingdom
1035259,United States of America
567609,United States of America
49530,United States of America
1284120,Denmark
1284120,Norway
1284120,Poland
1284120,Sweden
197,United States of America
1278,France
1278,Italy
1278,United Kingdom
1278,United States of America
4232,United States of America
10674,United States of America
875828,United Kingdom
1231767,South Korea
474350,United States of America
6479,United States of America
6479,United Kingdom
211672,United States of America
420818,United States of America
604079,United States of America
10192,United States of America
118340,United States of America
1545621,Japan
524047,United Kingdom
524047,United States of America
44912,United States of America
18491,Japan
1530941,Japan
176,United States of America
799583,United Kingdom
799583,United States of America
508883,Japan
948,United States of America
1234731,United States of America
122906,United Kingdom
122906,United States of America
8413,United Kingdom
8413,United States of America
615656,China
615656,United States of America
493529,Canada
493529,United States of America
1511675,Japan
74,United States of America
530915,United States of America
530915,United Kingdom
530915,Spain
530915,India
1064028,United States of America
615777,United States of America
165,United States of America
1637,United States of America
73,United States of America
537915,United States of America
87827,United States of America
7451,United States of America
49444,United States of America
196,United States of America
854,United States of America
635302,Japan
335,Italy
335,United States of America
8871,United States of America
8871,Germany
500,United States of America
718930,United States of America
967847,United States of America
620,United States of America
158852,United States of America
581,United Kingdom
581,United States of America
10494,Japan
439079,United States of America
593643,United States of America
853033,South Korea
8681,France
8681,United States of America
1891,United States of America
190859,United States of America
190859,Canada
1542261,Japan
166428,United States of America
787723,United States of America
787723,Canada
14,United States of America
77877,United States of America
335977,United States of America
141052,United States of America
26466,Australia
26466,United Kingdom
1539104,Japan
695721,Germany
695721,United States of America
102651,United States of America
35,United States of America
604,United States of America
801335,United States of America
1167307,United States of America
1167307,South Africa
1329016,United States of America
1329016,Canada
149,Japan
27578,United States of America
27578,Bulgaria
27578,Germany
629542,United States of America
19494,United States of America
615457,United States of America
9738,Germany
9738,United States of America
8392,Japan
1250,United States of America
533533,United States of America
1709391,India
2251,United States of America
2251,Switzerland
2251,Germany
762509,United States of America
979,France
64690,United States of America
1315303,United States of America
507089,United States of America
402,United States of America
402,France
15121,United States of America
405818,Japan
22803,United Kingdom
22803,United States of America
411442,China
411442,Hong Kong
296098,United States of America
296098,Germany
296098,India
63,United States of America
1562,United Kingdom
1562,Spain
1562,United States of America
600,United Kingdom
600,United States of America
776503,France
776503,United States of America
454626,Japan
454626,United States of America
4982,United States of America
665,United States of America
316029,United States of America
290859,United States of America
522627,United Kingdom
522627,United States of America
59967,United States of America
770,United States of America
644,United Kingdom
644,United States of America
150689,United Kingdom
150689,United States of America
1001835,United States of America
80321,United States of America
1671548,China
858024,United Kingdom
858024,United States of America
1341138,United States of America
1483525,South Korea
1483525,United States of America
116745,United Kingdom
116745,United States of America
496450,China
496450,France
496450,Canada
9693,United Kingdom
9693,United States of America
181812,United States of America
1477317,Spain
1477317,United Kingdom
1477317,United States of America
675445,Canada
675445,France
675445,United States of America
339403,United Kingdom
339403,United States of America
268896,United States of America
1679730,Japan
189,United States of America
5876,United States of America
1933,Spain
1933,United States of America
1933,France
1312946,United States of America
1312946,Spain
1312946,Portugal
378064,Japan
297,United States of America
11976,United Kingdom
11976,United States of America
335988,United States of America
628,United States of America
1259102,United States of America
273248,United States of America
75612,United States of America
75612,United Kingdom
75612,Japan
75612,Iceland
399579,United States of America
645710,United States of America
1437696,Poland
1437696,Germany
1437696,France
1437696,Italy
275,United Kingdom
275,United States of America
322,United States of America
10585,United States of America
291805,Hong Kong
291805,United States of America
70981,United States of America
70981,United Kingdom
157350,United States of America
49494,United States of America
8913,United States of America
1202033,United States of America
36647,United States of America
29187,Italy
9737,United States of America
48650,Spain
48650,France
4588,China
4588,Hong Kong
4588,Taiwan
4588,United States of America
24021,United States of America
268,United States of America
5548,United States of America
5879,Japan
5879,France
399174,United States of America
399174,Germany
754,United States of America
12405,United Kingdom
1072790,United States of America
573435,United States of America
9919,United States of America
4108,United States of America
4108,France
310131,Brazil
310131,Canada
310131,United Kingdom
310131,United States of America
926393,Italy
926393,United States of America
1137350,United States of America
1137350,Germany
760104,United States of America
1572,United States of America
141,United States of America
785084,United States of America
45612,United States of America
45612,France
90,United States of America
398978,United States of America
89,United States of America
46195,United States of America
37724,United Kingdom
37724,United States of America
56292,United States of America
1669,United States of America
329,United States of America
1585,United States of America
117,United States of America
137,United States of America
381284,United States of America
956,United States of America
956,Germany
1418582,Brazil
335787,United States of America
193756,United States of America
205587,United States of America
11046,United Kingdom
11046,United States of America
45269,United Kingdom
45269,United States of America
127380,United States of America
115,United Kingdom
115,United States of America
7131,Czech Republic
7131,United States of America
1465063,United States of America
348350,United States of America
278927,United Kingdom
278927,United States of America
1153576,Japan
1153576,United States of America
159824,United States of America
495764,United States of America
114,United States of America
1242265,United Kingdom
36955,United States of America
1369,United States of America
1369,Mexico
1369,Netherlands Antilles
594,United States of America
83389,Japan
1089,United States of America
253350,Italy
334541,United States of America
22538,Japan
22538,United Kingdom
22538,United States of America
28178,United Kingdom
28178,United States of America
310,United States of America
84892,United States of America
13920,United States of America
264660,United Kingdom
264660,United States of America
605,United States of America
294254,United States of America
147441,Spain
147441,United States of America
147441,United Kingdom
621,United States of America
621,United Kingdom
1011477,United States of America
1669057,Philippines
142,Canada
142,United States of America
1317672,Italy
1317672,United States of America
10895,United States of America
634492,United States of America
9323,Japan
9323,United Kingdom
124905,United States of America
404009,Italy
77429,Spain
1271,United States of America
812583,United States of America
941,United States of America
1244492,Japan
399566,United States of America
1137844,United States of America
315837,China
315837,Hong Kong
315837,India
315837,United States of America
1508168,India
941109,United States of America
1427,Germany
1427,France
1427,Spain
1427,United States of America
1427,Belgium
43949,United States of America
76,Austria
76,United States of America
204922,France
204922,Sweden
204922,United Kingdom
204922,United States of America
2832,United States of America
1741201,Thailand
1741201,Singapore
406997,United States of America
1408208,Japan
44896,United States of America
976893,Germany
976893,Japan
348893,Bulgaria
348893,United States of America
49046,Germany
62211,United States of America
381288,United States of America
308266,United States of America
755679,United States of America
2502,United States of America
1584215,United States of America
180,United States of America
1363974,Japan
82507,Canada
82507,United States of America
2059,United States of America
10483,United Kingdom
10483,United States of America
10483,Germany
968051,United States of America
1421155,Indonesia
2048,United States of America
2048,Germany
2048,Canada
14869,United States of America
14869,Czech Republic
14869,France
14869,Japan
26817,United States of America
17654,New Zealand
17654,South Africa
17654,United States of America
1595852,United States of America
1595852,Spain
1701,United States of America
840430,United States of America
81,Japan
1119878,United States of America
1472951,Canada
162,United States of America
947,United Kingdom
153,United Kingdom
153,United States of America
290250,United States of America
1341041,Hong Kong
1207162,United States of America
1207162,Uzbekistan
1207162,Kazakhstan
206487,Australia
9340,United States of America
64688,United States of America
749170,United States of America
749170,United Kingdom
594767,United States of America
1265,United States of America
4011,United States of America
296,Germany
296,United Kingdom
296,United States of America
1538,United States of America
395834,France
395834,United Kingdom
395834,United States of America
288987,Italy
1245993,United States of America
1372,Germany
1372,United States of America
11770,Hong Kong
11770,China
928358,Germany
1248226,United States of America
1248226,Canada
1357633,Japan
870028,United States of America
2503,United States of America
2503,United Kingdom
646380,United States of America
17578,New Zealand
17578,United States of America
73723,United States of America
73723,Japan
1084736,France
1084736,Belgium
1126166,United States of America
619979,United States of America
353486,United States of America
1018,France
1018,United States of America
12092,United States of America
1124620,Canada
1124620,United States of America
927,United States of America
65754,Sweden
65754,United States of America
1515615,United States of America
1515615,Canada
19908,United States of America
293670,South Korea
293670,United States of America
1071585,United States of America
8467,United States of America
1363387,Australia
1363387,Finland
1363387,United States of America
479455,China
479455,United States of America
1087891,United States of America
459151,United States of America
747,United Kingdom
915935,France
32657,United States of America
320,United States of America
24086,United States of America
1115544,United States of America
269495,Finland
464052,United States of America
1116201,United States of America
9837,United States of America
15512,United States of America
788,United States of America
467905,United Kingdom
467905,France
467905,South Africa
10545,United States of America
599,United States of America
4523,United States of America
910850,Japan
661374,United States of America
324849,United States of America
324849,Denmark
324849,Australia
966,United States of America
297761,United States of America
109428,United States of America
646,United Kingdom
420817,United States of America
314365,United States of America
80278,Spain
80278,United States of America
1541560,United States of America
286687,South Korea
1490260,United States of America
1607,United States of America
1057265,India
670292,Canada
670292,United States of America
1376434,United States of America
70,United States of America
70,Switzerland
1487864,Brazil
813,United States of America
1734,United States of America
1734,United Kingdom
70160,United States of America
666277,United States of America
666277,South Korea
1656220,Germany
1003598,United States of America
399402,United States of America
235,United States of America
432279,France
432279,Belgium
432279,Switzerland
49047,United Kingdom
49047,United States of America
254128,Canada
254128,United States of America
254128,Australia
387732,Mexico
392044,United States of America
1724816,Philippines
454640,Finland
454640,United States of America
588,Canada
588,France
588,Japan
331482,United States of America
639988,South Korea
639988,France
390043,Bulgaria
390043,Canada
390043,France
390043,Hong Kong
390043,United States of America
390043,United Kingdom
4233,United States of America
76203,United Kingdom
76203,United States of America
433,United States of America
8367,United States of America
1223601,Finland
1223601,United Kingdom
9509,Switzerland
9509,United Kingdom
9509,United States of America
9509,Mexico
402900,United States of America
427641,United States of America
4248,United States of America
337339,United States of America
1356039,Mexico
50646,United States of America
534,United States of America
391713,United States of America
4256,United States of America
501929,Hong Kong
501929,United States of America
217,United States of America
302946,United States of America
1079091,United States of America
505026,United States of America
5255,United States of America
12230,United States of America
1034541,United States of America
950,United States of America
608,United States of America
930094,United States of America
913290,United States of America
631843,China
631843,United States of America
131634,Germany
131634,United States of America
688,United States of America
4347,France
4347,United Kingdom
4347,United States of America
882598,United States of America
335797,United States of America
1417285,Thailand
249397,Denmark
249397,Germany
249397,Belgium
249397,France
249397,Sweden
515333,United States of America
53064,Japan
1462861,United Kingdom
364,United States of America
698687,United States of America
1151031,Australia
1151031,United States of America
337401,United States of America
105825,Hong Kong
9016,United States of America
646385,United States of America
235271,United States of America
10860,United States of America
23483,United Kingdom
23483,United States of America
10528,United States of America
10528,United Kingdom
206647,United Kingdom
206647,United States of America
324668,China
324668,United States of America
1257009,Australia
110415,South Korea
924,United States of America
1294203,United Kingdom
1102883,United States of America
1102883,Germany
1102883,Ireland
1102883,Finland
1029575,United States of America
64682,United States of America
64682,Australia
140300,China
140300,United States of America
220281,Brazil
937278,Sweden
937278,United States of America
363676,United States of America
9392,United Kingdom
41446,United States of America
163,United States of America
377670,Mexico
10386,United States of America
399055,United States of America
7443,France
7443,United Kingdom
7443,United States of America
1895,United States of America
509,United Kingdom
509,United States of America
19404,India
1144107,China
1550338,Turkey
216919,Mexico
4638,France
4638,United Kingdom
8077,United States of America
89657,United States of America
51876,United States of America
974573,United States of America
2493,United States of America
257211,United States of America
1641319,United States of America
1641319,Canada
1641319,South Africa
800158,United States of America
460465,United States of America
10830,United States of America
1252309,Spain
696393,United Kingdom
696393,United States of America
726209,United States of America
1367642,United States of America
262500,United States of America
10591,Switzerland
10591,United States of America
945729,United Kingdom
945729,United States of America
14574,United Kingdom
14574,United States of America
37233,United States of America
7446,United States of America
639933,United States of America
787699,United Kingdom
787699,United States of America
843,Hong Kong
843,France
10882,United States of America
1556321,Thailand
9654,France
9654,United Kingdom
9654,United States of America
9654,Italy
9654,Germany
948549,United Kingdom
948549,United States of America
9489,United States of America
9475,United States of America
20526,United States of America
82693,United States of America
58595,United States of America
153104,Canada
153104,United States of America
414,United States of America
414,United Kingdom
22970,United States of America
1589248,Germany
228794,Italy
792,United Kingdom
792,United States of America
9426,United States of America
9476,United States of America
1440098,Spain
522931,Bulgaria
522931,France
522931,Sweden
522931,United States of America
522931,United Kingdom
1433583,United States of America
1433583,Germany
1433583,France
203801,United States of America
6957,United States of America
1948,United States of America
782,United States of America
796185,Belgium
796185,France
796185,Germany
796185,Spain
5559,United States of America
762504,United States of America
181533,United Kingdom
181533,United States of America
460458,Germany
460458,United States of America
460458,Canada
4922,United States of America
1198288,Russia
9532,United States of America
1252037,Germany
95,United States of America
627,United Kingdom
563,United States of America
6477,United States of America
241259,United States of America
739405,United Kingdom
739405,United States of America
552178,United States of America
9262,United States of America
1114513,United States of America
725201,United States of America
10555,United States of America
9297,United States of America
184315,United States of America
411088,Spain
11852,United States of America
26389,United Kingdom
26389,France
1327862,United States of America
1327862,Germany
10112,United States of America
476669,United Kingdom
476669,United States of America
450465,United States of America
115290,United States of America
1141970,Thailand
1141970,Luxembourg
1141970,Singapore
1141970,United States of America
1141970,Taiwan
531428,France
544,United States of America
7512,United States of America
53182,Bulgaria
53182,United States of America
1084577,United States of America
1358005,United States of America
8961,United States of America
7555,United States of America
7555,Germany
1893,United States of America
4824,United States of America
467244,United States of America
467244,Poland
467244,United Kingdom
50620,United States of America
585511,Spain
585511,United States of America
376867,United States of America
20766,United States of America
228161,United States of America
1367220,India
169917,United States of America
37135,United States of America
9804,United States of America
1824,United States of America
45243,United States of America
1791,France
1791,Austria
1791,Germany
548,Japan
516486,Canada
516486,China
516486,United States of America
4547,United States of America
10009,United States of America
8835,United States of America
753342,United States of America
47933,United States of America
96721,United Kingdom
96721,United States of America
796,United States of America
8055,Germany
8055,United States of America
9023,United States of America
311324,China
311324,United States of America
2668,United States of America
881211,Canada
881211,United States of America
682507,United States of America
41630,United States of America
10693,United States of America
1387382,United States of America
273477,United States of America
36648,United States of America
13475,United States of America
1700,United States of America
49529,United States of America
473033,United States of America
117251,United States of America
117251,Canada
58233,United Kingdom
58233,United States of America
525,United States of America
9802,United States of America
1541,United Kingdom
1541,United States of America
1541,France
1193950,Argentina
9539,Canada
9539,France
2671,Japan
1233575,United States of America
814,United Kingdom
814,United States of America
5915,United States of America
232672,United States of America
19994,United States of America
766507,United States of America
1582770,India
1242419,United States of America
1397385,United States of America
72331,Russia
72331,United States of America
9739,United States of America
1213,United States of America
76757,United States of America
13448,Italy
13448,United States of America
287947,United States of America
426,United States of America
2567,Germany
2567,United States of America
3049,United States of America
316269,Russia
64635,Canada
64635,India
64635,United States of America
1415341,Spain
2108,United States of America
11645,Japan
11645,France
756999,United States of America
587792,United States of America
65,Germany
65,United States of America
43947,United States of America
277216,United Kingdom
277216,United States of America
44115,France
44115,United Kingdom
44115,United States of America
346685,India
346685,United States of America
1287141,United Kingdom
1287141,Ireland
1287141,Netherlands
9373,United States of America
5175,United States of America
5175,Hong Kong
8656,United States of America
1363123,United States of America
524,France
524,United States of America
1319504,Canada
1319504,United States of America
9928,United States of America
4995,United States of America
1032823,United States of America
957,United States of America
639720,United States of America
916224,Japan
10515,Japan
345887,United States of America
1659155,Spain
265208,United States of America
265208,France
619264,Spain
11362,Ireland
11362,United States of America
1290417,United States of America
1228891,China
6114,United States of America
38575,China
38575,Hong Kong
38575,United States of America
80274,United States of America
13223,United States of America
13223,Germany
12429,Japan
449443,United States of America
393392,Japan
1621,United States of America
153518,Finland
153518,United States of America
24420,United States of America
529203,United States of America
396422,United States of America
1573,United States of America
1903,United States of America
1903,Spain
10999,United States of America
43347,United States of America
76493,United States of America
83542,Germany
83542,United States of America
83542,China
83542,Hong Kong
83542,Singapore
9732,United States of America
400155,United States of America
338969,United States of America
1226578,Canada
1226578,United States of America
8204,United States of America
799379,South Korea
307081,United States of America
307081,China
597208,United States of America
33542,Hong Kong
3131,United States of America
3131,Italy
181886,Canada
181886,France
181886,Spain
10196,United States of America
660120,Norway
660120,Sweden
660120,Denmark
660120,France
871,United States of America
37257,United States of America
686,United States of America
1571,United Kingdom
1571,United States of America
11397,United States of America
499701,United States of America
9355,Australia
201088,United States of America
445466,United States of America
600354,France
600354,United Kingdom
508439,United States of America
949423,United States of America
152,United States of America
11460,United States of America
44833,Japan
44833,United States of America
11104,Hong Kong
1422227,Turkey
11665,United States of America
50839,United States of America
1136867,United States of America
1136867,Finland
458897,United States of America
2666,Australia
2666,United States of America
238713,United States of America
46738,Canada
46738,France
37136,United States of America
10137,Germany
10137,United States of America
38700,United States of America
497582,United States of America
7340,United States of America
938614,Australia
938614,United Arab Emirates
938614,United States of America
340102,United States of America
4964,United States of America
838209,South Korea
257657,France
257657,Italy
957452,France
957452,Germany
957452,United Kingdom
957452,United States of America
138832,United Kingdom
138832,United States of America
12812,Belgium
12812,France
12812,United Kingdom
2978,United States of America
889737,United States of America
451048,United States of America
49049,South Africa
49049,United Kingdom
49049,United States of America
49049,India
3176,Japan
76163,United States of America
76163,Bulgaria
76163,Germany
384261,Spain
9902,Germany
9902,United States of America
1578,United States of America
1140521,United Kingdom
1140521,United States of America
1374,United States of America
587807,United States of America
587807,United Kingdom
274855,Hong Kong
274855,United States of America
9836,Australia
9836,United States of America
5503,United States of America
288,United States of America
1476453,Philippines
848538,United Kingdom
848538,United States of America
85350,United States of America
9286,United States of America
1635,United States of America
10330,United States of America
700391,Canada
700391,United States of America
289,United States of America
1380417,United States of America
1979,Germany
1979,United Kingdom
1979,United States of America
379686,United States of America
238615,United States of America
1251,United States of America
79,Hong Kong
79,China
1390382,France
1390382,United States of America
1586876,Japan
298,United States of America
1318304,India
50619,United States of America
36593,United States of America
9480,Switzerland
9480,United States of America
81005,United States of America
1196067,United States of America
1196067,Northern Ireland
1894,United States of America
585083,United States of America
9602,United States of America
424783,China
424783,United States of America
387848,South Korea
1476292,Philippines
18823,United States of America
18823,United Kingdom
591538,United States of America
49849,United States of America
49849,India
2675,United States of America
11619,United Kingdom
11619,United States of America
9982,United States of America
819,United States of America
36669,United Kingdom
387592,United Kingdom
387592,France
290595,United States of America
290595,China
10948,United States of America
4476,United States of America
222935,United States of America
884605,United States of America
375588,United States of America
9741,United States of America
8909,United States of America
980489,United States of America
27581,United States of America
49822,United States of America
46853,Italy
46853,Germany
1290159,United States of America
1408170,India
415,United States of America
415,United Kingdom
755,United States of America
299054,Bulgaria
299054,France
299054,United States of America
299054,Greece
103663,Denmark
103663,Sweden
9714,United States of America
9325,United States of America
1242011,Australia
1242011,United States of America
1010755,United Kingdom
1010755,United States of America
49524,United States of America
424139,United States of America
1083433,United States of America
61979,Spain
446021,United States of America
154400,United States of America
154400,United Kingdom
68728,United States of America
697843,United States of America
187,United States of America
1301310,United Kingdom
9453,Italy
9453,United States of America
2024,Germany
2024,United States of America
6557,United States of America
881,United States of America
762,United Kingdom
1375441,United States of America
1124142,United Kingdom
1124142,United States of America
1291608,India
724495,Canada
724495,United States of America
1124566,Turkey
1124566,Norway
1124566,France
1124566,Denmark
1124566,Sweden
1124566,Germany
1124566,United Kingdom
33,United States of America
500664,Australia
500664,United States of America
22794,United States of America
13027,Germany
13027,United Kingdom
13027,United States of America
1497970,China
11013,United States of America
1593,United States of America
1593,United Kingdom
1309725,France
1309725,Belgium
1379963,Spain
2649,United States of America
339846,United States of America
375631,Brazil
388,United States of America
503919,Brazil
503919,United States of America
974635,United States of America
20504,United States of America
1232546,United States of America
1567187,Argentina
1567187,New Zealand
602734,United States of America
674324,United Kingdom
674324,United States of America
537996,United States of America
10200,Canada
10200,United States of America
397243,United Kingdom
397243,United States of America
1575337,Japan
12162,United States of America
12162,United Kingdom
158015,France
158015,United States of America
514847,United States of America
429351,United States of America
1319522,Thailand
97367,United States of America
856,United States of America
82695,United Kingdom
82695,United States of America
901362,United States of America
515001,New Zealand
515001,United States of America
431693,United States of America
359940,United Kingdom
359940,United States of America
11635,United States of America
34584,Germany
2119,United States of America
198184,United States of America
1028196,United States of America
20453,India
166666,Germany
297090,Japan
449176,United States of America
68734,United States of America
673593,United States of America
6844,United States of America
263472,Chile
263472,Germany
263472,United States of America
11253,United States of America
11253,Germany
11253,Hungary
11253,United Kingdom
1401459,Romania
1401459,Norway
1401459,France
1401459,Finland
1401459,Denmark
1401459,Sweden
1878,United States of America
1414413,United States of America
44264,United States of America
112160,France
50546,United States of America
1640,United States of America
1640,Germany
480530,United States of America
1923,United States of America
13053,United States of America
43074,United States of America
458423,United Kingdom
458423,United States of America
62213,United States of America
109091,United States of America
109091,United Kingdom
829560,Poland
1358280,United States of America
799882,United States of America
799882,United Kingdom
334074,United Kingdom
334074,United States of America
1268127,South Korea
14128,Japan
14128,United States of America
942,United States of America
1384758,United States of America
9360,Brazil
9360,Peru
9360,United States of America
559969,United States of America
568160,Japan
682,United Kingdom
682,United States of America
391,Germany
391,Italy
391,Spain
638,France
638,United States of America
1242434,United States of America
1242434,Japan
49517,Germany
49517,United Kingdom
49517,France
193893,United States of America
718821,United States of America
262504,United States of America
93685,Netherlands
555604,United States of America
507241,United States of America
507241,United Kingdom
507241,Spain
507241,Hungary
38167,United States of America
648878,United States of America
648878,Finland
766319,United States of America
169,United States of America
429200,United States of America
429200,Luxembourg
39514,United States of America
568620,Canada
568620,Japan
568620,United States of America
634528,United States of America
1830,France
1830,United States of America
1830,Germany
565770,United States of America
1291335,United States of America
12096,United States of America
9100,United States of America
1025802,Germany
58574,United States of America
996821,United States of America
1885,United States of America
4141,United States of America
4141,Canada
9792,France
9792,United States of America
620249,China
2164,United States of America
2164,France
333371,United States of America
786,United States of America
365045,Germany
365045,Switzerland
346910,United States of America
1371,United States of America
399057,United Kingdom
399057,United States of America
399057,Ireland
579974,India
512195,United States of America
820525,United States of America
36643,United Kingdom
11247,United States of America
843527,United States of America
9331,United States of America
10734,United States of America
1587,United Kingdom
1587,United States of America
884,Canada
884,United Kingdom
1050035,Japan
1062807,Japan
9387,United States of America
1103,United Kingdom
1103,Germany
1103,United States of America
531219,Mexico
531219,United Kingdom
531219,United States of America
312221,United States of America
2667,United States of America
205775,Spain
205775,United States of America
205775,Italy
11153,United States of America
804095,United States of America
804095,India
369972,United States of America
9472,United States of America
9472,Germany
767036,Switzerland
41513,United States of America
41513,Belgium
4771,United States of America
1542877,Japan
2330,France
526896,United States of America
371645,New Zealand
371645,United Kingdom
39513,United Kingdom
39513,United States of America
6795,United States of America
766,United States of America
1088166,United States of America
1088166,United Kingdom
27582,United States of America
27582,Germany
10715,United States of America
10715,Germany
9874,United States of America
1568542,France
278924,United States of America
278924,Germany
278924,France
9377,United States of America
300669,United States of America
407436,United Kingdom
407436,United States of America
59436,France
59436,Spain
59436,United States of America
936108,United States of America
1645,United States of America
41264,Italy
617653,United States of America
59,Germany
59,United States of America
15,United States of America
1494060,United Kingdom
826,United Kingdom
57165,United States of America
57165,Spain
74997,Netherlands
12244,Canada
12244,United States of America
405774,United States of America
400928,United Kingdom
400928,United States of America
663712,United States of America
1251636,United States of America
602223,United States of America
448119,China
448119,United States of America
1034716,United States of America
338970,Japan
338970,United States of America
228165,United States of America
8337,United States of America
401469,United Kingdom
401469,United States of America
34544,United Kingdom
34544,United States of America
132232,Canada
132232,Spain
3175,United Kingdom
3175,United States of America
1339588,United Kingdom
1339588,United States of America
965150,United Kingdom
965150,United States of America
9889,United States of America
86834,United States of America
10536,United Kingdom
60308,United States of America
13597,United Kingdom
13597,United States of America
1493859,United States of America
713,Australia
713,France
713,New Zealand
136799,United States of America
10802,United States of America
10802,France
462,United States of America
55721,United States of America
21835,Hong Kong
21835,China
370663,Canada
522681,United States of America
793,United States of America
1581,United States of America
258489,Canada
258489,United Kingdom
258489,United States of America
1098006,United States of America
1098006,United Kingdom
185664,Japan
11969,United States of America
440,United States of America
338967,United States of America
4564,United States of America
207932,United States of America
223702,United States of America
223702,Canada
11012,France
11012,United Kingdom
582,Germany
582,France
676,United States of America
1452,United States of America
116711,United States of America
82675,France
82675,Turkey
82675,United States of America
1013850,Poland
1013850,United States of America
667,United Kingdom
667,United States of America
667,Japan
710,United Kingdom
13207,United States of America
2300,United States of America
581392,South Korea
11778,United Kingdom
11778,United States of America
220289,United Kingdom
220289,United States of America
23437,United States of America
858017,United States of America
36586,United States of America
60304,United States of America
60304,Germany
353491,United States of America
2118,United States of America
10764,United Kingdom
10764,United States of America
9655,United States of America
536554,United States of America
72559,Canada
72559,United States of America
7326,United States of America
338766,United States of America
763215,Spain
763215,United States of America
1592768,Bulgaria
239124,Spain
919912,Brazil
9659,Australia
6637,United States of America
1575207,Indonesia
1198984,Australia
1198984,United States of America
842924,United States of America
1735,United States of America
1735,China
1735,Germany
13811,United Kingdom
13811,United States of America
13811,Australia
72545,United States of America
17431,United Kingdom
17431,United States of America
107846,United Kingdom
107846,United States of America
535581,United States of America
535581,Sweden
535581,Japan
395991,United States of America
271718,United States of America
1103621,Thailand
37710,France
37710,United States of America
34851,United States of America
1966,France
1966,Germany
1966,Netherlands
1966,United Kingdom
1966,United States of America
1966,Italy
11782,Hong Kong
282035,United States of America
527435,United States of America
10140,United Kingdom
10140,United States of America
8645,United States of America
8645,India
63311,Spain
709,Mexico
709,United Kingdom
709,United States of America
9390,United States of America
109439,United States of America
103328,Germany
103328,France
613504,United States of America
758323,United States of America
830,United States of America
9798,United Kingdom
9798,United States of America
11006,United States of America
12101,United States of America
955916,United States of America
136418,United States of America
136418,United Kingdom
799766,Australia
799766,United Kingdom
799766,United States of America
799766,China
799766,Cyprus
9361,United States of America
6341,United States of America
1571101,Spain
388399,Hong Kong
388399,United States of America
72976,United States of America
72976,India
226674,Germany
226674,France
5528,France
5528,Switzerland
346672,United States of America
1370,United States of America
818,United States of America
2454,United States of America
436565,Italy
839033,Japan
839033,New Zealand
839033,United States of America
1153714,United States of America
12133,United States of America
1487,United States of America
9291,United States of America
458305,Belgium
458305,Denmark
458305,Ireland
458305,United States of America
88751,United States of America
513310,United Kingdom
513310,United States of America
1442396,India
37797,Japan
9339,United States of America
3134,France
262024,Cuba
442249,United States of America
97630,United States of America
765,United States of America
11322,United States of America
11322,Japan
929,United States of America
929,Japan
489999,United States of America
250546,United States of America
969492,United States of America
969492,Australia
969492,Czech Republic
19912,United States of America
18857,Hong Kong
18857,Taiwan
758330,United Kingdom
777443,United States of America
13186,Germany
13186,United States of America
11674,United Kingdom
11674,United States of America
10719,United States of America
677179,United States of America
109414,United States of America
597922,United States of America
597922,Thailand
37247,United States of America
938,Germany
938,Italy
938,Spain
9342,United States of America
9342,Germany
4478,United States of America
1087822,United States of America
1087822,Germany
1087822,Bulgaria
1087822,United Kingdom
341013,Germany
341013,Hungary
341013,Sweden
341013,United States of America
64686,Japan
64686,United States of America
64686,United Kingdom
545609,United States of America
428078,New Zealand
428078,United States of America
187017,United States of America
1624,United States of America
604685,Canada
604685,United States of America
39538,United States of America
39538,United Arab Emirates
8922,United States of America
8922,Germany
38985,United States of America
15092,United States of America
1280282,United States of America
1106739,United States of America
1422011,United States of America
365177,United States of America
365177,Luxembourg
10201,United Kingdom
10201,United States of America
934632,United States of America
614917,United States of America
49797,South Korea
714,United Kingdom
4561,Canada
4561,France
4561,Germany
595,United States of America
578701,Canada
578701,United States of America
9352,United States of America
1050390,Japan
399366,Spain
399366,United States of America
38050,United States of America
585245,Canada
585245,United States of America
718833,India
1400837,United States of America
8247,United States of America
76726,United States of America
400617,United States of America
400617,China
44826,United States of America
480414,United States of America
4584,United States of America
1955,United States of America
2123,United States of America
274857,United States of America
274857,United Kingdom
9620,Canada
9620,United States of America
1656,United States of America
6978,United States of America
9273,United States of America
865,United States of America
993710,United States of America
1032892,United States of America
746,China
746,France
746,Italy
746,United Kingdom
1361774,United States of America
266856,United Kingdom
266856,United States of America
8916,United States of America
458723,United States of America
256274,United States of America
137116,China
137116,United States of America
137116,Belgium
1263012,United States of America
1263012,Israel
1263012,Cyprus
1263012,Germany
61930,Italy
20662,United States of America
445571,United States of America
4944,United States of America
4944,United Kingdom
4944,France
3512,United States of America
2770,United States of America
428045,China
428045,Russia
443791,United States of America
339964,France
339964,Germany
339964,United Arab Emirates
339964,United States of America
339964,Belgium
339964,China
719221,United States of America
1440050,United States of America
9702,United States of America
334,United States of America
46529,India
46529,United States of America
449562,Spain
449562,United States of America
1285669,United Kingdom
1285669,United States of America
227159,United States of America
9344,United States of America
516729,United Kingdom
516729,Japan
274854,Canada
274854,Hong Kong
274854,United States of America
77950,United States of America
7445,United States of America
654974,United States of America
387,Germany
22894,United States of America
504056,China
504056,Hong Kong
9495,United States of America
533,United Kingdom
533,United States of America
241239,United Arab Emirates
241239,United States of America
420821,United States of America
484641,France
484641,Guadaloupe
484641,Russia
484641,Serbia
484641,United States of America
1391,Mexico
17903,South Korea
9471,United States of America
9471,Brazil
1029281,United States of America
9362,United States of America
794,United Kingdom
794,United States of America
9437,United States of America
967,United States of America
8452,United States of America
116,United Kingdom
116,United States of America
116,Luxembourg
15371,Japan
50544,United States of America
1900,United States of America
628847,United Kingdom
628847,United States of America
570670,Australia
570670,United States of America
136795,United Kingdom
136795,United States of America
406990,Belgium
406990,France
406990,United States of America
804150,United States of America
1522126,United Kingdom
1522126,United States of America
104,Germany
420634,United States of America
1752100,Mexico
1267,United States of America
1229898,United States of America
614930,Canada
614930,France
614930,United States of America
5689,United States of America
6947,United States of America
228326,United States of America
8963,United States of America
8963,France
68,United Kingdom
68,United States of America
2907,United States of America
316727,France
316727,Japan
316727,United States of America
184345,United States of America
51828,United Kingdom
51828,United States of America
487558,United States of America
482321,United Kingdom
482321,United States of America
2758,United States of America
280217,Canada
280217,United States of America
2698,United States of America
1242501,United States of America
168672,United States of America
23823,Germany
23823,United States of America
23823,Bulgaria
9481,United States of America
201085,United States of America
1205229,Canada
1205229,France
1205229,Belgium
364689,United States of America
986097,United States of America
638974,United States of America
41154,United Arab Emirates
41154,United States of America
4380,United States of America
10501,United States of America
11360,United States of America
9257,United States of America
935,United Kingdom
935,United States of America
8810,Australia
1493,United States of America
9277,United States of America
37686,United States of America
872,United States of America
968,United States of America
149870,Japan
501624,Canada
292431,Belgium
292431,France
292431,Brazil
805,United States of America
556574,United States of America
51739,France
51739,Japan
13510,United Kingdom
9335,France
9335,United States of America
5176,United States of America
1338972,Canada
1239193,United States of America
936,United States of America
9603,United States of America
1272,United Kingdom
2609,United States of America
655,United Kingdom
655,Germany
655,France
1069905,United States of America
1069905,United Kingdom
1367555,Hong Kong
1367555,Malaysia
1367555,Saudi Arabia
1367555,Taiwan
1367555,Italy
10096,United States of America
1287322,United States of America
9003,United Kingdom
9003,United States of America
213,United States of America
747188,United States of America
747188,Germany
1196573,United States of America
8836,United States of America
8836,Canada
254470,United States of America
227,United States of America
1100099,United Kingdom
255709,South Korea
539681,United States of America
539681,Canada
2253,Germany
2253,United States of America
1076364,United States of America
615173,South Korea
1125,United States of America
810693,Japan
927254,United Kingdom
927254,United States of America
87502,United States of America
4513,New Zealand
4513,United States of America
1584,United States of America
619,United States of America
228967,United States of America
7551,United States of America
7551,United Kingdom
1164,France
1164,Mexico
1164,United States of America
737057,South Korea
848326,United States of America
15255,United States of America
15255,Bulgaria
10771,United States of America
792293,United States of America
1268,United Kingdom
1268,France
1268,Germany
1268,United States of America
8848,Australia
8848,United Kingdom
8848,United States of America
86331,France
11351,United States of America
10331,United States of America
2604,United States of America
11187,United States of America
10358,United States of America
117263,United States of America
277217,United States of America
6282,United States of America
277,United States of America
277,United Kingdom
384680,United States of America
14537,Japan
2005,United States of America
346648,France
346648,United Kingdom
16307,United Kingdom
522938,China
522938,United States of America
45317,United States of America
853670,United States of America
7299,United States of America
137094,Russia
137094,United States of America
829,United States of America
8643,United States of America
62835,France
116149,France
116149,United Kingdom
97020,United States of America
138697,United States of America
798286,United States of America
798286,Finland
104226,United States of America
760329,United States of America
324544,Germany
324544,Switzerland
399404,United Kingdom
399404,United States of America
559907,Canada
559907,Ireland
559907,United States of America
2135,United States of America
1010600,United Kingdom
1010600,United States of America
10340,United States of America
9482,United States of America
646097,United States of America
612,United States of America
612,Canada
560016,Canada
560016,Singapore
560016,United States of America
698508,South Africa
698508,United States of America
417555,Brazil
241554,United States of America
241554,Spain
429415,United States of America
18405,United States of America
18405,South Africa
18405,United Kingdom
3981,United States of America
9091,United States of America
171274,United States of America
16363,United States of America
770156,United States of America
22832,United States of America
22832,France
22832,Germany
22832,South Korea
412656,United States of America
412656,Canada
412656,Hong Kong
412656,Luxembourg
1169516,India
114150,United States of America
172760,Hong Kong
1043197,United States of America
1043197,Canada
1043197,Hungary
166424,United Kingdom
166424,Germany
166424,United States of America
501170,United States of America
527641,United States of America
1422096,United States of America
1125257,United States of America
522162,Canada
522162,Hong Kong
522162,United States of America
9904,Canada
9904,United States of America
613868,Brazil
9757,United States of America
12437,United States of America
14306,United States of America
38234,United States of America
38234,Bulgaria
218836,United States of America
10022,United States of America
25,United Kingdom
25,United States of America
530254,Hong Kong
530254,South Korea
4977,Japan
698128,Canada
698128,Finland
698128,United States of America
698128,United Kingdom
1548113,United States of America
34813,United States of America
34813,France
1040148,United States of America
9056,Hong Kong
188927,United States of America
37430,United States of America
11430,United States of America
136797,India
136797,United States of America
1278101,China
705996,South Korea
97698,Japan
1380316,United States of America
388375,Brazil
30484,Italy
30484,United States of America
212778,United States of America
112205,France
112205,United States of America
16320,United States of America
1398,Soviet Union
9374,United States of America
592831,United States of America
8845,France
8845,United States of America
437557,United States of America
9543,United States of America
18334,Japan
37264,United States of America
484247,Canada
484247,United States of America
8960,United States of America
372343,Sweden
372343,United Kingdom
372343,United States of America
9383,Germany
9383,United States of America
22744,United States of America
839369,United States of America
20116,Israel
1106289,United States of America
877269,United States of America
3170,United States of America
75174,United Kingdom
75174,United States of America
657654,South Korea
846422,United States of America
423204,United States of America
287948,France
287948,Belgium
287948,China
381283,United States of America
8839,United States of America
587,United States of America
123725,United States of America
51540,United States of America
870360,United States of America
379149,China
379149,India
379149,United Kingdom
379149,United States of America
379149,Switzerland
763285,United States of America
763285,Japan
8536,United Kingdom
8536,United States of America
1036081,India
840326,Finland
840326,United Kingdom
840326,United States of America
1255,South Korea
1491902,Thailand
25237,Soviet Union
10543,United States of America
4176,United Kingdom
296099,United States of America
369885,China
369885,United States of America
369885,United Kingdom
369885,Spain
11713,Hong Kong
21208,United States of America
31011,Belgium
31011,Canada
31011,France
31011,Germany
356305,United States of America
1248832,United States of America
9008,United States of America
11774,United States of America
1710886,Philippines
2019,United States of America
37735,United States of America
990140,China
990140,Hong Kong
7459,United States of America
1023922,United States of America
329505,Italy
15472,Denmark
15472,Germany
15472,Norway
15472,Sweden
10995,France
10995,United Kingdom
10995,Vietnam
678512,United States of America
891621,United Kingdom
891621,United States of America
11130,United States of America
9772,United States of America
305470,United States of America
305470,Hong Kong
11690,United States of America
11690,Hong Kong
668489,United Kingdom
668489,United States of America
1314786,Spain
1205515,United States of America
1205515,France
1205515,Spain
9072,United States of America
9767,United States of America
8292,United States of America
35739,United States of America
524369,United States of America
1447971,China
331313,United States of America
1542,United States of America
1246,United States of America
44943,United States of America
1012201,Japan
9595,United States of America
12493,Japan
1723460,United Kingdom
43539,United States of America
12113,United States of America
497828,Denmark
497828,France
497828,Germany
497828,Greece
497828,Mexico
497828,Sweden
497828,Switzerland
497828,Turkey
497828,United Kingdom
497828,United States of America
9276,United States of America
200727,United Kingdom
200727,Germany
1102493,Belgium
1102493,Ireland
1102493,United States of America
583,United Kingdom
492188,United Kingdom
13885,United Kingdom
13885,United States of America
253,United Kingdom
9477,Ireland
9477,United Kingdom
9477,United States of America
1716513,United States of America
1208348,United States of America
1071640,Hong Kong
385128,United States of America
1700944,Philippines
9986,Germany
9986,United States of America
6075,United States of America
10607,United States of America
97370,United Kingdom
97370,United States of America
97370,Switzerland
10204,United States of America
10204,Germany
10204,Ireland
10204,United Kingdom
296524,United States of America
296524,Hong Kong
710295,United States of America
11636,Hong Kong
11636,China
317442,Japan
1623740,China
13387,France
13387,United States of America
1428,United States of America
1428,Mexico
899112,Canada
899112,United States of America
284,United States of America
661539,United States of America
1441228,India
9679,United States of America
69,Germany
69,United States of America
4147,United States of America
1259,United Kingdom
1259,United States of America
446791,Italy
446791,United States of America
556984,United States of America
943,United States of America
283566,Japan
9319,United States of America
614934,Australia
614934,United States of America
1451078,India
662707,United States of America
4258,United States of America
68737,China
68737,Canada
68737,United States of America
68737,United Kingdom
1588,United States of America
9567,United States of America
744653,United States of America
291870,United States of America
291870,Germany
3597,United States of America
2163,United States of America
10439,United States of America
897087,United States of America
897087,United Kingdom
61012,Canada
61012,France
61012,Japan
11005,United States of America
1498,Hong Kong
1498,United States of America
1088434,United States of America
975511,Greece
975511,Italy
975511,United Kingdom
975511,France
241,United States of America
11045,France
11045,United States of America
10014,United Kingdom
10014,United States of America
631842,United States of America
631842,China
631842,Japan
634,Ireland
634,United States of America
634,France
634,United Kingdom
9397,United States of America
7214,Germany
7214,United States of America
165213,South Korea
1309083,United States of America
7484,United States of America
14873,United States of America
12123,United States of America
8321,United Kingdom
8321,United States of America
1832,United States of America
8920,United States of America
37169,Netherlands
9593,United States of America
9705,United States of America
9486,United Kingdom
795514,United States of America
10234,Austria
37958,United States of America
1327688,United States of America
1327688,Canada
744857,Argentina
744857,United States of America
665760,Croatia
665760,Switzerland
1300968,United States of America
1300968,Germany
419329,South Korea
1035048,United States of America
581726,United States of America
1532610,United Kingdom
1532610,United States of America
19,Germany
4806,United States of America
804,United States of America
1694978,United States of America
1694978,Malta
72784,United States of America
72784,Belgium
267860,United States of America
267860,United Kingdom
267860,Bulgaria
267860,India
11453,United States of America
418578,Hong Kong
394117,United States of America
1010756,United Kingdom
1010756,United States of America
699,United Kingdom
699,United States of America
397567,South Korea
134,France
134,United Kingdom
134,United States of America
820609,United States of America
80785,Brazil
1411773,United States of America
1411773,Canada
1411773,United Kingdom
1411773,Finland
14442,Ireland
14442,United Kingdom
1005331,United States of America
490,Sweden
19543,United States of America
19543,Romania
451915,United States of America
71672,Germany
71672,United States of America
71672,Canada
556694,Australia
556694,China
556694,United Kingdom
664413,Poland
314095,United States of America
314095,Northern Ireland
9614,United States of America
338952,United Kingdom
338952,United States of America
21484,France
21484,Germany
1481955,Taiwan
514999,United States of America
4192,United Kingdom
59859,United Kingdom
59859,United States of America
1602727,Hong Kong
964980,United States of America
964980,Hong Kong
1752159,United States of America
335777,Canada
335777,South Korea
335777,United States of America
309809,France
309809,Italy
309809,Canada
522478,Australia
522478,United States of America
18360,United States of America
395990,United States of America
109451,United States of America
7350,United States of America
308548,United States of America
846,United States of America
613,Austria
613,Germany
613,Italy
9946,United States of America
14784,United States of America
1341137,United States of America
1299655,Ireland
1299655,United States of America
826510,United States of America
1267905,United Kingdom
1267905,United States of America
9411,United States of America
13494,United States of America
13494,Bulgaria
274870,United States of America
1556616,Turkey
437342,United States of America
856289,China
188222,United States of America
977942,Germany
977942,United Kingdom
977942,United States of America
10398,Germany
10398,United States of America
57212,United States of America
57212,India
442062,United States of America
13523,United States of America
4234,United States of America
1293550,India
622,Spain
622,France
36095,Japan
1630,United States of America
1241983,United States of America
17979,United States of America
378236,United States of America
1290879,United Kingdom
44048,United States of America
44048,United Kingdom
11621,Japan
1111873,United States of America
333669,France
333669,United Kingdom
333669,United States of America
438650,France
438650,Norway
438650,United States of America
957119,Canada
8814,Czech Republic
8814,Germany
8814,United Kingdom
8814,United States of America
257088,Germany
257088,United States of America
11371,Germany
11371,United States of America
1125899,United Kingdom
4909,France
4909,United Kingdom
345911,United States of America
869548,Indonesia
570595,Russia
340666,United States of America
340666,China
340666,United Kingdom
347847,United States of America
635910,Germany
635910,India
635910,United Kingdom
635910,United States of America
1291659,France
1291659,United Kingdom
1291659,United States of America
807172,United States of America
253412,Iceland
253412,United Kingdom
253412,United States of America
660,United Kingdom
503736,United States of America
100042,United States of America
4553,Spain
11954,United Kingdom
11954,United States of America
1907,United Kingdom
509967,United States of America
509967,Canada
509967,United Arab Emirates
509967,Italy
509967,Hungary
509967,Uzbekistan
9594,United States of America
600583,Australia
600583,Canada
600583,New Zealand
600583,United Kingdom
28322,Italy
1581366,Philippines
60935,United States of America
842675,China
458428,Argentina
2268,United Kingdom
2268,United States of America
1272149,United States of America
1272149,United Kingdom
1272149,France
293767,China
293767,United Kingdom
293767,United States of America
1409853,United States of America
447200,Japan
447200,United States of America
9354,United States of America
773,United States of America
1283515,United States of America
550205,United States of America
550205,China
550205,Czech Republic
12207,Hong Kong
627725,United States of America
487339,Brazil
11565,Switzerland
11565,United States of America
836919,United States of America
836919,Canada
481084,Canada
481084,United States of America
338803,South Korea
17899,Spain
48138,United States of America
48138,United Kingdom
48138,France
48138,Germany
8874,United States of America
744276,United States of America
372962,Japan
9619,United States of America
8697,Hong Kong
667520,Japan
1598,United States of America
357547,Germany
18487,United Kingdom
18487,United States of America
547016,United States of America
71552,United States of America
457332,China
457332,United States of America
457332,Thailand
9522,United States of America
10068,United States of America
465914,United States of America
1284016,Ireland
1284016,United States of America
8769,United States of America
263354,Italy
339527,United States of America
23629,United States of America
256835,United States of America
181283,United States of America
379536,France
1729,China
1729,Hong Kong
1729,United States of America
7516,France
7516,United Kingdom
7516,United States of America
125509,Germany
125509,United States of America
125509,Bulgaria
27576,United States of America
13363,United States of America
1992,United States of America
1017163,South Korea
12106,United States of America
12106,Japan
610253,United States of America
1576,Canada
1576,France
1576,Germany
1576,United Kingdom
1278950,United States of America
9473,United States of America
399170,United States of America
47327,United States of America
9341,United States of America
9341,Canada
9341,Germany
1645603,United States of America
10907,United States of America
10982,United States of America
1094138,United States of America
1333100,Japan
460885,United Kingdom
460885,United States of America
460885,Belgium
862163,India
542178,United States of America
542178,Germany
1033148,United States of America
50727,South Korea
323260,Hong Kong
400160,United States of America
400160,France
400160,Canada
1443894,New Zealand
592834,United States of America
592834,Canada
1633056,China
280180,United States of America
984,United States of America
399360,Canada
399360,United States of America
399360,China
1118031,Spain
10428,United States of America
11283,France
11283,United Kingdom
11283,United States of America
1125510,Spain
936245,South Korea
15370,Japan
72387,India
72387,United States of America
503,United States of America
656908,India
544401,United States of America
10897,United States of America
1377676,Finland
458376,Japan
2757,United States of America
421892,United States of America
511642,South Korea
618162,United States of America
49017,United States of America
1627824,Canada
630940,Japan
6145,Germany
6145,United States of America
210860,United States of America
349092,Japan
730028,Sweden
730028,Germany
923,Italy
923,United States of America
9315,United States of America
334533,United States of America
313534,Brazil
833425,United States of America
10404,China
10404,Hong Kong
10404,Taiwan
10141,United States of America
41402,Sweden
41402,United Kingdom
41402,United States of America
433808,Canada
433808,United Kingdom
433808,United States of America
446807,Germany
446807,United Kingdom
446807,United States of America
3050,United States of America
82700,United States of America
199,United States of America
1087388,Australia
1087388,United Kingdom
1087388,United States of America
1326106,Japan
2064,United States of America
1131759,South Korea
4858,United States of America
329996,United States of America
62215,Denmark
62215,France
62215,Germany
62215,Sweden
1272166,Germany
1272166,United Kingdom
51608,South Korea
616820,United States of America
576004,United States of America
11967,United States of America
10228,Japan
94329,Indonesia
94329,France
94329,United States of America
535292,United States of America
535292,China
134374,United States of America
1597,United States of America
696026,South Korea
758866,Japan
1704090,United States of America
353208,Italy
1693400,United States of America
1693400,Mexico
1321179,South Korea
13700,United States of America
451,France
451,United Kingdom
1064486,Australia
11824,United States of America
9994,United States of America
1180831,Norway
657,United Kingdom
816,Germany
816,United States of America
658,United Kingdom
658,United States of America
508965,Spain
820067,Japan
10774,United States of America
774752,United States of America
4512,Canada
4512,United Kingdom
4512,United States of America
723562,South Korea
3782,Japan
71578,Mexico
1430248,United States of America
837881,United States of America
96,United States of America
8856,United States of America
795,United States of America
795,Germany
345938,Canada
345938,Hong Kong
345938,United States of America
342473,Canada
342473,France
1634,United States of America
1634,France
347375,China
347375,Colombia
347375,United States of America
9313,United States of America
9313,United Kingdom
1913,Spain
1913,France
1913,Italy
57201,United States of America
617,United States of America
11827,Canada
1368881,United States of America
82703,United States of America
9559,United States of America
24803,United States of America
639,United States of America
9631,Germany
9631,United States of America
1000837,Brazil
1000837,France
9326,United States of America
9312,United States of America
1196470,France
58431,United Kingdom
58431,United States of America
858,United States of America
23398,United States of America
170687,United States of America
995133,United Kingdom
995133,United States of America
3112,United States of America
507244,United States of America
507244,United Kingdom
9444,United States of America
186,Canada
186,Germany
186,United Kingdom
186,United States of America
87516,United States of America
567189,United States of America
1097870,United States of America
479718,South Korea
55,Mexico
164,United States of America
218043,Canada
218043,United States of America
425001,United States of America
10054,United States of America
455980,United States of America
928344,United States of America
614560,United States of America
533514,Japan
46581,France
8584,United States of America
8584,Hong Kong
409,United Kingdom
409,United States of America
77174,United States of America
24253,Denmark
24253,Germany
24253,Sweden
2291,United States of America
1324842,India
9610,United States of America
470,United States of America
460793,United States of America
11932,United States of America
302699,United States of America
302699,China
456740,Bulgaria
456740,United States of America
456740,France
532408,United States of America
1627792,Philippines
87818,United States of America
77931,United States of America
77931,Canada
77931,Belgium
376865,France
376865,Germany
376865,Poland
376865,United Kingdom
376865,United States of America
87421,United States of America
87421,Canada
1217584,Spain
1724072,Australia
9378,United States of America
1241470,United States of America
646389,United Kingdom
646389,United States of America
9316,Thailand
9316,Hong Kong
9316,France
491584,South Korea
491584,Japan
195589,United States of America
18501,United States of America
192,France
192,Germany
192,Italy
261776,Argentina
420808,United States of America
49520,United States of America
560057,United States of America
1237810,Thailand
1079485,United Kingdom
23169,United States of America
1422562,United States of America
1139829,United States of America
1364958,United Kingdom
11199,United States of America
645886,Germany
645886,United Kingdom
645886,United States of America
366672,Canada
366672,China
366672,United Kingdom
366672,United States of America
693,United States of America
628900,United Kingdom
628900,United States of America
1161617,United States of America
10327,United States of America
9907,United States of America
9907,Germany
17609,Denmark
17609,France
17609,Germany
17609,Italy
17609,Poland
17609,Sweden
2899,France
2899,Germany
434203,Canada
434203,United States of America
1431068,India
1584072,Canada
20048,United States of America
1160360,United States of America
1456349,Iran
1456349,France
1456349,Luxembourg
537061,United States of America
19901,United States of America
19901,Australia
708,United Kingdom
708,United States of America
1443,United States of America
9408,United States of America
14411,United States of America
3563,United States of America
802,United Kingdom
802,United States of America
22947,United States of America
474395,United States of America
1214140,Japan
1214140,Singapore
1214140,Germany
1214140,United Kingdom
1214140,United States of America
398181,United Kingdom
398181,France
274167,United States of America
2280,United States of America
9598,Australia
9598,United States of America
355547,United States of America
371893,Iraq
371893,Norway
258230,Spain
258230,United States of America
8068,United States of America
15019,United States of America
1633263,Philippines
791523,United States of America
76640,United States of America
1048241,United States of America
1048241,South Africa
1048241,Italy
1083862,Japan
49021,Australia
49021,United States of America
49021,United Kingdom
49021,Morocco
49021,France
10214,Germany
10214,United States of America
10312,United States of America
632357,United States of America
9398,United States of America
11583,United Kingdom
11583,United States of America
11459,United States of America
207947,Japan
823482,United States of America
9285,United States of America
1236470,United States of America
389015,United States of America
389015,United Kingdom
389015,Qatar
1326891,India
492,United States of America
581389,South Korea
10648,United States of America
152532,United States of America
13455,Canada
13455,United States of America
258480,United Kingdom
258480,United States of America
847,United States of America
14804,Switzerland
1479832,India
431,Canada
1691,United States of America
1691,Czech Republic
323675,United States of America
681,United Kingdom
1288220,United States of America
1288220,India
511987,Serbia
511987,United States of America
1492640,United States of America
280996,United Kingdom
280996,United States of America
1168719,France
1168719,Germany
1168719,Hungary
1168719,China
1168719,Belgium
22164,United States of America
955555,South Korea
17111,Thailand
586707,United States of America
1147416,France
961268,South Korea
1375,United States of America
9343,Germany
9343,Peru
811703,United Kingdom
1266798,France
1266798,Belgium
8488,United States of America
1424965,Finland
1424965,Greece
664236,China
664236,United Kingdom
664236,United States of America
133805,United States of America
1075175,United Kingdom
1075175,Greece
1075175,France
1075175,Belgium
1195506,United States of America
13971,France
13971,United Kingdom
13971,United States of America
1646,Germany
1646,United States of America
585032,South Korea
10357,United States of America
23056,Canada
23056,France
23056,Spain
11906,Italy
339692,United States of America
1405338,Japan
105819,Hong Kong
70670,Germany
70670,Denmark
70670,Norway
70670,Sweden
593,Soviet Union
646683,United States of America
921,United States of America
520758,United Kingdom
846433,United States of America
8065,United States of America
8065,United Kingdom
3114,United States of America
785542,Germany
785542,United Kingdom
785542,France
536437,United Kingdom
536437,United States of America
642,United States of America
11319,United States of America
51162,United States of America
10779,New Zealand
10779,United States of America
303991,United States of America
1016084,Canada
1016084,United States of America
1016084,Finland
601666,United Kingdom
601666,United States of America
531309,United States of America
9036,Germany
9036,United Kingdom
9036,United States of America
4442,United States of America
71859,United Kingdom
71859,United States of America
980026,Denmark
980026,Germany
980026,Sweden
1104845,United States of America
33217,United Kingdom
33217,United States of America
334543,Australia
334543,United Kingdom
334543,United States of America
9913,Germany
9913,United States of America
1401778,United States of America
1401778,United Kingdom
257445,United States of America
1228834,United States of America
2039,United States of America
11237,United States of America
3509,United States of America
3034,United States of America
440021,United States of America
1049471,United States of America
337772,Soviet Union
77016,United States of America
791177,Italy
791177,United States of America
1381,United States of America
11667,Australia
11667,Japan
11667,Thailand
11667,United States of America
11667,Hong Kong
416477,United States of America
641,United States of America
2022,United States of America
7347,Brazil
569547,United Kingdom
579583,United States of America
1484573,Spain
17379,United States of America
10950,United States of America
10950,Germany
1155281,China
9651,United Kingdom
9651,United States of America
37137,United States of America
1352874,United Kingdom
458576,China
458576,Germany
458576,Japan
458576,Canada
540901,United States of America
86838,United Kingdom
86838,United States of America
10521,United States of America
71668,United States of America
2623,United States of America
8978,United States of America
8978,France
8978,Canada
11622,United States of America
30157,France
30157,United Kingdom
30157,United States of America
9600,Germany
9600,United States of America
13688,Hong Kong
11015,Germany
11015,Japan
11015,United Kingdom
11015,United States of America
11451,United States of America
776305,Japan
1297446,United States of America
1654313,Japan
11186,United States of America
9833,United Kingdom
108258,United States of America
9289,United States of America
11249,United States of America
9778,United States of America
11212,United States of America
12201,United Kingdom
12201,United States of America
325133,United States of America
475,United States of America
2001,United States of America
517909,United States of America
609,United States of America
97,United States of America
11527,United Kingdom
11527,United States of America
18126,United States of America
10003,United States of America
10003,Russia
10098,United States of America
210203,Canada
581734,United States of America
55931,Japan
55931,United States of America
55931,South Korea
481848,United States of America
15301,United States of America
252838,United States of America
8456,United States of America
1182047,United States of America
1182047,United Kingdom
1182047,Denmark
1182047,Ireland
1182047,Canada
1182047,Sweden
154,United States of America
663870,Denmark
663870,Sweden
8470,United States of America
47964,United States of America
1107166,United States of America
1107166,Germany
1592203,Sweden
11675,United States of America
196867,United States of America
1688804,United States of America
823452,United States of America
1392796,United States of America
1392796,Canada
9322,France
9322,Italy
83899,United Kingdom
83899,United States of America
850165,United Kingdom
850165,United States of America
1109505,Ethiopia
602269,United States of America
9407,United States of America
1057491,Russia
1476682,United States of America
14926,United States of America
424781,United States of America
3558,United States of America
1128879,Spain
8843,United States of America
8843,Germany
1293167,United States of America
1293167,United Kingdom
6964,United States of America
18892,United States of America
1636,Germany
1636,United States of America
150,United States of America
207933,United States of America
9954,United States of America
9876,United States of America
2043,Canada
2043,United States of America
1946,Canada
1946,United Kingdom
1946,France
306,United States of America
10514,United States of America
336882,Norway
891699,United States of America
6950,United States of America
1844,United Kingdom
1844,United States of America
1741598,Argentina
554230,Greece
554230,Israel
554230,United Kingdom
554230,United States of America
43593,United States of America
313922,United States of America
9350,France
9350,Italy
9350,United States of America
9350,Japan
11808,United States of America
1725,United States of America
402897,Belgium
402897,Canada
402897,France
402897,United Kingdom
402897,United States of America
1588860,Philippines
9349,United States of America
9349,France
19959,United States of America
9078,United States of America
4148,United Kingdom
4148,United States of America
9550,China
9550,Hong Kong
403,United States of America
403,United Kingdom
501979,Bahamas
501979,United States of America
1008409,United States of America
11596,United States of America
19173,Spain
1451867,United States of America
1451867,Namibia
1451867,Angola
1632473,Philippines
553604,United Kingdom
553604,United States of America
225574,France
225574,United Kingdom
225574,United States of America
543831,South Korea
10474,United States of America
13655,United States of America
9314,United Kingdom
900667,Japan
1027073,Belgium
1027073,France
1027073,Ireland
1027073,Switzerland
1027073,United States of America
816904,Spain
227549,France
9334,United States of America
9334,Germany
1429520,United States of America
1429520,Canada
2654,United States of America
632856,United States of America
11051,United States of America
11051,Canada
499191,Japan
83666,United States of America
458594,China
458594,United States of America
16866,Spain
16866,United Kingdom
648579,United States of America
39013,United States of America
682012,France
34016,United States of America
1574,United States of America
809140,United States of America
10057,United States of America
10057,Austria
1325678,United States of America
59961,United States of America
1390154,Spain
1754942,Brazil
23082,United States of America
13056,Canada
13056,Germany
13056,United States of America
1432631,India
8095,United Kingdom
8095,United States of America
15070,United States of America
15070,Germany
12481,Hong Kong
12481,Thailand
1361982,Australia
1659389,Japan
535167,China
970347,Canada
970347,United States of America
1678844,France
1159311,Japan
49730,Canada
49730,United States of America
45772,United Kingdom
45772,United States of America
45772,Canada
13460,Germany
13460,United Kingdom
13460,United States of America
13460,South Africa
62764,United States of America
500840,United States of America
1151272,Spain
1151272,France
11330,Denmark
838240,France
838240,Spain
1489187,Russia
25793,United States of America
2924,United States of America
877703,United States of America
12476,United States of America
672741,France
672741,United States of America
12139,United States of America
824,Australia
824,United States of America
1507275,Canada
59108,United States of America
698779,South Korea
888,United States of America
36670,United Kingdom
36670,United States of America
632727,United States of America
13374,United States of America
13374,Canada
7461,United States of America
7461,Mexico
7461,Spain
4552,South Korea
26388,Spain
26388,United States of America
26388,France
26388,United Kingdom
290512,United States of America
214,United States of America
68730,Mexico
68730,Taiwan
68730,United States of America
860,United States of America
192102,France
192102,United States of America
866463,United States of America
709631,United States of America
1139087,United States of America
288036,United States of America
267193,United Kingdom
267193,United States of America
399035,United States of America
399035,France
399035,Spain
976734,United Kingdom
976734,United States of America
365942,China
365942,United States of America
10796,United States of America
172,United States of America
268531,United States of America
6068,United States of America
258509,United States of America
249070,United Kingdom
249070,United States of America
10153,United States of America
74308,United States of America
64328,United States of America
13192,United States of America
121734,France
121734,Spain
1412,United States of America
1304434,China
175112,United States of America
646315,South Korea
287598,Hungary
301,United States of America
1715,United States of America
438674,Canada
438674,United Kingdom
438674,United States of America
768362,United States of America
12144,United States of America
12144,Ireland
50348,United States of America
192141,Thailand
192141,United States of America
1090,United States of America
1061699,United States of America
10189,United States of America
1140535,United States of America
7978,United States of America
521777,United States of America
51052,United Kingdom
51052,United States of America
455207,United States of America
455207,Hong Kong
29363,China
29363,Hong Kong
298312,United States of America
11321,United States of America
855435,United States of America
1283671,Canada
1219548,Germany
1535,France
1535,Germany
1535,Japan
1535,United States of America
645788,Bulgaria
645788,Romania
645788,United Kingdom
645788,United States of America
254904,United Kingdom
254904,United States of America
3093,Germany
3093,Spain
3093,United Kingdom
3093,United States of America
10835,Hong Kong
1491,United States of America
294963,United States of America
294963,United Kingdom
1378,United States of America
1378,Netherlands
30112,China
30112,France
26973,United States of America
138,United States of America
902,France
902,Germany
902,Spain
902,United Kingdom
41283,United States of America
4918,United Kingdom
9967,United States of America
10316,United States of America
1406657,Japan
1406657,United States of America
224141,United States of America
10603,United States of America
22804,United States of America
80,United States of America
937249,Czech Republic
937249,United States of America
10495,United States of America
1354959,South Korea
1101448,United States of America
227973,United States of America
357057,Spain
830788,United States of America
1088514,Spain
532639,United States of America
82633,United States of America
60898,Hong Kong
9428,United States of America
10623,United States of America
760741,Iceland
760741,United States of America
760741,Japan
760741,South Africa
298094,Hong Kong
13813,United States of America
1560681,Poland
103731,United States of America
1059064,United States of America
10381,United Kingdom
928,United States of America
79218,United States of America
58857,Japan
58857,United Kingdom
15080,Japan
1904,United States of America
1904,Japan
1654516,India
691,United Kingdom
691,United States of America
23827,United States of America
644583,United States of America
644583,United Kingdom
11503,United States of America
11503,Haiti
11503,Dominican Republic
62214,United States of America
1745392,Brazil
567748,United States of America
285783,United States of America
1825,United States of America
11886,United States of America
308624,South Korea
173,United States of America
1086260,United States of America
10377,United States of America
1328803,Philippines
1328803,United States of America
8274,United States of America
531876,United States of America
462768,United States of America
9399,United States of America
10061,United States of America
1139377,United States of America
1677,United States of America
10030,United States of America
1632,United States of America
532865,United Kingdom
197796,France
197796,Germany
8840,United States of America
2636,United States of America
1911,United States of America
9013,United States of America
9584,United States of America
9584,United Kingdom
360814,India
109421,United States of America
8326,United States of America
12242,United States of America
756,United States of America
9800,United States of America
12180,United States of America
123553,Canada
123553,Germany
123553,United Kingdom
123553,United States of America
1522690,United Kingdom
1522690,Ireland
1522690,France
1522690,United States of America
1685882,India
1064307,Norway
9879,United States of America
9671,Australia
977294,United States of America
977294,United Kingdom
504253,Japan
1249213,United States of America
1249213,Ireland
11541,Australia
11541,United States of America
18311,Hong Kong
9955,United States of America
649609,United States of America
10313,United Kingdom
10313,United States of America
14976,United States of America
1465887,Japan
522402,United States of America
522402,India
502416,United States of America
1634949,United States of America
10497,France
10497,United Kingdom
433498,Czech Republic
433498,Malta
433498,Serbia
433498,Spain
433498,United States of America
1523,United States of America
1523,United Kingdom
1403836,Australia
1403836,United Kingdom
1149504,United Kingdom
1149504,United States of America
703,United States of America
34647,France
34647,Germany
34647,Italy
396371,United States of America
592695,Sweden
592695,France
592695,Netherlands
923667,China
923667,Hong Kong
1817,United States of America
1547,United States of America
395,Czech Republic
395,Germany
395,United Kingdom
395,United States of America
52449,United States of America
68722,United States of America
11072,United States of America
591274,United States of America
11286,United States of America
11286,Hong Kong
136400,United States of America
24238,Australia
9506,United States of America
46838,Canada
46838,United States of America
5994,United States of America
9348,United States of America
1432547,Japan
626332,United States of America
206961,Soviet Union
206961,Latvia
449459,United Kingdom
449459,United States of America
7303,United States of America
34653,United States of America
1092,United Kingdom
1124619,United States of America
1124619,Cyprus
817758,United States of America
2897,United Kingdom
948713,United Kingdom
6538,Germany
6538,United States of America
11850,United States of America
646207,Canada
646207,United States of America
1934,United States of America
71688,United Kingdom
10586,Germany
10586,United States of America
46705,United States of America
668,United Kingdom
668,United States of America
663,United States of America
10731,United States of America
11474,United States of America
172226,Hungary
172226,Serbia
172226,United States of America
1751823,France
1751823,Morocco
11412,United States of America
11412,Canada
452026,Mexico
11660,United Kingdom
11660,United States of America
1757000,Philippines
42188,United Kingdom
42188,United States of America
9691,United States of America
440471,China
440471,United Kingdom
440471,United States of America
546121,United States of America
455476,United States of America
455476,Japan
455476,Hungary
455476,Croatia
144,Germany
144,France
21542,United States of America
937941,United States of America
937941,Belgium
1247,United States of America
1247,France
10601,United Kingdom
10601,United States of America
10601,Australia
933131,South Korea
431580,China
431580,United States of America
2133,United States of America
1088548,Spain
1690,United States of America
1690,Czech Republic
1457866,United Kingdom
1457866,United States of America
518068,South Korea
1072342,United States of America
926670,United States of America
575299,Russia
2277,Germany
2277,United States of America
473,United States of America
25195,Ireland
25195,United States of America
501907,China
501907,United States of America
1637319,United States of America
594347,France
387810,South Korea
1383233,Kyrgyz Republic
1383233,Malaysia
415842,Hong Kong
415842,United States of America
303857,Japan
7840,United States of America
7840,South Africa
9896,Canada
9896,United States of America
85889,Belgium
85889,Germany
85889,Sweden
85889,United Kingdom
85889,United States of America
912908,United States of America
9869,United States of America
1887,Japan
1887,United States of America
1887,France
219,Spain
1514125,South Korea
15789,Australia
15789,Canada
15789,France
15789,United States of America
606234,United Kingdom
606234,Hungary
606234,United States of America
289325,Poland
123,United Kingdom
123,United States of America
123,Spain
664469,United States of America
9906,United States of America
20789,United States of America
3525,United States of America
79871,Hong Kong
1173558,Brazil
298250,United States of America
1511057,United States of America
1550797,Canada
1550797,United States of America
10539,United States of America
19186,United States of America
1425045,Germany
8277,United States of America
8277,Canada
332210,United States of America
188161,United States of America
1289936,United Kingdom
1289936,United States of America
820,United States of America
820,France
9801,United Kingdom
9801,United States of America
9801,France
3090,United States of America
560210,South Korea
2112,United States of America
2255,United States of America
449574,Japan
9279,United States of America
155084,United States of America
242828,Japan
1064497,Canada
2662,United States of America
4421,United Kingdom
4421,United States of America
11587,United States of America
1754278,Sweden
130150,United States of America
10393,United States of America
207768,United States of America
14412,United States of America
1465557,United States of America
21032,United States of America
21032,United Kingdom
1198654,United Kingdom
1198654,United States of America
10610,Hong Kong
10610,United States of America
1297763,Japan
1297763,United States of America
351460,United States of America
454992,United States of America
2288,United Kingdom
2288,United States of America
11238,United States of America
1216191,Ireland
1216191,United States of America
1571470,United States of America
1571470,Poland
16113,United States of America
1273,Hong Kong
1273,United States of America
2157,United States of America
9493,United States of America
1128650,China
1128650,Hong Kong
48171,United States of America
48171,Hungary
17610,United States of America
441282,Canada
441282,United Kingdom
441282,United States of America
913,United States of America
17824,United States of America
650,United States of America
1685,United States of America
9838,United States of America
329833,United States of America
329833,Italy
1726603,Japan
1965,United States of America
401951,Brazil
556678,United Kingdom
50476,South Korea
940139,United States of America
11814,United States of America
9665,United States of America
1086268,Serbia
10823,United States of America
9053,Germany
9053,United Kingdom
9053,United States of America
413114,Spain
8699,United States of America
8271,United States of America
504949,Australia
504949,United States of America
8224,Germany
8224,United States of America
502033,United States of America
8698,Germany
8698,United States of America
16219,United States of America
10922,France
10922,Germany
10922,United States of America
597891,United States of America
597891,Japan
22972,United States of America
22972,France
22972,Spain
22972,United Kingdom
22972,Japan
11838,Japan
459992,United States of America
630240,Belgium
630240,France
1261825,United States of America
734724,Spain
734724,Italy
734724,Peru
702,United States of America
10559,United States of America
843352,United States of America
972230,United States of America
373219,Mexico
345922,United States of America
1493310,United States of America
26877,Hong Kong
476926,Spain
476926,United Kingdom
476926,United States of America
1401281,United States of America
1401281,United Kingdom
1401281,Sweden
1401281,Cyprus
1401281,Hungary
28032,United States of America
28032,Ireland
66,United States of America
542224,Canada
542224,United States of America
10229,United States of America
4133,United States of America
715756,Japan
14174,Canada
1620,France
1620,United States of America
1620,United Kingdom
1620,Turkey
301337,United States of America
5549,United States of America
625568,United States of America
625568,United Kingdom
381719,Australia
381719,United States of America
157851,Canada
157851,United States of America
157851,France
157851,Germany
322488,Germany
322488,Estonia
322488,Finland
978592,United States of America
978592,Australia
65057,United States of America
399361,United States of America
1642859,United Kingdom
1642859,United States of America
1608445,Malaysia
50359,United States of America
401478,United States of America
401478,Bulgaria
297222,India
12146,United States of America
65086,Canada
65086,United Kingdom
13252,United States of America
765897,United States of America
12102,United States of America
780609,United Kingdom
780609,United States of America
9725,United States of America
848187,France
848187,Germany
848187,United States of America
982932,United States of America
522241,United Kingdom
522241,United States of America
40264,United States of America
1970,United States of America
376659,United States of America
376659,China
579,United States of America
27573,United States of America
1300116,Germany
16871,United States of America
375366,United Kingdom
9618,United States of America
9032,United States of America
1788,United States of America
9626,United States of America
9676,United States of America
9676,France
9676,Germany
400157,Spain
400157,United States of America
1381202,Canada
44040,United States of America
353616,United States of America
644495,Canada
644495,United States of America
134411,United Arab Emirates
134411,United States of America
134411,United Kingdom
1056360,United States of America
590,United Kingdom
590,United States of America
149871,Japan
109689,Spain
5680,United States of America
1538497,United States of America
987686,United States of America
483906,Germany
483906,United States of America
403300,Germany
403300,United States of America
98567,China
98567,Hong Kong
650783,United States of America
774531,United States of America
12556,United States of America
618344,United States of America
833326,Belgium
833326,France
301365,United States of America
301365,Denmark
301365,France
301365,Belgium
547,United States of America
424121,United States of America
424121,United Kingdom
11653,China
11653,Hong Kong
3594,Germany
3594,United States of America
1353926,China
1267319,South Korea
41216,Australia
41216,United States of America
3580,United States of America
698343,South Korea
535544,United Kingdom
535544,United States of America
976576,France
1648,United States of America
571,United States of America
916,United States of America
1145725,United States of America
1083968,United States of America
1083968,Canada
1083968,Czech Republic
1181678,United States of America
603661,United Kingdom
603661,United States of America
11971,United Kingdom
11971,United States of America
139038,United States of America
8275,United States of America
10159,United States of America
8195,United Kingdom
8195,United States of America
10147,United States of America
10147,Germany
1295400,Denmark
1295400,Sweden
1290432,France
11528,United States of America
812037,France
1523667,Philippines
592983,Spain
592983,United States of America
12536,United States of America
4437,United States of America
717930,United States of America
717930,Saudi Arabia
10957,United States of America
9562,Italy
9562,United Kingdom
9562,United States of America
25376,Argentina
25376,Spain
22825,United States of America
53932,Spain
1662414,United States of America
1633,United Kingdom
1633,United States of America
137093,United States of America
1577,Canada
1577,United Kingdom
1577,United States of America
685274,Japan
10761,United Kingdom
10761,United States of America
669204,Japan
1484453,United States of America
1484453,Canada
1740313,United States of America
23048,United States of America
846816,United States of America
11901,United States of America
11551,United States of America
4517,France
4517,United Kingdom
4517,Germany
1376043,France
1376043,Belgium
10510,United States of America
27324,Japan
610361,Russia
184346,United States of America
2320,United States of America
812225,Japan
539537,United States of America
1266,United States of America
677638,United States of America
13320,United States of America
532710,United States of America
74465,United States of America
315664,United Kingdom
315664,United States of America
8982,Thailand
8982,Hong Kong
8982,France
8982,Australia
9542,United States of America
51620,South Africa
51620,Germany
295964,United States of America
1266800,France
1266800,Belgium
1097311,United States of America
618588,Canada
618588,United States of America
1255833,United States of America
7972,United States of America
7972,United Kingdom
961484,United States of America
869626,United States of America
12120,United States of America
413362,United Arab Emirates
413362,United States of America
413362,Canada
413362,China
506574,United States of America
10249,United States of America
2655,United States of America
9571,United States of America
748230,United States of America
11198,Hong Kong
9760,United States of America
44683,India
44683,United States of America
3035,United States of America
979660,Canada
979660,United States of America
414947,Hungary
10403,United States of America
1139817,South Korea
417261,United States of America
653,Germany
13417,United States of America
1492608,United States of America
474764,United Kingdom
474764,United States of America
629176,United States of America
8374,Canada
8374,United States of America
751311,Switzerland
1284004,United States of America
417320,United States of America
11452,United States of America
306819,Belgium
306819,United Kingdom
306819,United States of America
9759,United States of America
9759,Germany
271969,United States of America
752397,Cuba
13342,United States of America
11963,United States of America
244,United States of America
75258,India
75258,United States of America
341006,United States of America
203,United States of America
11601,United States of America
369471,Japan
682110,South Africa
682110,United Kingdom
1428990,United States of America
1428990,Canada
371638,United States of America
52520,United States of America
9675,United States of America
11846,United States of America
35552,France
82650,United States of America
1083884,Canada
487297,United States of America
1509599,India
40805,United States of America
396194,Belgium
396194,China
396194,Germany
396194,Italy
396194,Japan
396194,Netherlands
9353,Germany
9353,United States of America
1107216,France
1107216,United States of America
894205,United States of America
581462,France
9012,United States of America
1016121,United States of America
160588,United States of America
82682,United States of America
864370,Taiwan
1280015,United Kingdom
8923,United Kingdom
8923,United States of America
9346,United States of America
553,Denmark
553,Finland
553,France
553,Germany
553,Netherlands
553,Sweden
553,United Kingdom
721625,United States of America
830784,Italy
830784,United States of America
5966,United States of America
487616,France
929204,United Kingdom
14069,Japan
445,France
445,Austria
445,Germany
445,Italy
328111,United States of America
617502,Bulgaria
617502,France
617502,United States of America
1029235,United States of America
839,United States of America
12448,United States of America
743814,South Korea
4912,Germany
4912,United Kingdom
4912,United States of America
353070,United States of America
9947,United States of America
801,United States of America
72207,United States of America
475210,Canada
475210,United States of America
10354,United States of America
132344,Greece
132344,United States of America
446894,United States of America
9894,United States of America
692,United States of America
16995,France
16995,United Kingdom
16995,United States of America
244761,Canada
123025,United States of America
6415,United States of America
2616,United States of America
111190,Australia
111190,France
11977,United States of America
1263256,United States of America
351339,Czech Republic
351339,France
351339,United States of America
351339,United Kingdom
71689,United States of America
11185,United States of America
1274706,Argentina
1274706,Spain
347626,United States of America
1181540,United States of America
585216,United States of America
1151949,Indonesia
9394,Italy
58151,India
58151,United States of America
11879,United States of America
126963,Japan
1750914,United Kingdom
11007,United States of America
1753868,Puerto Rico
11062,United States of America
354287,United States of America
354287,Australia
537921,United States of America
348678,Norway
348678,Sweden
11644,United States of America
13122,United States of America
22824,Belgium
22824,United States of America
302401,France
302401,Germany
302401,United States of America
648457,Japan
7095,United States of America
9400,United States of America
1421594,Sweden
321741,United States of America
59387,United States of America
59387,South Korea
2976,United Kingdom
2976,United States of America
23202,United States of America
10629,Ireland
10629,United Kingdom
10629,United States of America
460668,China
460668,United States of America
1857,United States of America
1483614,China
439,France
439,Italy
11284,United States of America
37821,United States of America
10803,United States of America
9535,United States of America
575219,China
9922,United States of America
1752249,Australia
1355666,South Korea
283552,India
283552,United Kingdom
283552,United States of America
897160,South Korea
843271,France
1396,Soviet Union
32985,Czech Republic
32985,France
32985,United Kingdom
32985,United States of America
266285,Belgium
266285,Brazil
266285,Denmark
266285,Norway
266285,South Africa
266285,Sweden
266285,United Kingdom
12233,United States of America
430417,Brazil
20943,United States of America
11497,Ireland
11497,United Kingdom
11497,United States of America
1421552,China
1363979,Japan
580175,Denmark
580175,Netherlands
580175,Sweden
470044,United States of America
10756,United States of America
8688,United States of America
129280,Sweden
198277,United States of America
1109086,India
726759,United Kingdom
460019,United States of America
525661,Canada
525661,United States of America
1732097,United States of America
906221,United States of America
896536,United States of America
896536,Finland
1694,United States of America
1429,United States of America
57089,United States of America
1049942,United Kingdom
11917,United States of America
9829,France
9829,United Kingdom
9829,United States of America
29926,United States of America
1494,China
1494,Hong Kong
5236,United States of America
11507,United States of America
592,United States of America
11336,United States of America
11336,Canada
929130,Japan
47002,Japan
463022,United States of America
227306,United States of America
25475,India
25475,United States of America
13161,United States of America
42337,France
1484913,India
2640,United States of America
398329,Puerto Rico
412988,China
412988,United States of America
7508,India
913670,United States of America
4031,France
11011,United States of America
651,United States of America
8867,Australia
8867,United States of America
13836,United States of America
799876,United Kingdom
799876,United States of America
618851,Japan
554776,South Korea
1262,United Kingdom
1262,United States of America
1588838,Spain
760161,Canada
760161,United States of America
58628,United States of America
352549,Brazil
1754582,Brazil
10220,United States of America
10040,United States of America
1239134,India
55301,United States of America
365620,United States of America
365620,Italy
365620,United Kingdom
365620,Saudi Arabia
9529,United States of America
623,United Kingdom
623,United States of America
1041613,United States of America
28339,United States of America
80585,United States of America
1186957,United Kingdom
11592,United States of America
16523,United States of America
16523,Germany
763165,United States of America
783675,Japan
40807,United States of America
9599,United States of America
1229343,South Korea
1081400,United States of America
962640,India
511322,Canada
511322,United States of America
585834,United States of America
11023,United Kingdom
11023,United States of America
62568,Taiwan
62568,Hong Kong
9563,United States of America
602063,Japan
643586,United States of America
643586,Malaysia
306947,United States of America
22201,United States of America
11176,United Kingdom
11176,United States of America
667739,United States of America
667739,Canada
466282,United States of America
11704,United States of America
10782,United Kingdom
10782,United States of America
1625901,United States of America
9294,United States of America
5038,Spain
5038,United States of America
242224,Australia
242224,Canada
21407,United States of America
15165,Canada
15165,United States of America
606,United States of America
576530,Italy
4518,United Kingdom
4518,United States of America
46146,Norway
10131,United Kingdom
10131,United States of America
994108,United Kingdom
994108,United States of America
800815,United States of America
102362,United States of America
136835,United States of America
163940,Argentina
723072,United Kingdom
328688,Malaysia
338958,United States of America
11335,United States of America
937926,Argentina
419680,United States of America
50321,United States of America
10048,United States of America
1502135,China
72570,United States of America
1529513,Thailand
1529513,Singapore
1529513,Malaysia
29427,United Arab Emirates
29427,United States of America
10676,United States of America
65759,Australia
65759,United States of America
10651,United States of America
619297,United States of America
262,United States of America
11463,United Kingdom
10294,United States of America
745048,France
585759,Poland
851,United Kingdom
134764,Hong Kong
227156,United States of America
39451,United States of America
521,United States of America
20003,United States of America
1819,United States of America
588890,Czech Republic
588890,France
588890,Poland
588890,Slovakia
77930,United States of America
6404,Germany
6404,France
1693442,Philippines
962,United States of America
265195,Argentina
265195,Spain
265195,France
265195,United Kingdom
8834,United States of America
68179,Canada
68179,United States of America
9327,United States of America
18162,United States of America
614911,United States of America
1180611,France
51170,United States of America
333352,United Kingdom
10665,United States of America
2100,United States of America
301502,United States of America
1616674,Indonesia
517814,France
517814,Lebanon
517814,United Kingdom
517814,United States of America
516632,South Africa
516632,United States of America
250480,United States of America
1339676,India
1154538,Canada
7553,United States of America
549649,South Korea
2046,United States of America
11411,United Kingdom
11411,United States of America
1316427,Saudi Arabia
1316427,Egypt
4566,United States of America
10110,United States of America
809787,United Kingdom
809787,United States of America
809787,Italy
970450,United States of America
970450,Puerto Rico
7450,United States of America
8859,United States of America
682377,United States of America
470114,United States of America
470114,South Africa
470114,China
956842,United States of America
1094556,United States of America
457335,Belgium
457335,Germany
457335,New Zealand
457335,United Kingdom
457335,United States of America
457335,Austria
457335,Australia
11683,Canada
11683,United States of America
11683,France
371608,United States of America
371608,United Kingdom
133121,Japan
453661,Argentina
11329,United States of America
347201,Japan
10781,United States of America
34480,United Kingdom
586791,United States of America
586791,Canada
1244523,Germany
1244523,United States of America
1244523,Colombia
872906,India
1243341,New Zealand
1243341,United States of America
975,United States of America
1383247,France
8066,Switzerland
8066,United States of America
353326,United Kingdom
353326,United States of America
295830,Japan
9359,United States of America
6972,Australia
6972,United Kingdom
6972,United States of America
1281,United Kingdom
1281,United States of America
231,United States of America
239678,United States of America
10323,United Kingdom
10323,United States of America
601796,South Korea
11802,United States of America
11802,Canada
10199,United Kingdom
10199,United States of America
914206,France
914206,Canada
914206,Switzerland
1620034,United States of America
477968,Brazil
96936,United States of America
96936,France
567604,United States of America
41439,United States of America
7090,United States of America
7090,France
7090,Netherlands
591273,United States of America
80035,United States of America
410119,Hong Kong
615643,United States of America
565028,Canada
565028,United States of America
790,United States of America
11231,United States of America
488623,South Korea
321258,United States of America
485030,Germany
2614,United States of America
476299,Canada
476299,France
762430,France
762430,Germany
762430,United States of America
2099,Netherlands
2099,United States of America
11358,United States of America
11358,Canada
25506,United States of America
11090,United States of America
11171,United States of America
11171,Netherlands
314405,United Kingdom
314405,Italy
314405,France
13225,Australia
13225,United States of America
60307,United States of America
1149167,United States of America
691179,United States of America
691179,United Kingdom
59940,Canada
724209,United States of America
7552,United States of America
649,France
649,Italy
9730,United States of America
9793,United States of America
23742,United States of America
42684,United States of America
656690,United States of America
401062,Hungary
1163974,Hong Kong
625976,Japan
1553969,Japan
11004,Germany
11004,Japan
11004,United Kingdom
11004,United States of America
604822,China
604822,Hong Kong
604822,India
604822,South Korea
604822,Taiwan
604822,United Kingdom
1439112,United States of America
479,United States of America
479,Germany
428093,Puerto Rico
1627624,Greece
901,United States of America
146889,Brazil
486131,United States of America
33194,United States of America
19185,United States of America
9718,United States of America
174772,United States of America
458220,United States of America
458220,Luxembourg
473679,Spain
9920,Hong Kong
9920,United States of America
826945,South Korea
1398050,United States of America
24122,United States of America
345915,United States of America
381289,India
381289,United States of America
65055,United States of America
1278162,Thailand
514619,United States of America
1469458,India
4970,United States of America
1947,United States of America
1947,Germany
589761,Russia
5991,Germany
22949,United States of America
87492,United States of America
791,United States of America
11121,France
11121,United Kingdom
1234762,United Kingdom
393345,Canada
393345,United States of America
64084,United States of America
419639,United States of America
1730,United States of America
1730,France
1730,Poland
179,France
179,Germany
179,United Kingdom
179,United States of America
23514,United States of America
4379,United States of America
4379,Germany
667216,Canada
667216,France
667216,Hungary
667216,United States of America
517116,United States of America
10134,United States of America
754220,Brunei Darussalam
754220,South Korea
974931,United States of America
400136,Japan
400136,United States of America
4550,South Korea
2110,France
2110,Japan
1160956,China
516329,United States of America
704239,United States of America
381394,Germany
500922,Canada
500922,United Kingdom
500922,United States of America
15015,Canada
2323,United States of America
152760,Germany
152760,United States of America
455236,United Kingdom
455236,United States of America
606523,South Korea
1406,United States of America
1406,Spain
329058,Brazil
1254786,United States of America
575417,United States of America
975490,Canada
975490,United States of America
10843,United States of America
15167,Canada
15167,United States of America
8011,Canada
8011,France
8011,United Kingdom
8011,United States of America
40096,Brazil
1433117,India
348964,France
129067,Canada
2440,South Korea
1266791,France
483,United States of America
483,Germany
454983,United Kingdom
630004,France
630004,Spain
878608,China
878608,France
10065,United States of America
499546,Belgium
499546,Netherlands
12184,United Kingdom
12184,United States of America
1522923,United States of America
1187326,Spain
472674,United States of America
1288072,Canada
814889,United States of America
1296672,Romania
1751220,Azerbaijan
1022690,Australia
1022690,United Kingdom
1022690,United States of America
664280,United Kingdom
17581,Japan
9388,United Kingdom
9388,United States of America
893694,Philippines
133980,Italy
610150,Japan
1049443,Brazil
11469,United States of America
1073,United States of America
121856,France
121856,United Kingdom
121856,United States of America
493551,United States of America
39857,Hong Kong
24418,United States of America
1162240,Hong Kong
1283120,Thailand
593910,United Kingdom
593910,United States of America
2294,United States of America
50456,Germany
50456,United States of America
504562,United States of America
8051,United States of America
10866,United States of America
11081,United States of America
11069,United States of America
9574,United States of America
185689,Japan
1051,United States of America
118379,Hong Kong
10974,Hong Kong
10974,Yugoslavia
10974,Austria
48988,United States of America
6069,United States of America
533642,Canada
533642,United States of America
11031,United States of America
592350,Japan
220751,United States of America
82654,United States of America
2028,United States of America
7278,United States of America
245,United Kingdom
245,United States of America
245,France
245,Germany
507076,France
507076,Belgium
507076,United States of America
387426,South Korea
387426,United States of America
387426,Canada
11929,United States of America
539885,United States of America
10947,United States of America
246080,United Kingdom
246080,United States of America
246080,Russia
974036,United States of America
1659087,South Africa
8764,United Kingdom
8764,United States of America
23759,France
23759,United Kingdom
10366,United States of America
334524,United States of America
33909,United States of America
10909,United States of America
551804,United States of America
81481,South Korea
1226406,United States of America
1226406,Japan
418439,Germany
23631,United States of America
23631,Germany
23631,United Kingdom
635,United Kingdom
635,United States of America
13888,United States of America
13389,United States of America
13389,United Kingdom
10225,United States of America
1921,United States of America
11615,Germany
11615,United Kingdom
11615,United States of America
234544,Japan
10074,United States of America
5955,United States of America
65034,United States of America
773543,Russia
8852,United States of America
11359,United States of America
3784,United States of America
8069,France
8069,Italy
76285,United States of America
9822,United States of America
79518,Netherlands
80794,Hong Kong
13809,France
13809,United Kingdom
13809,United States of America
740006,Switzerland
321697,United States of America
321697,United Kingdom
11870,United States of America
55846,France
55846,United Kingdom
55846,United States of America
1205110,Russia
702936,United States of America
11859,United States of America
11282,United States of America
16617,Finland
16617,Netherlands
16617,United Kingdom
16617,United States of America
758009,United States of America
944401,France
944401,United States of America
8290,France
8290,United Kingdom
11287,United States of America
259695,United States of America
304357,United Kingdom
11676,United States of America
1440,United States of America
16804,Japan
12309,United States of America
242643,United States of America
17809,Hong Kong
17809,China
9281,United States of America
201,United States of America
11158,United States of America
552073,Netherlands
2176,United States of America
11560,United States of America
768744,Japan
1753358,United States of America
10778,United Kingdom
10778,United States of America
979924,France
979924,United States of America
10720,United States of America
10720,Germany
10720,Switzerland
113,South Korea
113,Germany
31867,Canada
31867,United States of America
31867,United Kingdom
31867,Japan
38810,Greece
12110,France
12110,United States of America
10423,Hong Kong
10423,United States of America
80389,United States of America
80389,Mexico
552688,United States of America
9678,United States of America
527261,Canada
527261,Germany
527261,United Kingdom
527261,United States of America
445629,United Kingdom
445629,United States of America
1566269,United States of America
11639,United Kingdom
11639,United States of America
1147411,France
594075,Chile
393624,United Kingdom
393624,United States of America
393624,Switzerland
19899,United States of America
1231914,South Korea
10045,France
754609,Belgium
754609,Canada
754609,France
754609,Hungary
754609,United Kingdom
4959,Germany
4959,United Kingdom
4959,United States of America
1127166,Italy
4960,United States of America
1437981,Belgium
1437981,France
1437981,Netherlands
679057,South Korea
16577,Japan
16577,United States of America
16577,Hong Kong
11586,United States of America
23047,United States of America
10479,United States of America
10479,Germany
37768,Italy
9441,United States of America
8054,Canada
8054,France
8054,United Kingdom
10139,United States of America
16858,United States of America
47446,Greece
47446,United Kingdom
47446,United States of America
715931,United States of America
9364,United Kingdom
6961,United Kingdom
6961,United States of America
1026436,United States of America
918487,South Korea
10753,Hong Kong
292011,United States of America
1600338,Philippines
4953,United States of America
4953,France
1429605,United States of America
6519,United States of America
409502,United States of America
5825,United States of America
57361,South Korea
1627796,Philippines
14013,United States of America
10632,United States of America
4978,United States of America
11424,United States of America
8987,United States of America
71469,United States of America
71469,Russia
2665,United States of America
332411,United States of America
800787,Canada
800787,United States of America
1321491,Australia
86837,France
86837,Germany
86837,Austria
605886,United States of America
1199193,United States of America
1199193,United Kingdom
10890,United States of America
407451,United States of America
491926,Czech Republic
491926,Germany
491926,United Kingdom
491926,United States of America
1455079,United States of America
1455079,Italy
627905,Norway
348060,France
348060,United Kingdom
74643,Belgium
74643,France
672322,Japan
463821,India
463821,United States of America
198375,Japan
1323625,United States of America
25538,Taiwan
25538,Japan
1047373,United States of America
1047373,Malta
339984,United States of America
1352755,United States of America
1352755,United Kingdom
42147,Italy
42147,France
1538457,India
143,United States of America
1003579,United States of America
693113,Puerto Rico
693113,United States of America
28209,France
921636,United States of America
452773,Spain
452773,United Kingdom
10015,United States of America
10285,United States of America
297608,United States of America
303858,United States of America
1426486,United States of America
75638,Spain
75638,United States of America
11379,United States of America
832936,Turkey
8974,United States of America
147,France
452244,Switzerland
916192,Japan
9667,Germany
9667,United States of America
12219,United States of America
15035,United States of America
32292,Japan
309512,United Kingdom
1495694,Australia
420814,United Kingdom
420814,United States of America
157547,United States of America
76617,United States of America
73881,France
1126336,United States of America
1126336,Ireland
13633,United States of America
359364,France
45610,United States of America
111934,Japan
49009,Poland
49009,United Arab Emirates
49009,United States of America
1643,France
1643,Italy
413644,Belgium
413644,France
413644,United States of America
107501,Indonesia
10017,United States of America
10017,Canada
8676,United States of America
11862,United States of America
506,United States of America
568091,United States of America
227783,Canada
227783,South Korea
227783,United States of America
76649,Germany
76649,United Kingdom
76649,Canada
76649,United States of America
72197,United Kingdom
72197,United States of America
10303,United States of America
339877,Poland
339877,United Kingdom
339877,Netherlands
339877,Switzerland
339877,Qatar
23023,Canada
23023,United States of America
2990,United States of America
1750869,Sweden
245842,Australia
245842,China
245842,France
245842,Hong Kong
245842,United Kingdom
245842,United States of America
270774,China
270774,Hong Kong
270774,United States of America
10837,France
534490,United Kingdom
9040,United States of America
9040,Italy
11228,United States of America
1522380,Philippines
1469930,Indonesia
445651,United States of America
1483,United States of America
657512,Brazil
1309396,France
1186532,United States of America
1318335,France
421029,United Kingdom
421029,United States of America
338947,United States of America
274479,United States of America
9882,United States of America
10589,United States of America
9531,United States of America
9531,United Kingdom
9531,Netherlands
4961,United States of America
4961,Canada
886396,United States of America
127690,Hungary
9101,United States of America
590223,United States of America
782007,Japan
83201,United States of America
9433,United States of America
243688,United States of America
747600,Kyrgyz Republic
747600,United States of America
308369,United States of America
320956,United States of America
22907,United States of America
167,Germany
167,United Kingdom
167,United States of America
1041513,United States of America
624,United States of America
4105,United States of America
11529,United States of America
218746,South Korea
15739,United States of America
256040,India
11509,United States of America
314483,Colombia
314483,Hungary
804370,France
804370,United Kingdom
804370,United States of America
337703,Belgium
337703,France
337703,Japan
405882,United States of America
64720,United States of America
1037113,United States of America
1138515,Indonesia
581644,Finland
581644,United Arab Emirates
581644,United States of America
297275,Spain
94348,United States of America
94348,France
94348,Indonesia
379,United States of America
273186,Portugal
10083,United States of America
11878,Japan
13673,United States of America
68727,United Kingdom
68727,United States of America
487242,United States of America
843847,United States of America
11892,United States of America
38051,Canada
14906,United States of America
109491,United States of America
26022,China
26022,India
26022,United Arab Emirates
26022,United States of America
10328,United States of America
9762,United States of America
8872,United States of America
392,United States of America
13939,United States of America
5511,France
5511,Italy
9942,United States of America
8831,United States of America
8831,Japan
289720,Canada
289720,China
289720,France
289720,United States of America
11078,United Kingdom
11078,United States of America
84308,Spain
1147400,France
466081,United Kingdom
466081,United States of America
1407885,Indonesia
654754,United States of America
467909,United States of America
1623,United States of America
9460,Hong Kong
13933,United States of America
10145,United States of America
17436,Germany
17436,United States of America
234,Germany
8092,United States of America
882209,Mexico
64348,Hong Kong
1396965,Japan
14462,United States of America
1155089,United States of America
17529,United States of America
74534,United Kingdom
74534,United States of America
74534,United Arab Emirates
303,United States of America
382517,United States of America
382517,Canada
9396,Australia
11259,United States of America
42297,United States of America
34433,Japan
243938,United States of America
1381216,United States of America
1182861,Spain
1182861,Germany
11033,United States of America
145135,United States of America
766110,Czechoslovakia
440472,United States of America
13310,Germany
13310,Sweden
176241,United States of America
1114894,United States of America
426426,United Kingdom
426426,United States of America
13002,Canada
13002,United States of America
41233,United States of America
228066,United Kingdom
228066,United States of America
1693200,Canada
179826,United States of America
1126720,Turkey
13151,United States of America
14191,Australia
14191,United States of America
5550,United States of America
51482,Japan
13690,United States of America
60599,United States of America
60599,Poland
2619,United States of America
309886,France
59962,United States of America
210479,United Kingdom
210479,United States of America
173185,France
10047,France
287424,Switzerland
287424,United Kingdom
287424,United States of America
59843,Hong Kong
11041,United States of America
15400,United States of America
10280,United States of America
20533,United States of America
719870,Sudan
1592947,Serbia
467012,Indonesia
467012,South Korea
19384,United States of America
170522,Belgium
170522,France
14370,United States of America
416153,Canada
416153,Italy
416153,United Kingdom
416153,United States of America
882059,United States of America
10660,United States of America
438864,Brazil
8850,United States of America
11934,United Kingdom
11934,United States of America
2140,France
2140,United States of America
257094,United Kingdom
257094,United States of America
1480382,France
1480382,Tunisia
1480382,United States of America
1480382,United Kingdom
1480382,Cyprus
1480382,Saudi Arabia
1480382,Italy
1480382,Netherlands
1480382,Palestinian Territory
637920,Turkey
551,United States of America
8346,United States of America
1568597,France
436931,Japan
9909,United States of America
1518121,Philippines
651188,Argentina
200505,United States of America
12149,United States of America
12149,Germany
760040,Guatemala
293,United Kingdom
293,United States of America
13313,United States of America
11368,United States of America
680058,United Kingdom
680058,United States of America
227719,United States of America
81796,France
81796,United States of America
81796,Serbia
606856,United States of America
328387,Hong Kong
328387,United States of America
42384,South Korea
426543,United States of America
555285,United States of America
866,United States of America
526,United States of America
419479,United States of America
15653,Australia
15653,United States of America
339308,Germany
339308,United Kingdom
169881,Germany
1316147,Germany
1316147,United Kingdom
11890,United States of America
445761,Finland
1360829,Japan
1571245,United Kingdom
1571245,United States of America
11517,United States of America
571891,Japan
1023656,Argentina
832262,Australia
832262,United States of America
22971,United States of America
155999,Soviet Union
705861,United States of America
454293,United States of America
454293,China
352405,Japan
859,United States of America
927547,India
927547,France
927547,Luxembourg
927547,Netherlands
927547,Italy
11881,United States of America
108450,Italy
9696,Japan
187022,China
5590,France
471507,United Kingdom
471507,United States of America
425980,United States of America
785663,United States of America
21191,Mexico
21191,United States of America
4370,France
1754857,Spain
16366,United States of America
14564,United States of America
846214,United States of America
9447,Australia
9447,United States of America
17927,United States of America
900684,Argentina
812096,Russia
8272,United States of America
10173,United States of America
746131,France
27579,United Kingdom
27579,United States of America
208134,United States of America
1451344,South Korea
1447917,Philippines
806,United Kingdom
806,United States of America
36073,Japan
325348,Russia
325348,China
325348,United States of America
52505,United States of America
1127767,United States of America
38322,United States of America
13154,United States of America
504,United States of America
504,Germany
41210,United States of America
345188,Bolivia
581429,Germany
1753361,Brazil
70435,United States of America
70435,Ireland
70435,Spain
57687,Sweden
57687,Norway
11702,United States of America
1700105,New Zealand
9395,United States of America
9395,Hong Kong
64494,United States of America
32527,United States of America
768,United States of America
1568423,Canada
17422,China
17422,France
10395,United States of America
111083,Spain
526024,Mexico
9607,United Kingdom
9607,United States of America
14254,United States of America
11678,Germany
11678,United States of America
9825,United States of America
608845,China
608845,Hong Kong
578404,Turkey
868899,Czechoslovakia
37786,United States of America
11236,United States of America
73465,Spain
9710,United States of America
9710,Israel
86825,United States of America
961,United States of America
1018308,South Korea
361292,Italy
361292,United States of America
3083,United States of America
881727,Denmark
10718,Australia
10718,United States of America
556901,United States of America
4929,United States of America
3116,United States of America
422803,France
422803,United Kingdom
1630433,Thailand
6038,Hong Kong
6038,United States of America
11096,United States of America
339396,United States of America
6171,United States of America
157845,Australia
157845,United States of America
922,United States of America
922,Germany
922,Japan
229,United States of America
13051,United States of America
13051,Canada
15417,United States of America
376570,United States of America
10024,United States of America
324670,Hungary
324670,United States of America
11165,Japan
11165,United States of America
558915,United States of America
19457,United States of America
1212855,United States of America
1212855,United Kingdom
1212855,Hungary
605722,United States of America
605722,India
864,United States of America
726684,China
726684,France
30421,Hong Kong
1160018,India
654,United States of America
567811,Canada
567811,United Kingdom
567811,United States of America
412190,China
397422,United States of America
386716,South Korea
832502,United States of America
411301,Argentina
567646,South Korea
10451,Taiwan
10451,United States of America
1511417,India
191728,France
191728,Switzerland
428688,Romania
775996,United States of America
1705729,United States of America
278986,Italy
278986,India
6623,United States of America
594151,France
594151,Switzerland
1647,United States of America
399019,United States of America
449992,Indonesia
449992,United States of America
397691,Puerto Rico
757725,United States of America
732450,United States of America
9886,Canada
9886,United States of America
43923,United States of America
10185,United States of America
679161,Turkey
458098,Latvia
1642,United States of America
1156125,Japan
439015,United States of America
89644,France
11545,United States of America
8665,Canada
8665,Germany
8665,Russia
8665,United Kingdom
8665,United States of America
15137,Japan
1052280,United States of America
17445,United States of America
10481,United States of America
132225,Czechoslovakia
10027,China
10027,France
10027,United Kingdom
10027,United States of America
1249508,United States of America
54989,Brazil
1858,United States of America
961323,United States of America
961323,United Kingdom
1662432,United Kingdom
442630,Spain
17692,United States of America
10206,United States of America
935885,China
8390,France
8390,Germany
8390,United Kingdom
8390,United States of America
1003580,United States of America
340674,Poland
340674,United States of America
334298,China
334298,Hong Kong
1466120,South Korea
10729,United States of America
8833,Italy
8833,Brazil
8675,United States of America
8675,Japan
1001884,United States of America
524251,United States of America
524251,United Kingdom
1380898,South Korea
19458,United States of America
1078600,United States of America
9417,United States of America
9417,Germany
129670,United States of America
10925,United Kingdom
10925,United States of America
9975,United States of America
2124,United States of America
762968,United States of America
10678,United States of America
844,Germany
844,Hong Kong
844,China
844,France
844,Italy
12154,United States of America
26123,United States of America
9404,Hong Kong
9404,Australia
9404,Ukraine
9404,Russia
618416,Australia
618416,United States of America
13648,Japan
10851,France
10851,United Kingdom
945937,United States of America
206957,Soviet Union
37645,France
438808,United States of America
1362315,United States of America
1576198,Philippines
799546,United States of America
912480,Canada
832964,Australia
832964,United States of America
832964,United Kingdom
832964,Luxembourg
16290,United States of America
4543,United Kingdom
744148,South Korea
183011,United States of America
5722,United States of America
2669,United Kingdom
2669,United States of America
974453,United States of America
1211776,United States of America
302688,Canada
302688,United States of America
3085,United States of America
634429,Japan
8388,United States of America
1290182,South Korea
22073,United States of America
82881,United States of America
1015606,United States of America
404,United States of America
404,United Kingdom
404,France
351211,United States of America
20544,United States of America
2179,United States of America
2179,Germany
500739,Romania
458253,United States of America
269271,Argentina
9035,Canada
9035,United States of America
463598,France
649409,United States of America
20856,Canada
20856,United States of America
61807,United Kingdom
61807,United States of America
241254,South Korea
241254,United States of America
1880,United States of America
9103,Canada
9103,United States of America
559581,Germany
559581,United States of America
124459,United States of America
1392469,India
583903,United States of America
19277,United States of America
783,India
783,United Kingdom
565310,China
565310,United States of America
10911,United Kingdom
10911,United States of America
16281,United States of America
16,Denmark
16,Finland
16,France
16,Germany
16,Iceland
16,Netherlands
16,Norway
16,Sweden
1658209,Philippines
530382,United States of America
530382,Canada
574060,France
574060,Germany
574060,United States of America
1495723,Turkey
8997,United States of America
20539,United States of America
1195803,United Kingdom
1195803,United States of America
1047041,Japan
188207,Bulgaria
188207,United States of America
10489,United States of America
910571,United States of America
418680,United Kingdom
418680,United States of America
23538,South Korea
2266,France
2266,Liechtenstein
2266,Switzerland
2266,Germany
2266,United States of America
8012,United States of America
29917,United Kingdom
447330,France
447330,Switzerland
265712,Japan
9703,Bulgaria
9703,France
9703,Italy
9703,Slovakia
9703,Tunisia
9703,United Kingdom
9703,United States of America
71,France
71,United Kingdom
71,United States of America
18672,Hong Kong
18672,Taiwan
422,Italy
422,France
9566,United Kingdom
9566,United States of America
547565,United Kingdom
547565,United States of America
437068,South Korea
12521,United States of America
12521,Netherlands
1233728,South Korea
13680,United States of America
1199399,Latvia
360784,United States of America
9292,United States of America
9292,Italy
9292,United Kingdom
9292,Hungary
6520,United States of America
381341,Italy
631517,Norway
9766,United States of America
38363,United States of America
38363,United Arab Emirates
11008,United States of America
5902,United Kingdom
5902,United States of America
19840,Canada
19840,United States of America
542288,Finland
542288,Sweden
239563,United States of America
33997,Austria
33997,Germany
33997,France
13691,United States of America
11974,United States of America
257346,Japan
1194963,South Korea
9728,United States of America
77951,Australia
77951,India
77951,United Kingdom
77951,United States of America
16094,United States of America
167032,United States of America
1139566,Spain
1571594,Spain
869741,Brazil
193610,United States of America
4281,Israel
4281,United Kingdom
4281,United States of America
1254624,United Kingdom
1254624,United States of America
1061798,France
1061798,Belgium
9884,United States of America
340402,United States of America
18480,United States of America
964960,Belgium
964960,France
11891,United States of America
5820,United States of America
513736,United States of America
12150,United States of America
2116,United States of America
631708,Argentina
10447,United Kingdom
10447,United States of America
10447,Netherlands
10447,Australia
2103,United States of America
228194,India
228194,United States of America
228194,United Arab Emirates
299,United States of America
1117898,United Kingdom
1117898,United States of America
72571,United States of America
75674,United States of America
7520,United States of America
5336,Italy
5336,France
11916,United States of America
11916,Mexico
168903,France
168903,United States of America
4808,United Kingdom
4808,United States of America
3604,Italy
3604,Netherlands
3604,United Kingdom
3604,United States of America
9030,United States of America
9030,Canada
9663,United States of America
850920,United States of America
9530,Germany
9530,United Kingdom
9530,United States of America
1262815,United Kingdom
2642,United States of America
413387,Brazil
430231,United States of America
406761,United Kingdom
406761,United States of America
13490,United States of America
614587,Japan
2155,United States of America
1001811,United States of America
48340,United States of America
48340,Australia
11092,United States of America
1248251,India
13683,United States of America
713607,South Korea
419116,South Korea
10329,United States of America
10329,Uganda
10329,Kenya
10329,Tanzania
10329,Costa Rica
611914,United Kingdom
611914,United States of America
16672,Japan
24150,United States of America
14435,United States of America
4032,United States of America
11576,United States of America
53565,United States of America
8491,United States of America
1371185,United States of America
82424,Canada
1753467,Indonesia
42941,United States of America
476292,Japan
1059128,Italy
1059128,United States of America
1092329,United States of America
766475,United Kingdom
766475,United States of America
463329,Slovakia
13830,Jamaica
13830,United States of America
13184,Thailand
13184,United States of America
9087,United States of America
219318,Belgium
219318,France
87826,United States of America
4836,United Kingdom
705,United States of America
814338,United Kingdom
814338,United States of America
67198,United States of America
134597,United States of America
429474,Brazil
1499,United States of America
1499,Hong Kong
9386,United States of America
9029,United States of America
1613,Canada
1613,United Kingdom
231164,Japan
8838,United States of America
109431,United States of America
806704,United States of America
8984,United States of America
9304,United States of America
645757,United Kingdom
8408,United States of America
1293162,Canada
1293162,United States of America
10535,United States of America
842942,Canada
842942,United States of America
1751503,Sweden
605116,United States of America
605116,United Kingdom
605116,Canada
605116,France
736732,South Korea
11812,United States of America
672582,Belgium
672582,France
672582,United States of America
89492,United States of America
95610,France
95610,United Kingdom
6646,United States of America
16664,Japan
11880,Luxembourg
11880,United Kingdom
11880,United States of America
2055,United Kingdom
2055,United States of America
1683,United States of America
923939,United States of America
1307373,United Kingdom
894169,United States of America
13291,United States of America
14166,United States of America
929563,United States of America
1130022,United States of America
1739186,United States of America
713364,United States of America
713364,United Kingdom
713364,Canada
713364,Luxembourg
522518,China
522518,India
522518,United States of America
268920,United States of America
10906,United States of America
354216,United Kingdom
354216,United States of America
180894,Thailand
180894,United States of America
62630,Netherlands
62630,Belgium
4643,United States of America
1001414,United States of America
823625,Australia
823625,China
823625,United States of America
891,United States of America
123109,United States of America
123109,United Kingdom
1195631,United Kingdom
1195631,Italy
1195631,United States of America
1195631,Germany
16690,Australia
16690,Canada
16690,United States of America
15357,France
526007,United States of America
1469354,United States of America
512196,United States of America
512196,Japan
463570,Portugal
581852,Taiwan
1397201,Japan
1245833,Russia
1359685,Spain
9488,United States of America
1323784,Spain
1323784,United States of America
636706,United States of America
738652,United States of America
93828,Canada
93828,India
93828,United Kingdom
93828,United States of America
571055,United States of America
10435,France
10435,Italy
10435,United Kingdom
10435,United States of America
758537,France
1203329,Poland
1203329,South Korea
1203329,United States of America
6081,United Kingdom
6081,United States of America
12122,United States of America
347671,Brazil
100241,Australia
100241,United States of America
72477,United States of America
38303,United States of America
9623,United States of America
9706,Japan
643215,France
643215,Belgium
9494,United States of America
480672,Brazil
379291,United States of America
9932,United States of America
11299,Japan
347031,United States of America
31602,United States of America
1317088,Germany
1317088,United Kingdom
1317088,United States of America
10396,United States of America
416234,Australia
416234,United States of America
1737989,United States of America
467824,Hong Kong
467824,Japan
467824,South Korea
12094,United States of America
8409,Germany
8409,United States of America
5551,United States of America
10647,United States of America
4474,United States of America
492101,Taiwan
492101,Hong Kong
1249,Canada
1249,United States of America
576784,Russia
533444,Canada
533444,United States of America
1002185,United States of America
1002185,Mexico
1610840,India
68924,France
68924,United States of America
307663,United States of America
633604,Belgium
44244,United States of America
1693436,Philippines
415561,Puerto Rico
10314,United States of America
7229,France
7229,Italy
171713,Mexico
171713,Denmark
11442,United States of America
11442,Canada
408648,United States of America
396900,Czechoslovakia
386874,South Korea
275331,Namibia
275331,United States of America
146223,United Kingdom
10466,United States of America
1232667,United States of America
2539,United States of America
1489931,Indonesia
426563,United States of America
10339,United States of America
8873,United States of America
10400,United States of America
12277,United States of America
12277,Canada
614696,South Korea
1093995,United States of America
10876,Germany
10876,United Kingdom
10876,United States of America
14337,United States of America
261392,Switzerland
261392,United States of America
501,United States of America
254473,Canada
254473,France
254473,United States of America
11113,United States of America
932420,Canada
932420,United States of America
649668,Portugal
649668,Spain
649668,Venezuela
457232,Italy
457232,United States of America
405892,Vietnam
9064,United Kingdom
9064,United States of America
1165369,France
1165369,Belgium
1165369,United States of America
450162,Argentina
1631,France
11820,United States of America
255343,France
255343,Spain
255343,Belgium
643532,Sweden
643532,United Kingdom
643532,United States of America
643532,China
4169,United States of America
13394,United States of America
1048923,United States of America
6023,United States of America
6023,United Kingdom
32823,United States of America
485681,France
1996,Germany
1996,Hong Kong
1996,Japan
1996,United Kingdom
1996,United States of America
1662317,United Kingdom
1247601,United Kingdom
1247601,United States of America
10538,United States of America
332,United States of America
522417,United States of America
1688,United States of America
415826,United States of America
780,France
42994,Japan
55465,United States of America
287722,Mexico
10160,United States of America
13004,Canada
13004,United States of America
1445276,Japan
597890,Czech Republic
597890,Romania
597890,United Kingdom
597890,United States of America
2759,Australia
2759,United States of America
506281,France
506281,Romania
506281,Russia
506281,United States of America
1043446,El Salvador
157849,Germany
157849,United Kingdom
157849,United States of America
142061,United States of America
10537,United States of America
445954,United States of America
445954,Bulgaria
1155828,United States of America
10868,United States of America
1151334,United States of America
438747,United States of America
438747,Ireland
438747,Canada
227700,Canada
227700,France
227700,Spain
227700,United Kingdom
227700,United States of America
11298,United States of America
1662,United States of America
299820,Mexico
41215,United Kingdom
41215,Germany
10413,United States of America
12090,Germany
12090,United States of America
167073,Canada
167073,Ireland
167073,United Kingdom
523139,Canada
523139,United States of America
595413,Colombia
1215532,Belgium
1215532,France
427719,United States of America
34179,Hong Kong
34179,China
34179,Singapore
990412,Portugal
928270,Canada
928270,United States of America
228205,United States of America
9454,United States of America
80280,Spain
1551,United States of America
321757,United States of America
64685,United States of America
45722,Argentina
45722,France
230179,Finland
230179,Germany
230179,United Kingdom
230179,United States of America
24873,United States of America
11835,United States of America
1623568,Japan
211387,United States of America
10975,Hong Kong
10975,China
9948,United States of America
1400357,United Kingdom
1400357,United States of America
403092,Puerto Rico
11439,France
11439,Germany
11439,United Kingdom
284536,United States of America
702525,Belgium
702525,France
702525,Faeroe Islands
505600,United States of America
35056,United States of America
688302,South Korea
10157,United States of America
60747,United States of America
367056,Soviet Union
862965,United States of America
381138,Brazil
371462,Luxembourg
371462,Ireland
371462,Netherlands
1568027,Israel
48572,Canada
48572,United States of America
1587964,United States of America
68812,United States of America
81803,Italy
301875,Indonesia
301875,United States of America
537971,Spain
8489,United States of America
8489,Ghana
8489,Mozambique
8489,South Africa
15577,United States of America
391907,South Korea
257943,Spain
14136,United States of America
129123,Hong Kong
5,United States of America
877183,United States of America
20083,Hong Kong
763164,Canada
763164,United Arab Emirates
763164,United States of America
763164,United Kingdom
614,Sweden
1420733,South Korea
391926,Uganda
808023,United States of America
1040159,United Kingdom
494407,Japan
38319,United States of America
38319,United Kingdom
505707,Italy
505707,United States of America
256730,Spain
12088,Australia
12088,United States of America
7249,United States of America
2196,Germany
2196,United Kingdom
2196,United States of America
3603,New Zealand
1410082,United States of America
1410082,Canada
1410082,South Africa
13962,United States of America
3036,United States of America
3036,Japan
11533,United States of America
11533,United Kingdom
647,Japan
886921,Bangladesh
886921,India
6620,United States of America
67171,United States of America
96724,United Kingdom
96724,United States of America
140638,United States of America
13335,United States of America
6522,United States of America
662702,South Korea
415541,Spain
1227877,United States of America
11979,Australia
11979,United States of America
10488,United States of America
11425,United States of America
9455,United States of America
9455,Canada
1616268,India
12085,United States of America
396,United States of America
3902,Germany
3902,United States of America
24405,United States of America
9410,United States of America
395458,China
395458,United States of America
1339876,India
932086,United States of America
454227,United Kingdom
454227,United States of America
9701,United States of America
9443,United Kingdom
9443,United States of America
1241755,Philippines
13922,United States of America
1626188,United States of America
447543,Brazil
1099639,South Korea
637787,Belgium
14533,United States of America
521122,South Korea
440703,Brazil
123338,Hong Kong
1731494,United States of America
9270,United States of America
326359,United States of America
1337562,United States of America
489243,Belgium
489243,Canada
986054,United States of America
1209290,United States of America
1519320,United Kingdom
24804,United States of America
9516,United States of America
615904,China
615904,United States of America
1752242,Australia
67342,Hong Kong
11202,United States of America
1725116,United States of America
464889,United States of America
2575,Ireland
2575,United States of America
396461,United States of America
554241,United States of America
13150,United States of America
13150,Germany
12117,United States of America
505948,Australia
505948,United States of America
505948,Luxembourg
10877,United States of America
883,United States of America
883,Italy
883,Japan
17467,Hong Kong
28874,Japan
276624,Japan
489925,United States of America
270010,Germany
270010,United States of America
270010,France
270010,Mexico
270010,Switzerland
164457,United States of America
164457,United Kingdom
455839,United States of America
668482,United Kingdom
11393,United States of America
440762,United States of America
756361,Belgium
756361,France
4255,United States of America
239529,Japan
8286,France
8286,Italy
1639,United States of America
48231,Switzerland
48231,United Kingdom
48231,Germany
48231,Canada
405775,United States of America
1119090,Mexico
706503,Belgium
706503,France
99,Spain
99,France
174,United States of America
11797,United States of America
2018,Germany
2018,United Kingdom
2018,United States of America
23730,United States of America
1021579,South Korea
605804,United States of America
10436,United States of America
460555,China
460555,Hong Kong
460555,Morocco
1687,United States of America
37933,Japan
20771,United States of America
535,United States of America
294793,United States of America
520172,United States of America
1712587,Philippines
121875,France
185261,Netherlands
976419,Dominican Republic
1134463,Mexico
1134463,United States of America
1134463,United Kingdom
9333,United States of America
914215,Canada
419478,United States of America
83771,Germany
83771,Austria
83771,Greece
83771,United Kingdom
83771,Italy
316152,United States of America
283454,Soviet Union
12140,Japan
8999,United Kingdom
8999,United States of America
419835,United Kingdom
419835,United States of America
124157,Hong Kong
124157,South Korea
124157,United States of America
124157,Japan
124157,Switzerland
12227,United States of America
72358,United States of America
28422,Japan
971606,United States of America
38142,Japan
1108211,China
7007,United States of America
1437511,United States of America
36819,United Kingdom
44729,Japan
10747,United States of America
28118,United Kingdom
28118,Germany
761053,United States of America
9558,Italy
20763,United States of America
92060,United States of America
38643,United States of America
1701775,Peru
907,Italy
907,United Kingdom
907,United States of America
913673,United States of America
262841,United States of America
10021,United States of America
576712,United States of America
9788,United States of America
9788,Australia
625064,France
2289,United States of America
2289,United Kingdom
2289,Romania
2289,Italy
146238,United States of America
9560,United States of America
3600,United States of America
1613789,Japan
360107,Switzerland
397500,Puerto Rico
509730,Belgium
509730,France
9080,United States of America
9080,United Kingdom
2056,United States of America
509733,Germany
509733,Belgium
992003,Japan
370365,Norway
59861,United States of America
59861,France
957304,United Kingdom
957304,United States of America
9538,Canada
527660,Brazil
527660,United States of America
338676,France
338676,Hungary
338676,Spain
1232493,Norway
1232493,Palestinian Territory
431530,United States of America
431530,China
24740,United States of America
12919,United States of America
793313,Finland
11357,United States of America
1033462,China
1751002,Australia
10577,United States of America
2067,United States of America
722860,Portugal
326,United States of America
2114,Japan
2114,United States of America
934641,United States of America
11646,Australia
16907,Japan
3432,United States of America
4349,Germany
4349,United States of America
4349,United Kingdom
254981,Brazil
44982,United States of America
960139,Belgium
960139,France
1650804,United States of America
449756,Germany
449756,United Kingdom
449756,United States of America
2395,France
2395,Spain
2395,Germany
2395,Italy
717980,United States of America
1746465,Germany
228970,United States of America
1500099,United States of America
291881,France
199373,Germany
199373,United Kingdom
199373,United States of America
44945,United States of America
1883,United States of America
1883,Netherlands Antilles
432301,Sweden
432301,United States of America
33273,France
33273,Spain
13156,United States of America
1684226,South Africa
1413097,United States of America
353618,Sweden
2525,Italy
2525,United States of America
13416,United States of America
10664,Spain
1249562,Brazil
16161,United States of America
523777,Canada
523777,China
523777,United States of America
877,United States of America
1741690,Netherlands
1211472,Germany
1211472,United States of America
639412,Vietnam
863873,United States of America
9357,United States of America
9945,United States of America
9038,United States of America
9576,United States of America
999644,United States of America
55341,United States of America
17100,United States of America
23943,United States of America
10991,Japan
1130276,United States of America
1426964,Brazil
10861,United States of America
8870,Australia
8870,United States of America
1244944,United States of America
6280,United States of America
41387,Hong Kong
29979,Canada
29979,United States of America
504827,United States of America
376134,United States of America
376134,United Kingdom
67395,United States of America
12403,United States of America
18190,United States of America
78383,United States of America
430040,United Kingdom
430040,United States of America
315846,Japan
8193,United States of America
269,France
1440718,United States of America
806368,Australia
806368,France
806368,United Kingdom
18129,Canada
18129,United States of America
15139,United States of America
43552,United States of America
1306816,South Korea
10547,Mexico
10547,United States of America
1382406,China
758949,Russia
7183,United States of America
11167,United Kingdom
545752,France
140823,Australia
140823,United Kingdom
140823,United States of America
26662,Japan
394291,Colombia
11931,United Kingdom
11931,United States of America
250574,United States of America
19101,United States of America
581526,South Korea
11687,France
370567,United Kingdom
370567,United States of America
2332,France
11428,United States of America
12160,United States of America
1753082,Brazil
10130,United States of America
615667,United States of America
10640,United States of America
13466,United States of America
590995,United States of America
608478,Germany
520023,United States of America
1537,United States of America
34806,United States of America
814776,United States of America
8965,United States of America
9058,United States of America
9058,Italy
11134,Hong Kong
11134,China
852096,United States of America
1591771,United States of America
53168,Hong Kong
611698,China
38358,United States of America
38358,France
10390,United States of America
9980,United States of America
637693,United States of America
117560,Germany
300681,Canada
300681,China
300681,Puerto Rico
300681,United Kingdom
300681,United States of America
2486,United Kingdom
2486,United States of America
2486,Hungary
10136,United States of America
1040,France
1040,Italy
6217,United States of America
13249,United States of America
959429,United States of America
500682,United States of America
766798,Spain
615677,United States of America
1020047,Chile
1020047,Italy
1020047,United Kingdom
1020047,United States of America
16619,United States of America
175,France
1148713,Belgium
1148713,France
1148713,Spain
7452,France
7452,United Kingdom
331697,Turkey
1580,United States of America
472451,Australia
472451,China
472451,United States of America
70345,United States of America
457136,United Kingdom
457136,United States of America
98357,United States of America
56288,United States of America
1985,Germany
1985,United Kingdom
1985,Switzerland
1985,Kenya
291276,United Kingdom
291276,Czech Republic
291276,United States of America
291276,Switzerland
1574129,Taiwan
1199869,United States of America
1199869,United Kingdom
524659,Taiwan
524659,United States of America
524659,United Kingdom
811075,France
64807,United States of America
1159206,United States of America
1159206,France
1159206,Ireland
1159206,Italy
1159206,Germany
1159206,United Kingdom
839688,Indonesia
839688,Singapore
1287729,Russia
724109,South Korea
739542,United States of America
704673,United States of America
30020,Iran
30020,France
578871,Argentina
10730,United States of America
9464,United States of America
6552,United States of America
223,United States of America
2517,Japan
438794,Chile
16237,United States of America
14367,United States of America
1367575,United States of America
8386,United States of America
43959,United States of America
518896,China
518896,Hong Kong
14405,United States of America
2768,United States of America
15487,Canada
15487,United States of America
22582,United States of America
664416,United States of America
664416,United Kingdom
1365683,France
1365683,Italy
251783,United States of America
350499,Japan
848439,United Kingdom
848439,United States of America
16353,Thailand
239241,Japan
660982,United States of America
1476928,Indonesia
3033,United Kingdom
3033,United States of America
10560,United States of America
10440,United States of America
270473,Thailand
8398,United States of America
8398,United Kingdom
916405,Ireland
417870,United States of America
14239,United States of America
1596291,United States of America
39900,Hong Kong
4250,Germany
869565,United States of America
897374,United States of America
84214,United States of America
9296,United States of America
8327,United States of America
1128717,United States of America
601844,United States of America
575322,Russia
13994,United Kingdom
13994,United States of America
419743,Ireland
419743,United Kingdom
419743,United States of America
259694,United States of America
427564,United States of America
427900,United States of America
458737,United States of America
458737,United Kingdom
2275,United States of America
683340,United States of America
39108,Japan
992482,France
992482,Germany
835113,United States of America
11830,Japan
223319,Japan
15767,Japan
15767,Australia
15767,China
15767,United States of America
10351,United States of America
863951,Brazil
374908,Morocco
374908,France
520946,Australia
520946,Belgium
9899,United States of America
220,United States of America
9540,Canada
9540,United States of America
581387,South Korea
530723,United States of America
9416,United States of America
232,United States of America
1329471,United States of America
480042,China
480042,United States of America
480042,United Kingdom
1753377,United States of America
433501,United States of America
1302916,United States of America
1015724,United States of America
28528,United States of America
8881,United States of America
8881,Spain
8881,France
456327,Soviet Union
429473,United States of America
832,Germany
878728,Argentina
586863,France
50780,United Arab Emirates
50780,United States of America
1521346,Spain
1195518,United States of America
1195518,Australia
333354,United States of America
568467,United Kingdom
1418217,Japan
1046090,Taiwan
41662,United States of America
30943,United States of America
24831,United States of America
9959,United States of America
14553,Italy
14553,United Kingdom
14553,France
14553,United States of America
22536,South Korea
390051,United Kingdom
390051,United States of America
1403903,Brazil
59897,United States of America
59897,United Kingdom
938008,South Korea
785398,Poland
785398,Italy
785398,United Kingdom
387839,South Korea
15804,Taiwan
750695,Belgium
15157,Canada
15157,United States of America
119727,United States of America
13009,United States of America
1058699,United States of America
784610,South Korea
2661,United States of America
179144,France
179144,Italy
17101,Japan
16269,Hong Kong
16269,Macao
843416,United States of America
15016,Canada
15016,United States of America
42006,China
11152,Germany
11152,United States of America
157,United States of America
9972,United States of America
1722,France
1722,United Kingdom
1722,United States of America
10987,United States of America
280002,United States of America
615665,United States of America
429300,Iceland
429300,United States of America
582913,Belgium
582913,France
582913,Luxembourg
375846,Canada
375846,United States of America
1241634,India
417644,United States of America
13377,United States of America
2657,United States of America
10406,United States of America
54186,Japan
327164,Brazil
9385,France
9385,United Kingdom
828613,United States of America
989730,Japan
421223,Spain
1461519,United States of America
1461519,Sweden
99099,Japan
11829,Italy
1109255,France
1109255,Italy
634524,United States of America
449985,United States of America
449985,China
449985,Thailand
449985,United Kingdom
10669,United States of America
1075536,Philippines
1151534,Spain
175168,Japan
11499,France
11499,United Kingdom
11499,United States of America
1340110,United States of America
11127,United States of America
11127,South Africa
11258,United States of America
11258,United Kingdom
11258,Denmark
11258,France
11258,Japan
11258,Germany
11568,United States of America
1688652,United States of America
41515,United States of America
41515,New Zealand
398,United States of America
398,Canada
12610,United States of America
476968,United States of America
333667,China
333667,United States of America
418879,Russia
418879,United States of America
143667,Japan
638507,United States of America
26578,United Kingdom
26578,United States of America
443852,France
9085,United States of America
1755888,Russia
11804,Canada
11804,United Kingdom
11804,United States of America
9794,United States of America
5851,United States of America
5851,Australia
660779,France
1428862,Spain
924482,Serbia
924482,United Arab Emirates
924482,United Kingdom
808396,Mexico
808396,United States of America
1628071,China
257785,United Kingdom
257785,United States of America
1022964,United States of America
988078,Spain
10652,United States of America
1181107,South Korea
1181107,United States of America
156717,United States of America
1329336,United States of America
723369,Soviet Union
1254896,United States of America
295699,United States of America
359246,United States of America
620705,United States of America
15575,Japan
13483,United States of America
58767,United States of America
58767,South Africa
58767,Germany
681297,Belgium
681297,Congo
112949,United States of America
463684,United States of America
330947,United States of America
992,United States of America
404733,Belgium
404733,France
404733,United States of America
404733,United Kingdom
393457,United States of America
393457,Canada
1158915,United States of America
10633,United States of America
204407,Italy
580,United States of America
90934,Hong Kong
577,United Kingdom
577,United States of America
638449,Canada
638449,United Kingdom
13279,United States of America
1160003,France
1160003,United States of America
407375,United States of America
407375,Bulgaria
152747,United States of America
475430,United Kingdom
475430,United States of America
1406696,Brazil
11983,United States of America
11983,Ecuador
11983,United Kingdom
11983,Poland
10025,United States of America
13552,United States of America
13552,France
10649,United States of America
6537,Spain
47909,South Korea
736146,Japan
1749993,Nigeria
616446,United States of America
145220,United States of America
12103,United States of America
1492,France
1492,Spain
1492,United Kingdom
22954,United States of America
59678,France
59678,United Kingdom
32629,Hong Kong
11706,Italy
11706,United States of America
421,United States of America
10934,United States of America
10246,Canada
942238,Chile
10712,United States of America
316154,United States of America
1252428,China
491472,France
491472,Switzerland
491472,United Kingdom
491472,United States of America
491472,Ireland
32856,United States of America
1516391,United States of America
1076366,United States of America
574,United States of America
533256,Soviet Union
1172676,United States of America
11697,United States of America
344112,Italy
344112,France
1753681,Philippines
485942,Japan
485942,United States of America
16614,United States of America
42536,France
414095,United States of America
243683,United States of America
17332,France
17332,United States of America
17332,United Kingdom
9731,United States of America
1235431,Japan
611291,South Korea
11305,Japan
11305,United States of America
719128,South Korea
9991,United Kingdom
732203,Japan
966220,Ukraine
823,Japan
11398,United States of America
717196,Denmark
717196,Finland
717196,Germany
717196,Ireland
616251,United States of America
437375,United States of America
437375,Canada
14359,United States of America
1715492,United Kingdom
1528721,Canada
998846,United Kingdom
998846,United States of America
4823,United States of America
14624,United States of America
6933,United States of America
6933,Japan
6933,United Kingdom
8010,United Kingdom
8010,United States of America
399850,Vietnam
15906,United States of America
4946,France
4946,Italy
421186,Brazil
10766,United States of America
8649,United States of America
831946,Australia
831946,United States of America
1600,France
1600,Norway
1600,Poland
1268609,South Korea
14372,Italy
14372,United States of America
290751,South Korea
290751,Spain
290751,United Kingdom
290751,United States of America
529983,United States of America
51481,United States of America
14168,United States of America
805320,Spain
805320,United States of America
11823,United Kingdom
1234000,South Korea
787781,United States of America
46261,Australia
46261,Mexico
46261,United States of America
1038263,Germany
1038263,Italy
1038263,United States of America
2011,France
2011,United States of America
44865,Hong Kong
44865,China
44865,United States of America
369192,United Kingdom
369192,United States of America
27958,United States of America
27958,Germany
23566,Canada
23566,United States of America
833339,Denmark
833339,Netherlands
392301,Spain
1747922,Australia
428707,Japan
7873,United States of America
1716,France
11449,United States of America
1077280,United States of America
46498,France
46498,Italy
46498,United States of America
137321,United States of America
10611,United States of America
4551,United States of America
10336,United States of America
9549,United States of America
10733,United States of America
2841,France
2841,United States of America
38407,China
38407,United States of America
10787,United States of America
1541802,Indonesia
12620,United States of America
514439,United States of America
465545,Belgium
465545,France
10683,United States of America
10281,United States of America
369557,Ireland
369557,United Kingdom
369557,United States of America
138402,Sweden
41582,United Kingdom
41582,United States of America
9423,United States of America
9423,United Kingdom
9423,Germany
9423,Japan
9423,France
262338,Denmark
262338,Sweden
262338,United Kingdom
262338,United States of America
14943,Japan
758336,United States of America
356414,Germany
356414,Greece
356414,Qatar
957314,United States of America
1143319,United States of America
1589713,Indonesia
1589713,Malaysia
1589713,India
17295,Italy
17295,Algeria
10016,United States of America
606870,United States of America
606870,Canada
77805,United States of America
15144,United States of America
109,France
109,Poland
109,Switzerland
8880,United States of America
8880,Spain
8880,France
336,Italy
249,United States of America
781732,India
692018,Belarus
692018,Poland
34134,United States of America
397099,Hungary
80295,Germany
801937,Canada
801937,United States of America
801937,France
3073,United States of America
583083,United Kingdom
583083,United States of America
391387,Puerto Rico
345200,Spain
324560,Belgium
324560,France
324560,Germany
324560,Netherlands
324560,Sweden
324560,United Kingdom
1448497,United States of America
1448497,United Kingdom
1448497,Australia
1448497,Monaco
239571,United States of America
91417,United States of America
7797,United States of America
7797,Romania
7797,France
7797,Italy
7797,Germany
7797,Bulgaria
50435,France
584313,Japan
405177,United States of America
2293,United States of America
426631,Spain
16538,United States of America
298382,Australia
298382,United Kingdom
1249289,United States of America
1099766,Germany
1123550,Brazil
285234,Sweden
11232,United States of America
270082,Spain
11980,United States of America
1658217,Philippines
560008,United States of America
560008,United Kingdom
560008,Serbia
294795,Canada
294795,United Kingdom
294795,United States of America
14365,United Kingdom
14365,United States of America
513691,United Kingdom
513691,United States of America
17993,United States of America
5723,Ireland
5723,United States of America
9415,United States of America
859882,Japan
1259983,France
245698,United States of America
246,Japan
246,France
76489,United States of America
14202,Canada
14202,United States of America
26715,United States of America
1631917,Philippines
14113,United States of America
1744819,United States of America
12157,France
12157,Australia
13825,United Kingdom
13825,United States of America
1371151,Italy
1371151,United States of America
7735,Germany
241257,Canada
241257,Spain
241257,United States of America
1530510,Mexico
1530510,United States of America
664767,United States of America
1059073,United States of America
1255788,Belgium
1255788,France
987917,United States of America
1364608,United Kingdom
1364608,United States of America
10226,France
10226,Romania
2259,Germany
2259,United States of America
2259,Denmark
2259,Portugal
539892,Canada
539892,United States of America
127984,Soviet Union
14175,United Kingdom
14175,United States of America
10376,Italy
10684,United States of America
13785,United States of America
263341,China
263341,United States of America
18256,United States of America
24411,United States of America
2428,United States of America
387893,United States of America
387893,Canada
1557848,Turkey
9952,Luxembourg
9952,United States of America
9952,Thailand
774100,United States of America
21296,United States of America
242685,Brazil
429203,United States of America
1206008,United States of America
459910,Canada
10546,United States of America
408220,United States of America
680593,United States of America
437109,South Korea
85446,United States of America
20762,United States of America
15613,United States of America
1386827,United States of America
1386827,United Kingdom
1386827,Colombia
25196,United States of America
9612,United States of America
611213,United States of America
14282,Japan
759175,United States of America
9824,United States of America
6283,United States of America
29264,Mexico
272693,United States of America
1587950,Norway
1587950,Finland
1587950,Denmark
625450,United States of America
508081,South Korea
652679,Colombia
947891,United States of America
9405,United States of America
1036255,France
2086,United States of America
40205,United States of America
22094,United States of America
1281826,United States of America
1364953,Australia
1364953,United States of America
1275151,Spain
1214684,United Kingdom
1214684,United States of America
84332,United States of America
976720,Belgium
976720,France
976720,Lithuania
17689,United States of America
491283,United Kingdom
435239,Belgium
17918,United States of America
803,France
492719,Japan
573531,Germany
573531,Japan
573531,United States of America
347969,United States of America
2185,United States of America
5725,United States of America
1513010,Spain
1513010,Colombia
97614,France
97614,United States of America
177,United States of America
862976,South Korea
467062,United States of America
586,United States of America
295011,United Kingdom
295011,United States of America
3591,United Kingdom
5137,Italy
5137,United Kingdom
5137,United States of America
11968,United States of America
842934,United States of America
11589,United States of America
11589,Yugoslavia
530079,Japan
39486,United States of America
13459,Canada
10707,United States of America
8373,United States of America
9356,United States of America
377264,United Kingdom
377264,United States of America
9290,Australia
9290,United States of America
570,France
570,Italy
770254,United States of America
11260,United States of America
86829,France
86829,United Kingdom
86829,United States of America
587412,India
111969,United States of America
500916,United States of America
385360,United States of America
1252,United States of America
1252,Germany
14362,United States of America
451945,France
15805,United States of America
11638,United States of America
37056,United States of America
40224,France
56832,Japan
38368,Thailand
38368,United Kingdom
38368,Germany
38368,Spain
38368,France
38368,United States of America
923877,France
16551,United States of America
1182387,United States of America
429471,United States of America
1435092,United Kingdom
437626,Canada
437626,Sweden
437626,United States of America
10304,United States of America
13285,Canada
13285,United States of America
665251,Japan
13195,United Kingdom
13195,Luxembourg
13195,United States of America
331576,China
331576,Hong Kong
331576,Thailand
75624,Japan
438,Canada
11887,United States of America
2334,France
430447,Japan
606679,United Kingdom
606679,United States of America
238215,United States of America
416148,France
1245398,Sweden
257743,Argentina
257743,Spain
16340,United States of America
532067,Japan
1295026,Japan
1295026,United States of America
1449400,United States of America
416144,Australia
416144,Singapore
416144,United States of America
416144,United Kingdom
10996,United States of America
9381,France
9381,United Kingdom
9381,United States of America
14635,United States of America
13596,United States of America
396806,United States of America
396806,United Kingdom
13355,United States of America
9086,United States of America
1562032,United States of America
1562032,France
7304,Germany
7304,United States of America
9425,United States of America
9425,United Kingdom
2085,United States of America
340613,Sweden
340613,Switzerland
340613,United Kingdom
340613,United States of America
49953,Belgium
49953,France
49953,Italy
49953,United States of America
227359,United States of America
40894,United States of America
26371,United Kingdom
26371,United States of America
57157,United States of America
892,France
378,United States of America
363,Germany
363,Turkey
83770,Brazil
83770,France
83770,United Kingdom
83770,United States of America
1045938,United States of America
952217,United States of America
4954,United States of America
26598,United Kingdom
12253,United States of America
1125701,United Kingdom
1125701,Netherlands
491480,Malawi
491480,United Kingdom
491480,United States of America
12225,United Kingdom
448095,United States of America
11128,United States of America
11374,United States of America
1222248,Norway
1276704,Spain
331962,United States of America
108,France
108,Poland
108,Switzerland
779816,United States of America
931097,Kosovo
31767,United Kingdom
941890,United States of America
620725,Canada
620725,United States of America
620725,South Korea
308188,Brazil
13815,France
13815,United States of America
621587,New Zealand
621587,United Kingdom
621587,United States of America
294652,Australia
294652,Canada
294652,United Kingdom
1591834,Mexico
1591834,Argentina
1376415,France
1376415,Belgium
10307,United States of America
802219,United States of America
11088,United States of America
300439,Japan
300439,Spain
14317,United States of America
1440769,United States of America
1440769,United Kingdom
736125,Peru
736125,Spain
76494,United States of America
14695,Germany
14695,United States of America
1755957,Indonesia
333623,Japan
836225,Mexico
836225,United States of America
836225,Venezuela
9586,United States of America
669671,United Kingdom
669671,United States of America
544431,United States of America
3536,United States of America
3536,France
1327690,United States of America
1327690,Canada
479649,Canada
25050,Japan
508747,China
411728,France
411728,Ireland
411728,Mexico
411728,United States of America
411728,Iceland
411728,Belgium
259207,Cameroon
259207,Germany
9501,Canada
9501,France
9501,Japan
9501,United States of America
327,Japan
327,United Kingdom
327,France
610375,Brazil
406785,United States of America
25239,United States of America
13820,United States of America
486589,South Korea
221,United States of America
25941,United Kingdom
536326,Romania
536326,United States of America
482040,South Korea
104524,Japan
33689,United States of America
1432474,United States of America
400214,Puerto Rico
24589,United States of America
1542352,India
730251,Japan
730251,United States of America
730251,United Kingdom
730251,Singapore
12573,United States of America
12573,United Kingdom
12573,France
853028,Austria
11826,Spain
11826,United Kingdom
540,United States of America
44363,United States of America
1231924,South Korea
552095,Canada
1307078,United States of America
1030598,Israel
671074,South Korea
228203,United States of America
9715,United States of America
573730,Japan
798021,United States of America
959894,India
1656018,France
13969,United States of America
13461,Italy
13461,Spain
862968,United States of America
862968,United Kingdom
1480,United States of America
758679,Belgium
758679,United Kingdom
758679,United States of America
242900,France
27029,United States of America
353141,United Kingdom
2134,United States of America
144336,United States of America
344842,Nicaragua
1715820,United Kingdom
51999,Germany
51999,United Kingdom
51999,Sweden
51999,Denmark
1754410,Czechoslovakia
50671,United Kingdom
50671,United States of America
846250,United States of America
2755,United States of America
11342,United States of America
1599090,United States of America
12480,France
12480,Japan
10627,United States of America
1221404,Japan
19265,United States of America
19265,France
447362,United States of America
5471,Australia
5471,Canada
5471,Iceland
5471,United Kingdom
5471,United States of America
334889,Sweden
1648678,France
1648678,United Kingdom
11948,Japan
11948,New Zealand
11948,United Kingdom
110930,Morocco
10493,Australia
39105,Japan
508570,United States of America
929826,Brazil
691052,Hungary
12435,United States of America
8438,France
8438,United States of America
381890,China
381890,Hong Kong
234004,Canada
234004,Hong Kong
234004,United States of America
484437,Belgium
484437,Finland
484437,Ireland
484437,United Kingdom
484437,United States of America
46929,United States of America
21309,United Kingdom
21309,United States of America
146779,Norway
32221,United States of America
9903,United States of America
1145462,France
11553,Taiwan
11553,France
41222,Czech Republic
10768,United States of America
28355,Canada
28355,United States of America
10540,United Kingdom
10540,United States of America
19929,Germany
59421,South Korea
1339658,United States of America
4203,Spain
55787,United States of America
984184,Philippines
1629369,United States of America
1628367,India
1421982,United States of America
1365,United States of America
10411,United States of America
13312,France
15567,United States of America
10808,United States of America
11966,United States of America
426793,Canada
9978,Germany
9978,United Kingdom
9978,United States of America
575604,South Korea
168098,United States of America
2009,Belgium
2009,Romania
541134,United States of America
5000,France
9491,United States of America
1688454,Belgium
17657,United States of America
11223,United States of America
388664,France
1306525,Indonesia
9044,United Kingdom
9044,United States of America
449512,Brazil
576,United States of America
21575,France
21575,Italy
844185,United States of America
1185528,China
1400336,United States of America
15655,United States of America
11597,United States of America
73567,United States of America
826914,United States of America
360310,Brazil
339967,Canada
339967,South Korea
339967,Spain
339967,United States of America
256522,Japan
996,United States of America
394091,Germany
70578,United States of America
837335,Italy
837335,France
837335,Switzerland
837335,Turkey
602147,United States of America
602147,United Kingdom
1247002,South Korea
532,United Kingdom
1092936,Italy
1092936,Slovenia
1755734,Puerto Rico
14811,United States of America
1072876,United States of America
1044142,Germany
1251717,United States of America
823610,South Africa
4477,United States of America
19345,United States of America
37703,Hong Kong
307692,Switzerland
629028,South Korea
10708,United States of America
1504901,United States of America
508763,China
508763,United States of America
819876,Canada
819876,Greece
819876,United Kingdom
819876,France
819876,United States of America
6346,United States of America
549294,United States of America
295693,United States of America
16186,United States of America
11415,United States of America
11064,United States of America
1076708,United States of America
1158996,France
394349,Puerto Rico
698948,United Kingdom
698948,United States of America
1631504,Japan
574451,United States of America
257274,Spain
64639,United States of America
252522,Taiwan
300673,United States of America
10657,United States of America
1213898,India
452507,United States of America
452507,Canada
12590,United States of America
1852,United States of America
1852,Germany
6644,United States of America
940452,Ukraine
407445,Switzerland
407445,United Kingdom
38357,United States of America
38357,United Kingdom
11595,United States of America
346709,United Kingdom
346709,United States of America
9448,United States of America
243352,United States of America
203739,United States of America
11077,United States of America
13681,United States of America
1011064,Canada
889580,Indonesia
889580,Malaysia
544152,United Kingdom
410199,United States of America
643,Soviet Union
410554,United Kingdom
410554,United States of America
9929,France
9929,Belgium
8090,United States of America
1146972,Japan
37931,United States of America
241843,United States of America
16314,United States of America
475094,Germany
475094,France
475094,Poland
126280,United States of America
146724,South Korea
910,United States of America
10784,Germany
10784,United States of America
1508564,India
390734,Japan
390734,United States of America
16085,United States of America
376995,France
1123093,Canada
1123093,United States of America
414001,United Kingdom
1318917,Turkey
1649,United States of America
1128655,Australia
1128655,Ireland
1128655,United Kingdom
1128655,United States of America
10806,United States of America
9890,United States of America
11837,United Kingdom
881164,United States of America
77985,Israel
77985,United States of America
9885,Australia
17134,United States of America
10518,United States of America
1331375,Colombia
1331375,United States of America
168530,United States of America
9923,United Kingdom
9923,France
9923,United States of America
209403,United States of America
12657,United States of America
20921,Japan
555457,United Kingdom
12594,United States of America
1555331,Turkey
350312,India
11426,United States of America
178,United States of America
1233069,Germany
1233069,Austria
58224,United States of America
396263,Japan
1754901,Greece
1160164,United States of America
41382,United States of America
10333,United States of America
1811,United States of America
1811,France
43519,United Kingdom
41505,United States of America
7457,Germany
7457,United Kingdom
7457,United States of America
10762,United States of America
2088,United Kingdom
2088,United States of America
10849,United States of America
42700,France
42700,United Kingdom
541,United States of America
2302,United States of America
1007560,Saudi Arabia
10552,Netherlands
10552,United States of America
12502,United States of America
446696,Spain
446696,United States of America
373774,Argentina
1611789,Argentina
1611789,Brazil
1611789,France
1008102,United Arab Emirates
1008102,United Kingdom
1008102,United States of America
33613,Denmark
33613,Germany
33613,Sweden
188166,United States of America
188166,France
119675,United States of America
848791,Australia
848791,United Kingdom
848791,United States of America
676710,Belgium
676710,Canada
676710,Germany
676710,United Kingdom
408051,Puerto Rico
13477,United States of America
13022,Australia
13022,United States of America
974663,Australia
974663,France
974663,Spain
2312,Canada
2312,Germany
2312,United States of America
788929,Iceland
788929,Poland
788929,Sweden
157370,United States of America
994,United States of America
994,United Kingdom
60672,France
60672,United Kingdom
60672,Italy
13531,United States of America
790459,United Kingdom
790459,United States of America
1284186,France
1284186,Greece
1284186,United States of America
1284186,Cyprus
1284186,United Kingdom
597316,Canada
597316,Ireland
452558,China
452558,Hong Kong
452558,Thailand
24734,Japan
24734,United Kingdom
24734,United States of America
508664,Australia
508664,United Kingdom
402331,United States of America
699225,Chile
302,France
302,United Kingdom
1370814,United States of America
1370814,United Arab Emirates
1043565,United States of America
480001,United States of America
465136,Switzerland
465136,United Kingdom
465136,United States of America
467952,United States of America
1497348,Indonesia
11692,United States of America
169219,United Kingdom
169219,United States of America
169219,Russia
69735,United States of America
1418657,United States of America
10275,China
10275,Hong Kong
20829,United States of America
10033,Germany
10033,United States of America
342521,United States of America
3127,United Kingdom
1209288,United States of America
9059,United States of America
46517,Switzerland
9074,United States of America
9074,Germany
9074,Turkey
9074,France
1042657,United States of America
373314,United States of America
746346,South Korea
746346,Vietnam
746346,Singapore
746346,Thailand
11655,Mexico
15596,United States of America
379170,United Kingdom
11712,Japan
9449,United Kingdom
9449,United States of America
245703,United States of America
245703,Greece
121876,Portugal
10212,Czech Republic
10212,Mexico
10212,United Kingdom
10212,United States of America
257679,Hungary
989662,United States of America
15384,China
15384,Hong Kong
15384,Japan
15384,South Korea
15384,Taiwan
15384,United States of America
24226,United States of America
227348,United States of America
24752,Japan
1081012,United States of America
48773,Hong Kong
48773,Japan
48773,South Korea
335788,Germany
335788,Belgium
335788,France
335788,United States of America
17335,United States of America
462183,Spain
390303,Germany
114478,United States of America
114478,Japan
40978,France
14052,United States of America
63493,United States of America
63493,Germany
1026880,Canada
1026880,Poland
788973,Indonesia
11484,United States of America
11484,Canada
11484,United Kingdom
486898,China
486898,France
486898,Taiwan
387843,South Korea
337844,United States of America
11647,China
11647,Hong Kong
11647,Singapore
1227816,United States of America
844398,Germany
844398,Switzerland
844398,United States of America
1636891,United States of America
1476740,United States of America
1476740,France
1476740,Indonesia
1476740,Canada
113082,Japan
10122,United States of America
374205,Japan
623117,Germany
623117,Turkey
363358,Sweden
8348,United States of America
1572017,South Africa
641284,Canada
641284,France
351694,China
1675042,Japan
42067,United States of America
42067,Japan
12107,United States of America
12705,United States of America
11543,United States of America
13378,United States of America
797,Sweden
1527163,Sri Lanka
197158,Brazil
19256,Japan
438590,United States of America
343213,Chile
330483,United States of America
12151,United States of America
200085,South Korea
11076,United States of America
609819,United States of America
8427,United States of America
8427,Canada
442567,Hungary
392216,United States of America
627290,United States of America
1510769,India
1534,United States of America
1049,France
1049,United States of America
333348,United States of America
4173,Italy
4173,United States of America
1746651,Canada
912,United States of America
440918,United Kingdom
440918,United States of America
542836,South Korea
919207,South Korea
86828,United Kingdom
530896,Soviet Union
75317,Turkey
22787,United States of America
290864,China
290864,Hong Kong
348056,Hungary
70513,France
5375,United States of America
7979,China
7979,United Kingdom
7979,United States of America
1404404,Japan
283682,Soviet Union
887357,United States of America
972614,United States of America
537140,United Kingdom
1264805,South Korea
302429,United States of America
130925,Canada
536869,China
536869,United Kingdom
536869,United States of America
1353117,Thailand
1353117,United States of America
1359607,Japan
9726,United Kingdom
9726,United States of America
487680,United States of America
487680,Canada
1290938,United States of America
375107,China
908135,United States of America
13078,United States of America
498248,South Africa
498248,Germany
498248,France
528085,Australia
528085,United States of America
2405,Germany
2405,Italy
2405,United States of America
366924,United States of America
541502,Germany
530442,United States of America
741074,United States of America
45132,United States of America
12138,Germany
12138,United States of America
773655,United Kingdom
773655,United States of America
154547,Czech Republic
9641,Canada
9641,United States of America
2013,France
2013,United States of America
961651,United States of America
21316,United States of America
301351,United Kingdom
301351,France
481879,United States of America
1124928,Australia
37632,Aruba
37632,United States of America
10477,United States of America
39828,Hong Kong
39828,China
703845,France
369942,Spain
721934,Brazil
70074,India
70074,Switzerland
70074,United States of America
57737,United States of America
13980,Japan
2900,United States of America
845659,Germany
845659,Switzerland
845659,United States of America
19542,United Kingdom
1902,Spain
1902,France
1902,Italy
11866,United States of America
487358,Japan
13486,United States of America
13486,South Africa
13486,Germany
420426,Japan
10044,Hong Kong
864168,United Kingdom
864168,United States of America
1190012,United States of America
1481609,Canada
1481609,Australia
283587,Brazil
283587,United States of America
9787,Germany
9787,United States of America
990691,Sweden
990691,Denmark
18725,Hong Kong
245916,United States of America
1462229,China
44935,Thailand
17360,Italy
17360,United Kingdom
17360,United States of America
17360,Hungary
62029,Italy
1533222,United States of America
1533222,United Kingdom
429417,United Kingdom
14291,United States of America
5916,United States of America
1753614,United States of America
236399,Canada
1610418,United States of America
449503,United States of America
10388,United States of America
949581,Canada
949581,United States of America
273895,United Kingdom
273895,United States of America
38410,United States of America
221902,Belgium
221902,France
221902,Italy
8285,United States of America
912916,United States of America
515724,United Kingdom
515724,United States of America
88794,United States of America
10218,United States of America
18771,United States of America
31606,United States of America
26963,Ireland
26963,France
26963,Belgium
27465,United States of America
27465,Germany
470888,Mexico
25983,United States of America
11037,Canada
11037,Israel
11037,United States of America
16520,United States of America
29077,United Kingdom
29077,United States of America
9873,United States of America
1245,United Kingdom
1245,United States of America
41791,United Kingdom
41791,United States of America
11377,United States of America
852448,United Kingdom
995989,France
13159,United States of America
1020696,United States of America
1469164,United States of America
4515,United States of America
411976,United States of America
869025,United Kingdom
869025,United States of America
999582,United States of America
794734,Russia
1477104,United Kingdom
1477104,France
39412,France
1308553,India
1308553,United Kingdom
13001,Canada
13001,United States of America
11654,United Kingdom
11654,United States of America
1631485,Argentina
456750,United States of America
456750,Canada
931642,United States of America
357096,United States of America
8952,France
8952,United States of America
609313,Portugal
1171462,Japan
215269,Hungary
15854,United States of America
1477108,Philippines
987400,United States of America
987400,Mexico
1200320,United States of America
1200320,Australia
939979,Germany
939979,Switzerland
939979,United States of America
11252,United States of America
988,United States of America
277547,United States of America
1501523,France
479226,Denmark
479226,Germany
479226,Norway
479226,Sweden
15916,Japan
492008,South Korea
825597,United States of America
15379,United States of America
10852,Hong Kong
14830,United States of America
63492,United States of America
1426518,United States of America
2752,United States of America
2752,France
2752,United Kingdom
1585476,United States of America
15849,United States of America
869291,Germany
869291,United States of America
9422,United States of America
38921,Canada
38921,United States of America
5651,United States of America
1016011,South Korea
11372,United Kingdom
3980,United Kingdom
3980,United States of America
1301994,Philippines
428352,Spain
550353,Hong Kong
653851,United States of America
6951,United States of America
451520,Spain
5335,Italy
585378,United States of America
667257,Mexico
68817,United States of America
782622,Latvia
1447392,Philippines
428449,United States of America
1103257,Sweden
1103257,Turkey
6878,United States of America
106021,Belgium
106021,Canada
106021,United Kingdom
106021,United States of America
11227,France
10348,Hong Kong
33380,Denmark
1586573,Canada
483411,Australia
9073,France
9073,United States of America
67913,Ireland
67913,United Kingdom
67913,United States of America
127493,United States of America
1710,United States of America
341012,United States of America
960292,France
502682,United States of America
586047,South Korea
189312,Spain
1435447,France
1435447,Algeria
10836,Spain
1006033,Japan
115782,Switzerland
115782,United States of America
814340,United States of America
15413,United States of America
2453,United States of America
463555,Portugal
14510,United States of America
14510,Italy
27585,United States of America
2433,France
202960,United Kingdom
202960,United States of America
24230,United States of America
24230,Denmark
26263,United States of America
17455,Romania
17455,United States of America
985602,United Kingdom
985602,United States of America
81672,Italy
86255,United States of America
21422,Japan
718444,South Africa
718444,United States of America
718444,United Kingdom
16558,Germany
16558,United States of America
4985,United States of America
187596,United States of America
1391239,United States of America
1262983,France
21057,Japan
661231,United Kingdom
661231,United States of America
1290424,France
1290424,Denmark
10155,France
10155,United States of America
339,United States of America
339,Japan
339,France
339,Germany
339,United Kingdom
339,Finland
10838,Germany
10838,South Africa
13350,United States of America
11817,United States of America
272108,Japan
1312150,United Kingdom
1574042,United States of America
15003,Thailand
18905,Mexico
18905,United States of America
465086,Canada
465086,United States of America
9568,United States of America
1225572,United States of America
860159,United States of America
604872,China
397722,United States of America
1443762,Italy
916728,Hungary
916728,United States of America
1032372,Canada
1032372,United Kingdom
581032,United States of America
29912,United States of America
675025,Canada
675025,Mexico
675025,United States of America
1728056,United Kingdom
49948,United States of America
36576,United States of America
500561,Norway
1748218,United States of America
11361,United States of America
149509,United States of America
727333,United States of America
727333,Canada
630699,Brazil
773804,South Korea
11524,United States of America
10956,United States of America
3172,United States of America
3172,Switzerland
11293,United States of America
27526,United States of America
1748007,China
14207,United States of America
13398,Japan
809297,Japan
26953,United States of America
75233,Norway
415976,United States of America
588921,Peru
307752,India
27902,United States of America
76589,United States of America
10743,Canada
10743,Germany
10743,United States of America
151024,France
151024,Italy
171424,Canada
171424,Chile
171424,United States of America
9622,United States of America
10622,Hong Kong
10622,Australia
460321,United Kingdom
280019,South Korea
853987,United States of America
575813,China
575813,Hong Kong
575813,United Kingdom
1754221,Czechoslovakia
638597,United States of America
14035,Canada
101731,United States of America
585244,United States of America
800497,United States of America
41961,Soviet Union
406436,Mexico
406436,Puerto Rico
1141182,Canada
111485,New Zealand
111485,United States of America
514593,United States of America
157834,France
157834,Romania
157834,United Kingdom
157834,United States of America
47423,Hong Kong
11549,United States of America
11546,Russia
11546,United States of America
524348,United States of America
26171,United States of America
1854,Germany
388284,Mexico
34320,Mexico
142093,South Korea
1032185,Argentina
570480,Canada
698067,Argentina
1024604,United States of America
10885,United States of America
460846,United States of America
760883,Germany
760883,United Kingdom
568435,Spain
11531,United States of America
10152,United States of America
1244517,United States of America
1119779,Iraq
267192,United Kingdom
267192,United States of America
152599,United States of America
152599,France
3179,United States of America
293768,United Kingdom
293768,United States of America
13250,Canada
13250,United States of America
339121,Argentina
401905,United States of America
21733,Hong Kong
19918,United States of America
750253,Germany
750253,France
750253,United Kingdom
750253,United States of America
25137,United States of America
347984,New Zealand
347984,United Kingdom
819681,United States of America
9090,United States of America
829166,Croatia
12535,United States of America
343674,United States of America
651045,South Korea
2577,United Kingdom
2577,United States of America
30061,United States of America
829799,Canada
829799,United States of America
1407861,United Kingdom
294016,United States of America
212162,Japan
82505,United States of America
82505,Canada
643661,Mexico
1276073,Japan
20694,United States of America
16608,Australia
16608,United Kingdom
741228,United Kingdom
741228,United States of America
1624564,Malaysia
1001865,United Kingdom
1145840,Montenegro
515042,United States of America
20677,Japan
594342,Argentina
594342,Brazil
1748841,United States of America
1244416,Spain
1188258,Japan
1188258,Taiwan
2148,United States of America
10618,Hong Kong
829051,United States of America
762770,France
342878,France
10035,United States of America
77185,Russia
827931,United States of America
514921,United Kingdom
514921,United States of America
983,United Kingdom
983,United States of America
407962,Puerto Rico
12761,Germany
12761,Sweden
12761,United Kingdom
122705,Argentina
713301,Estonia
713301,Finland
713301,Norway
713301,Russia
1541932,France
436343,Hungary
13435,United States of America
7514,Jamaica
407448,United States of America
1611977,United States of America
814757,United Kingdom
814757,United States of America
76544,China
76544,Hong Kong
76544,United States of America
264656,United States of America
264656,France
489430,Argentina
9271,United States of America
287,United States of America
33196,South Korea
94365,Netherlands
94365,United States of America
668640,Argentina
668640,Spain
8270,United States of America
8270,Canada
1226299,Philippines
278774,Canada
3089,United States of America
591275,United States of America
1600028,Mexico
1600028,Spain
340357,France
340357,Canada
340357,Belgium
2269,Russia
10163,United States of America
1619,United States of America
8592,United States of America
1418709,France
1179684,Netherlands
1530349,Spain
10135,United States of America
196254,United Kingdom
196254,United States of America
1363879,Canada
222936,United States of America
11708,United Kingdom
271116,Hong Kong
271116,Taiwan
43209,Thailand
429469,Brazil
283984,Japan
13572,Germany
13572,United States of America
10242,United States of America
428777,France
411840,Canada
411840,United States of America
550231,United States of America
728142,Italy
728142,Romania
728142,United Kingdom
728142,Northern Ireland
18674,Hong Kong
10606,United States of America
397539,Poland
408542,Philippines
850,United States of America
850,Canada
1529419,United States of America
9777,United States of America
343749,Mexico
430682,United Kingdom
1549709,Thailand
1426297,Argentina
1426297,New Zealand
16082,United States of America
1536433,Mexico
1536433,Spain
1536433,France
107811,United States of America
14092,Japan
14092,United States of America
10551,United States of America
70057,Hong Kong
70057,China
813726,United States of America
557564,Belarus
557564,Switzerland
1410,United States of America
759902,Canada
759902,United States of America
339404,United States of America
1658214,Philippines
9666,Japan
16083,Germany
16083,United States of America
1235746,Germany
1235746,United States of America
1235746,Belgium
21452,Japan
293646,United States of America
823766,Ireland
823766,United Kingdom
10349,United States of America
11123,United States of America
378111,Belgium
378111,Germany
378111,Luxembourg
378111,Norway
216471,Japan
13465,United States of America
853269,Mexico
259072,Germany
259072,United States of America
35690,United States of America
659940,Denmark
659940,Germany
107827,Hong Kong
672647,United States of America
2742,Canada
2742,United Kingdom
9585,United States of America
2212,United States of America
4688,United States of America
426814,United States of America
598553,Spain
26612,United Kingdom
26612,United States of America
8197,United States of America
11034,United States of America
203696,United States of America
323676,United States of America
736073,United States of America
666154,Peru
471676,Mexico
401371,Germany
401371,United Kingdom
433738,Turkey
493192,Israel
41472,Japan
14756,China
14756,Hong Kong
8851,United States of America
27769,United States of America
848123,Australia
848123,United States of America
10951,Hong Kong
10951,Taiwan
176467,Finland
1458215,United States of America
1585657,Russia
1236419,United States of America
338155,France
290764,United States of America
1623376,Japan
17443,United States of America
1373198,United States of America
778855,Belgium
778855,France
778855,United States of America
481093,Brazil
524216,United States of America
1146344,United States of America
363992,United States of America
9021,United States of America
9021,Canada
1530875,United States of America
1847,United States of America
523781,United States of America
531,United Kingdom
1383750,United Kingdom
10164,United States of America
216527,United States of America
16633,United States of America
39850,France
39850,Hong Kong
39850,Italy
39850,Luxembourg
39850,United Kingdom
39850,United States of America
12516,Japan
12516,United States of America
596,United States of America
95661,France
16225,Canada
16225,Germany
34803,United States of America
830764,United States of America
7289,Italy
900379,Germany
1164355,Indonesia
458344,United States of America
1754204,Czechoslovakia
12593,United States of America
13767,United States of America
188813,Hong Kong
716612,Chile
716612,Germany
716612,United Kingdom
716612,United States of America
1013601,United States of America
336004,United States of America
336004,United Kingdom
64,Spain
485767,Mongolia
318781,Germany
318781,Luxembourg
318781,United Kingdom
318781,France
660000,Belgium
660000,France
1324402,United Kingdom
938150,United States of America
1931,United States of America
452,Denmark
452,France
452,Germany
452,Netherlands
452,Italy
452,Sweden
505283,South Korea
974808,Australia
141123,Argentina
12763,United States of America
1047020,United States of America
1433330,United States of America
1433842,United States of America
204,France
204,Italy
9009,United States of America
91010,United States of America
1037858,United States of America
1338799,Japan
11566,United States of America
16620,United States of America
531499,United States of America
347541,Canada
455411,United States of America
11157,United States of America
505225,United Kingdom
505225,United States of America
337676,France
337676,Italy
35044,United States of America
435615,Australia
435615,Canada
435615,United Kingdom
435615,United States of America
990,United States of America
11867,United States of America
662708,Japan
455383,Finland
36592,Japan
1013860,United States of America
476,United States of America
435901,Russia
1465685,Spain
10658,United States of America
2469,Spain
16643,United States of America
651114,United States of America
1403003,United States of America
956491,Spain
930600,United States of America
800510,United States of America
13944,Canada
13944,United States of America
922965,Senegal
633168,Germany
11344,South Korea
1263421,Japan
450460,France
795811,Japan
16198,Japan
1299652,United States of America
448312,Hungary
511785,United States of America
39206,Japan
600323,Japan
28764,Japan
1533029,Philippines
842544,Australia
842544,United Kingdom
403346,Japan
2071,United States of America
1127879,Canada
294163,France
302349,Finland
302349,Germany
195590,Germany
195590,United Kingdom
195590,United States of America
523773,Canada
523773,United States of America
136234,Latvia
2084,United Kingdom
883954,United States of America
883954,Luxembourg
883954,South Africa
247,United States of America
676547,United States of America
615658,Canada
615658,United States of America
13851,Japan
13851,United States of America
13851,South Korea
1507573,United Kingdom
20334,United States of America
77987,Denmark
77987,France
77987,Sweden
77987,United States of America
517691,Russia
58633,France
52526,Argentina
333456,Norway
207508,Germany
207508,Switzerland
701219,Mexico
506072,Canada
506072,United States of America
506072,United Kingdom
15657,United States of America
298026,United States of America
14576,United States of America
11853,United States of America
67883,Italy
1264397,Indonesia
1627045,France
500852,Mexico
500852,United States of America
12554,United States of America
451624,Japan
1494809,United States of America
1494809,Latvia
366668,Canada
366668,Germany
366668,United Kingdom
366668,United States of America
334521,United Kingdom
29039,Italy
29039,United States of America
724406,France
486947,Denmark
70626,Germany
1596248,United States of America
821881,United Kingdom
1922,Belgium
1922,France
1922,Germany
1922,United Kingdom
1922,Luxembourg
663260,France
663260,Belgium
927107,United States of America
15775,United Kingdom
15775,United States of America
58395,United States of America
1234054,Turkey
1003733,China
39464,Japan
92694,Mexico
23706,United States of America
22897,United States of America
336009,Peru
65496,France
17663,United States of America
17663,Canada
11085,United States of America
1239447,South Korea
1039690,United States of America
18248,Poland
18248,United States of America
10635,United States of America
9694,Japan
45454,Hong Kong
15071,Bulgaria
15071,United Kingdom
15071,United States of America
19576,Japan
74513,France
21453,Japan
718400,United States of America
234200,France
234200,United Kingdom
1217602,South Africa
1217602,United States of America
1100848,Japan
198672,Denmark
198672,Sweden
1595481,United States of America
1235761,United States of America
397560,Puerto Rico
39101,Japan
547341,Vietnam
857800,United Kingdom
857800,United States of America
42814,United States of America
1235304,France
1235304,Belgium
802217,United States of America
401246,Denmark
401246,France
401246,Germany
401246,Sweden
401246,United States of America
10714,United States of America
357469,Brazil
463580,Hungary
10073,Switzerland
10073,United States of America
11860,Germany
11860,United States of America
931035,Japan
17965,United Kingdom
13701,United States of America
209242,Czech Republic
1375831,Australia
564147,India
12211,United Kingdom
12211,United States of America
118406,Japan
36492,United States of America
1756547,France
104755,Canada
104755,United States of America
104755,United Kingdom
31176,Turkey
2928,United States of America
864959,United States of America
128241,United Kingdom
610892,Japan
1354795,China
696157,United States of America
1735711,Australia
505058,United States of America
86983,Sweden
1247019,Thailand
700199,South Korea
845222,South Korea
7012,United States of America
595586,Finland
595586,United States of America
14289,United States of America
523172,United States of America
559064,Japan
38541,Canada
38541,Germany
38541,United States of America
10480,Germany
10480,United States of America
451955,Belgium
451955,France
409916,Portugal
11027,United States of America
11027,Germany
162215,Canada
162215,United Kingdom
262391,France
408978,Mexico
17165,Japan
734002,Poland
734002,Lithuania
734002,Serbia
798559,Brazil
4889,United Kingdom
878361,United States of America
14447,United Kingdom
452557,China
12797,United States of America
888321,Austria
888321,France
888321,Germany
888321,Luxembourg
326501,Brazil
43231,France
43231,Italy
884184,United Kingdom
884184,United States of America
12710,United States of America
1531626,United States of America
666243,Poland
666243,South Korea
666243,United States of America
359412,Canada
359412,United States of America
442065,United States of America
10053,United States of America
1728566,China
9318,Denmark
9318,France
733442,Germany
429245,Japan
1116490,United States of America
1286185,France
1286185,United States of America
1286185,United Kingdom
1286185,Greece
1286185,Belgium
1014661,United States of America
7874,United States of America
879689,United Kingdom
811941,India
604282,Latvia
575094,Russia
34067,Japan
530,United Kingdom
708442,Spain
708442,United States of America
27374,Australia
2331,Czech Republic
2331,France
2331,Germany
2331,Italy
2331,Malta
2331,Morocco
2331,Netherlands
2331,Spain
2331,United States of America
21450,United Kingdom
555974,United States of America
378059,Canada
724282,Indonesia
20210,United States of America
1123276,Australia
1061990,Japan
789213,United Arab Emirates
12613,Japan
10364,United States of America
675319,United Kingdom
675319,United States of America
675319,Northern Ireland
112336,United States of America
112336,United Kingdom
139567,United Kingdom
139567,United States of America
485415,United States of America
485415,Bulgaria
125157,Italy
921452,France
921452,Belgium
921452,Saudi Arabia
921452,United Kingdom
921452,United States of America
921452,Russia
14620,United States of America
458083,South Korea
10679,Finland
10679,Germany
10679,Australia
63197,United States of America
368528,Sweden
107748,Colombia
9474,France
9474,Germany
9474,Italy
9474,United States of America
1610413,United States of America
1075519,United States of America
664850,United Kingdom
573364,Japan
5910,Japan
221731,Japan
346094,Argentina
388202,United States of America
250124,United States of America
32029,United Kingdom
32029,United States of America
11689,Italy
811631,Australia
811631,Poland
811631,United Kingdom
811631,United States of America
4193,United Kingdom
4193,United States of America
4193,Spain
425148,United Kingdom
425148,United States of America
46169,United States of America
11780,United Kingdom
11780,United States of America
3084,United States of America
32847,United States of America
1473148,Austria
1473148,Germany
1473148,France
1473148,Sweden
1473148,Singapore
1105407,United Kingdom
1105407,United States of America
83686,United States of America
390678,Indonesia
511817,United States of America
1241934,United States of America
14609,United States of America
198911,Argentina
811342,Argentina
23488,United Kingdom
40885,United States of America
236751,Canada
236751,United States of America
1944,United States of America
1461201,Japan
588367,United States of America
521034,France
521034,United Kingdom
38093,United States of America
1262426,New Zealand
876619,Italy
12690,United States of America
1727650,Indonesia
452848,Argentina
12228,United States of America
330397,Germany
878380,Argentina
10019,United States of America
435601,South Korea
385332,United States of America
385332,United Kingdom
385332,Hong Kong
385332,Ireland
385332,Hungary
1628123,United Kingdom
1628123,South Korea
13576,United States of America
9683,United States of America
9683,France
715503,Russia
1121070,United States of America
1121070,Vietnam
11086,United States of America
1556783,India
807339,United States of America
249511,Brazil
45752,United States of America
19673,Poland
1589891,Argentina
157772,Mexico
717082,United States of America
297725,Belgium
297725,France
297725,Portugal
297725,Spain
297725,United Kingdom
297725,United States of America
976584,United States of America
1147710,South Korea
8512,United States of America
10117,United States of America
997791,Brazil
931493,Vietnam
77887,United States of America
517093,Russia
517093,Serbia
725223,United States of America
1134433,Thailand
419446,Argentina
419446,Italy
43436,United States of America
259475,Mexico
21734,United States of America
37292,United States of America
220286,Spain
220286,United States of America
220286,United Kingdom
11888,Canada
11888,United States of America
10644,United States of America
10616,Hong Kong
9490,United States of America
73358,United Kingdom
130270,Switzerland
1087040,United States of America
1087040,Canada
362113,Brazil
879805,Canada
879805,United States of America
740952,Canada
740952,Puerto Rico
740952,United States of America
18861,Japan
1975,United States of America
15136,Hong Kong
1748382,Chile
354859,Spain
354859,United States of America
91342,Canada
91342,United States of America
286457,Hungary
30829,Australia
740356,Russia
740356,Estonia
785545,United Kingdom
525554,Belgium
525554,France
511142,Canada
511142,France
351901,United States of America
351901,Canada
98008,Italy
1674898,United States of America
271749,Italy
25676,Hong Kong
118957,Singapore
118957,Australia
1470329,Hong Kong
1470329,China
1470329,Japan
1470329,Saudi Arabia
1470329,Singapore
1470329,Philippines
1008779,Mexico
505579,Spain
505579,United States of America
1109774,Netherlands
1309012,Canada
1309012,Ireland
1309012,Germany
1309012,United States of America
1309012,Kazakhstan
15516,United States of America
25678,United States of America
18500,United States of America
13190,United States of America
681604,Brazil
514207,Russia
1254388,Argentina
572164,South Korea
821,United States of America
802143,Ireland
12715,United States of America
355838,Hungary
447759,South Korea
1121575,United States of America
1364271,Australia
748853,United Kingdom
748853,United States of America
46528,India
46528,New Zealand
46528,South Korea
46528,United States of America
476709,Portugal
266617,Yugoslavia
1596260,United States of America
1127175,United Kingdom
11323,United States of America
13807,Hong Kong
76122,United States of America
799715,Italy
471474,United States of America
13401,United States of America
837271,United States of America
42246,United States of America
980401,France
560050,China
560050,United States of America
4965,United States of America
21334,Iran
8289,United States of America
9687,United Kingdom
9687,United States of America
260528,Netherlands
786338,France
786338,Singapore
1029880,Denmark
704,United Kingdom
21647,South Korea
38543,United Kingdom
38543,United States of America
63574,United States of America
519010,Spain
9682,United States of America
9682,Romania
9682,South Africa
59902,United States of America
739547,United States of America
21610,United States of America
21610,United Kingdom
21610,France
1620682,Kuwait
1620682,Lebanon
3780,Japan
896453,India
653481,Germany
653481,Italy
1325541,Indonesia
690,France
567797,Australia
567797,United Kingdom
567797,United States of America
50357,Canada
50357,Russia
50357,United States of America
449118,Turkey
17835,Australia
17835,United Kingdom
39781,United States of America
39781,France
8293,United Kingdom
8293,Japan
8293,United States of America
38778,United States of America
29259,France
29259,Italy
1696533,Mexico
185341,Spain
141670,Spain
27154,South Korea
9024,United States of America
39107,Japan
10587,United States of America
421792,United States of America
421792,Spain
931,Italy
931,United Kingdom
389053,United States of America
389053,Puerto Rico
1751906,India
9445,France
9445,United States of America
1276774,United States of America
551271,Czech Republic
551271,United States of America
308032,United States of America
1388694,Germany
1388694,United States of America
207282,Soviet Union
1748388,United States of America
16436,Austria
16436,Switzerland
16436,Germany
453133,South Korea
10562,United States of America
294993,Hong Kong
1461254,South Korea
1134055,United States of America
465603,South Korea
795853,South Africa
441384,France
441384,Switzerland
441384,United Kingdom
441384,United States of America
130787,Puerto Rico
3291,France
3291,Japan
3291,United Kingdom
3291,United States of America
676581,Belgium
676581,France
676581,Romania
33005,United States of America
997113,United States of America
42888,United States of America
452310,Vietnam
41428,Japan
11542,United States of America
1140692,United States of America
1241894,Austria
1241894,Germany
1241894,Italy
15544,United States of America
1753593,Vietnam
11054,United States of America
416185,Spain
1278853,Austria
1278853,Belgium
1278853,Germany
1278853,Italy
980078,United Kingdom
26337,United States of America
1115009,United States of America
929569,Canada
929569,United States of America
517088,United States of America
11026,United States of America
336455,United States of America
287193,Vietnam
387820,South Korea
77459,France
77459,Belgium
984324,Belgium
984324,France
45202,South Korea
218890,Germany
15659,United States of America
26505,France
13649,United States of America
102780,Ireland
102780,United Kingdom
102780,United States of America
102780,Belgium
516806,Estonia
516806,Germany
516806,United Kingdom
139341,Netherlands
500904,United Kingdom
500904,United States of America
1659209,Dominican Republic
4485,France
1278263,France
1278263,Germany
471498,France
471498,United States of America
1717,Germany
1717,United States of America
122385,United States of America
122385,India
9096,United States of America
12498,United States of America
44629,Australia
1628,France
557948,United States of America
325789,United Kingdom
325789,United States of America
391757,United States of America
266396,France
266396,Spain
266396,United Kingdom
266396,United States of America
38117,United States of America
449444,United States of America
1186350,India
374461,United States of America
77949,United Kingdom
77949,France
338,Germany
346220,Germany
346220,Spain
309833,North Korea
309833,France
4507,Spain
646251,Armenia
391717,Russia
11315,Japan
628534,Singapore
628534,United States of America
628534,India
167346,Japan
1450379,China
9406,France
9406,Germany
9406,Luxembourg
9406,Netherlands
9406,United Kingdom
9406,United States of America
170657,China
170657,Hong Kong
11306,United States of America
720557,Austria
720557,India
720557,Russia
720557,Turkey
18747,Hong Kong
1113798,Argentina
197082,France
197082,Poland
197082,Belgium
1129104,United Kingdom
1129104,Canada
81870,China
81870,Hong Kong
303841,Germany
829402,Japan
829402,United States of America
8844,United States of America
893712,Japan
986425,Italy
10207,United States of America
650524,Hong Kong
650524,China
9893,United States of America
451863,Hong Kong
409328,Italy
21915,United States of America
401200,Belgium
401200,France
401200,Luxembourg
449200,Spain
14912,United States of America
4413,United States of America
740966,United States of America
526811,Belgium
526811,France
1049638,United Kingdom
1049638,United States of America
1575588,United States of America
70868,United States of America
11522,United States of America
2355,United States of America
401898,Denmark
401898,France
401898,Norway
401898,Sweden
116613,United Kingdom
100271,Japan
24248,United States of America
24248,Italy
492106,Taiwan
492106,Hong Kong
1879,United States of America
119569,United States of America
28162,United Kingdom
1321439,United States of America
14283,Austria
14283,Canada
14283,China
14283,Hong Kong
14283,Italy
14283,United Kingdom
14283,United States of America
11400,United States of America
11400,United Kingdom
423532,Czech Republic
423532,France
423532,Netherlands
125695,United States of America
1399914,United States of America
22620,United States of America
1003813,United States of America
2321,United States of America
964819,Switzerland
1601082,United States of America
1601082,United Kingdom
1601082,Tanzania
11443,United States of America
827837,France
827837,Morocco
827837,Qatar
641662,Canada
641662,Hungary
641662,United States of America
237,United Kingdom
237,France
21832,Japan
14637,United States of America
137227,Japan
1226841,United Kingdom
1226841,United States of America
1648660,Finland
1648660,Sweden
169209,United States of America
169209,United Kingdom
2290,France
2290,Hungary
2290,United States of America
2290,Germany
841755,United States of America
957567,Belgium
957567,France
19120,Italy
19120,France
26850,United Kingdom
515641,Spain
855732,China
110410,Hong Kong
110410,China
433247,United States of America
1268053,United Kingdom
1268053,United States of America
11772,United Kingdom
11772,United States of America
1368172,Denmark
250366,Japan
253935,France
1230368,United States of America
11982,United States of America
1016178,Iraq
218784,United States of America
34314,United States of America
11456,United States of America
6524,United States of America
18032,Australia
18032,France
18032,Hungary
18032,United States of America
10052,Germany
10052,United States of America
736074,United States of America
2639,United States of America
982294,Spain
872583,Japan
324542,United States of America
324542,United Kingdom
932430,United States of America
635891,United States of America
1136381,Japan
10757,India
10757,United Kingdom
773867,South Korea
4911,Germany
4911,United Kingdom
4911,United States of America
11562,United States of America
100683,United States of America
942199,Canada
477804,France
289727,United States of America
254201,Denmark
254201,Germany
254201,Norway
254201,Sweden
1421903,United Kingdom
1421903,United States of America
1722815,Brazil
1540365,United Kingdom
1128505,United States of America
539517,United States of America
1165,France
1165,Italy
1165,United Kingdom
9828,United States of America
16270,United States of America
246286,Finland
1655768,South Africa
1655768,United Kingdom
1078249,Denmark
1078249,Germany
1078249,Estonia
484468,France
1088615,India
470459,Argentina
36728,Japan
1354627,United States of America
287604,Hungary
336050,Hungary
66550,Mali
66550,France
1000866,France
25405,United States of America
737568,Canada
737568,Romania
737568,United States of America
737568,United Kingdom
15765,United States of America
326313,Turkey
286604,Hungary
3513,United States of America
315035,Taiwan
85398,Japan
527400,Bahamas
527400,United Kingdom
527400,United States of America
925196,Mexico
372559,South Korea
12819,United States of America
12819,India
597219,United States of America
97434,United States of America
440361,Serbia
12658,United States of America
411741,United States of America
347866,United States of America
588182,Estonia
588182,Finland
588182,Germany
588182,Russia
510713,Germany
510713,Mexico
2731,France
2731,Vietnam
2731,Malaysia
1410937,India
2335,France
369655,Iran
364341,Spain
397685,Puerto Rico
44639,United States of America
24266,Australia
3110,United States of America
242310,France
242310,United States of America
625,United Kingdom
15267,United States of America
9442,United States of America
15515,United States of America
10490,United States of America
8868,France
280844,Germany
10414,United States of America
256569,United Kingdom
256569,United States of America
939335,United States of America
261103,Germany
261103,Australia
14003,Japan
753453,United States of America
753453,Canada
79279,China
1243460,United States of America
177494,United States of America
468224,United States of America
420515,Germany
927818,Australia
630392,France
630392,United States of America
1059264,Belgium
1059264,France
1059264,Spain
760517,South Korea
261,United States of America
263773,Argentina
51429,Japan
281099,Spain
30675,United States of America
14817,United States of America
10426,United States of America
14903,United States of America
928333,China
173122,Hong Kong
538207,Bulgaria
538207,United States of America
13613,United States of America
13613,Germany
10471,United States of America
18533,United Kingdom
18533,Denmark
202538,Argentina
22821,United States of America
10032,United States of America
265705,Poland
1547301,United States of America
11637,United States of America
468202,France
468202,Italy
372439,Mexico
47017,Greece
47017,Italy
30159,United States of America
297021,Japan
716594,United States of America
11648,United States of America
11044,France
254302,United Kingdom
254302,Belgium
254302,Northern Ireland
31506,Germany
460648,China
460648,Hong Kong
9826,United States of America
9826,Australia
9826,Thailand
10511,Ireland
10511,United States of America
10511,United Kingdom
583481,France
290865,South Korea
41436,United States of America
7181,United States of America
13685,United States of America
513302,France
609972,Germany
609972,United States of America
174343,United States of America
15662,United States of America
637254,United States of America
340677,France
340677,Ireland
340677,United States of America
11010,Italy
11010,France
11010,Belgium
1422029,United States of America
1422029,United Kingdom
965731,Japan
121674,United Kingdom
121674,United States of America
110552,Thailand
1406887,United States of America
1381087,United States of America
1381087,Spain
1381087,United Kingdom
10615,United States of America
452970,Japan
808561,Colombia
808561,Mexico
11050,United States of America
463843,United States of America
1440049,United States of America
1440049,United Kingdom
1211442,United Kingdom
1211442,United States of America
604605,Japan
27062,China
27062,Hong Kong
39691,United States of America
253376,Spain
549514,United States of America
810171,United States of America
1429348,France
1429348,Belgium
1429348,Morocco
266294,United States of America
14030,United States of America
774741,Canada
774741,United States of America
1738010,United States of America
345009,Italy
345009,Spain
345009,United States of America
3480,France
3480,Germany
178154,United States of America
10685,United States of America
6073,United States of America
79224,South Korea
79224,United States of America
1496696,United States of America
441344,France
50647,United States of America
9969,United States of America
399796,United States of America
791348,United States of America
54065,France
54065,Spain
54065,Italy
481836,South Korea
360605,United States of America
199584,South Korea
434552,Colombia
251519,United States of America
391423,South Korea
462650,United States of America
1389149,India
492504,France
22683,United States of America
9624,United States of America
731165,Bosnia and Herzegovina
566872,Italy
566872,United States of America
1468057,Taiwan
1409389,Japan
205724,United Kingdom
205724,United States of America
205724,Puerto Rico
46198,United States of America
16235,Mexico
16235,United States of America
19761,United Kingdom
1581613,Australia
1037264,Germany
1037264,France
1037264,Latvia
1037264,Mexico
1037264,United Kingdom
1037264,Uruguay
1037264,United States of America
44835,Taiwan
44835,United States of America
12519,Australia
12519,United Kingdom
12519,Germany
11548,United States of America
489931,United Kingdom
489931,United States of America
606403,South Korea
177888,United States of America
760868,Sweden
82657,Japan
82657,United States of America
14636,United States of America
10641,United States of America
9662,France
9662,Belgium
9662,Canada
9662,United Kingdom
40213,Hong Kong
16140,Japan
14148,Hong Kong
14148,United States of America
110143,Italy
654550,United States of America
9570,United States of America
174751,United Kingdom
174751,United States of America
30709,United States of America
670266,United States of America
921436,South Korea
20235,United States of America
581997,United States of America
433630,United States of America
433630,United Kingdom
865498,France
323677,Canada
323677,Germany
1753582,Indonesia
961722,United States of America
961722,Canada
1649758,United States of America
785845,United Kingdom
11483,France
11483,Tunisia
266390,Mexico
1389255,United States of America
25296,Taiwan
25296,United States of America
15573,United States of America
1261188,Sweden
507532,United States of America
604333,Brazil
11355,United States of America
1116,Ireland
1116,United Kingdom
1116,Germany
1116,Italy
1116,Spain
449573,Hungary
621321,Sweden
308,United States of America
308,France
79548,United States of America
79548,Australia
16180,United Kingdom
396493,United States of America
1510688,Philippines
54540,United States of America
69668,Canada
69668,United States of America
11137,Czech Republic
11137,Switzerland
11137,United States of America
2003,France
451342,France
1265344,United States of America
11841,Hong Kong
1242015,Belgium
1242015,France
44453,France
44453,Italy
44453,Germany
45284,Japan
45284,France
25642,United States of America
1476614,Japan
1476614,France
1476614,Belgium
1476614,Germany
16938,Canada
332855,Spain
84278,United States of America
861836,Chile
467632,United States of America
494884,France
1716269,Indonesia
1022356,France
748787,Austria
748787,Germany
499088,Australia
499088,Germany
24099,United States of America
146239,United States of America
146239,India
146239,Canada
925786,Indonesia
536775,Poland
1151766,South Korea
682153,Japan
13092,United Kingdom
1427833,Norway
1748459,Australia
342610,France
68635,Switzerland
258539,Mexico
39205,Japan
10498,United States of America
1356670,Switzerland
1356670,Germany
689928,Kazakhstan
689928,Russia
1909,United States of America
475215,Japan
11071,United States of America
450890,Brazil
440597,United States of America
1526100,Turkey
24993,United States of America
317557,United States of America
1155058,United States of America
466761,Mexico
457943,United Kingdom
457943,United States of America
11575,United States of America
73245,Japan
1009256,Greece
18329,Hong Kong
18329,South Korea
18329,Japan
513427,United Kingdom
950051,Brazil
381126,Brazil
35412,United States of America
12143,United States of America
443463,Canada
443463,United States of America
386227,Vietnam
159932,United Kingdom
159932,United States of America
159932,Canada
637676,Brazil
637676,China
637676,India
637676,Russia
637676,South Africa
170908,Yugoslavia
1020414,United Kingdom
522925,France
522925,United Kingdom
522925,United States of America
76812,United States of America
76812,Italy
76812,Spain
2375,France
9819,United States of America
283378,United States of America
283378,Switzerland
814216,France
69315,United States of America
104819,Colombia
104819,Japan
279641,United States of America
478820,Belgium
478820,France
25128,Canada
25128,United States of America
401741,Spain
401741,United Kingdom
401741,United States of America
11184,Germany
11184,United Kingdom
11184,United States of America
898042,Italy
4241,Japan
425507,United States of America
1154269,Indonesia
25961,Japan
4972,Denmark
12584,United States of America
14223,United Kingdom
14223,United States of America
1747492,Nigeria
2153,United Kingdom
2153,United States of America
37185,Hong Kong
59468,Spain
59468,United States of America
17127,United States of America
1749484,Canada
14621,United States of America
11352,United States of America
818356,United States of America
205321,United States of America
301804,United States of America
2463,Hong Kong
455714,Thailand
1560476,Netherlands
9606,Japan
10236,United States of America
6916,Spain
6916,Italy
14208,United States of America
509635,United States of America
999243,United States of America
999243,Canada
450487,United States of America
369894,United States of America
184125,Canada
869976,Brazil
296100,United States of America
10150,United Kingdom
10150,United States of America
2313,United States of America
11248,United States of America
10694,United States of America
625505,Brazil
204553,South Korea
413597,Canada
1360,United States of America
505706,Germany
505706,France
723234,Argentina
9541,United States of America
17339,United Kingdom
17339,United States of America
529485,United States of America
529485,Canada
592230,Canada
436274,Canada
1273196,United States of America
1329643,China
209361,United Kingdom
209361,United States of America
26405,Australia
26405,United Kingdom
26405,United States of America
1752411,Australia
50475,South Korea
497814,United States of America
11164,United States of America
1572073,United Kingdom
347717,Soviet Union
644538,Vietnam
49022,United States of America
1662127,United States of America
314860,Poland
9062,United States of America
808090,United States of America
568271,United States of America
11101,Germany
240916,United States of America
240916,Germany
240916,Canada
354282,Australia
61891,Germany
61891,United Kingdom
61891,United States of America
787052,United States of America
58496,United Kingdom
58496,United States of America
58496,France
10478,United States of America
1239198,Spain
12914,United States of America
67660,United States of America
638134,Germany
638134,United Kingdom
638134,China
292047,Japan
1319895,United States of America
227300,United States of America
255404,Sweden
50253,Japan
11384,United States of America
7270,United Kingdom
7270,United States of America
715123,United States of America
446345,France
15383,France
15383,Italy
619278,United States of America
489326,United Kingdom
489326,Norway
489326,United States of America
1039882,South Korea
84348,United States of America
81128,Hong Kong
145,Denmark
145,France
145,Netherlands
145,Norway
145,Sweden
145,Finland
145,Iceland
145,United Kingdom
145,Italy
145,Belgium
145,Germany
145,Switzerland
145,United States of America
15856,United States of America
8766,United States of America
623135,South Korea
286620,Hungary
1515899,United States of America
406994,Australia
316873,Japan
6589,United States of America
1901,United States of America
1373445,United States of America
1373445,United Arab Emirates
444996,Japan
82390,United States of America
51741,Finland
740441,South Korea
1395724,Japan
26594,Australia
688803,Hungary
35196,United States of America
1001117,France
11132,United States of America
15698,United States of America
1367125,Spain
345567,Norway
372873,Brazil
37861,Denmark
37861,United Kingdom
10172,United States of America
849869,South Korea
749274,United States of America
520725,Belgium
520725,France
75978,Spain
75978,France
75978,Italy
572154,Japan
65765,Spain
805327,United States of America
811592,United Kingdom
811592,United States of America
81250,United States of America
6715,United States of America
727740,China
55685,Italy
890825,United States of America
890825,United Kingdom
1217690,United States of America
39324,Japan
560144,Lithuania
560144,Spain
560144,United Arab Emirates
560144,United Kingdom
560144,United States of America
211292,Italy
367976,France
11178,South Korea
952713,Philippines
71670,United States of America
24056,United Kingdom
24056,United States of America
24056,Bahrain
508935,China
24924,United States of America
83,United States of America
472501,Vietnam
86003,Japan
219598,Hungary
523638,Japan
523638,United States of America
670592,Mexico
866217,Singapore
475946,United States of America
475946,Japan
215110,United States of America
136,United States of America
1085165,Iran
1716573,United States of America
401,United States of America
9613,France
9613,United Kingdom
9613,Canada
9039,Germany
9039,United States of America
542692,Germany
1335666,United Kingdom
1214130,Germany
1214130,Luxembourg
1214130,India
1214130,United States of America
1214130,United Kingdom
62206,United States of America
14787,United States of America
1594615,Indonesia
466,United States of America
589685,Argentina
1452827,France
1452827,United Kingdom
978796,United States of America
481551,Vietnam
1085055,Iceland
48180,Argentina
48180,United States of America
397837,United States of America
10969,United States of America
11191,United States of America
949132,Moldova
9430,United States of America
662092,France
644092,United States of America
18837,Japan
610219,United States of America
94047,South Korea
11563,Hong Kong
5764,United States of America
9962,Netherlands
9962,Germany
9962,United States of America
351523,South Korea
1747727,Nigeria
765119,United States of America
73134,Germany
73134,France
98339,Canada
98339,United Kingdom
582596,United States of America
10133,United States of America
960258,Malta
960258,United States of America
292280,United States of America
1244531,Australia
11177,United States of America
1297028,Colombia
1297028,United States of America
455944,China
589594,China
38842,United States of America
9393,Germany
9299,Spain
403605,Indonesia
403605,Singapore
21500,United States of America
17182,United States of America
751741,United States of America
859214,South Korea
360301,Portugal
460326,Germany
699440,Portugal
617768,Canada
617768,Germany
617768,Hungary
617768,United Kingdom
14746,United States of America
1469141,Japan
1469141,Taiwan
1469141,United States of America
357407,Japan
33320,Japan
65455,United States of America
243119,Brazil
242090,United States of America
185648,Japan
1094473,France
863306,Portugal
595766,South Korea
323196,Germany
146301,United States of America
430384,South Korea
553168,Japan
506734,United States of America
26688,United States of America
1075456,United States of America
1075456,Brazil
12280,United States of America
686971,Slovakia
37414,Canada
37414,Sweden
37414,United Kingdom
37414,United States of America
669502,Canada
303903,Japan
232954,France
10675,United States of America
10675,France
109535,Russia
5241,United States of America
1608740,Indonesia
289222,Czech Republic
289222,United Kingdom
289222,United States of America
426613,United Kingdom
426613,United States of America
232351,Denmark
232351,Italy
232351,Norway
24655,United States of America
304158,Russia
1699155,United States of America
719410,Canada
719410,Taiwan
719410,United States of America
248087,Japan
21481,United States of America
496725,France
381693,United States of America
860747,Germany
1641,United States of America
243940,United States of America
4283,United States of America
157843,Morocco
157843,United States of America
1154598,United States of America
1154598,Canada
200403,Mexico
200403,Germany
466876,Canada
466876,United Kingdom
466876,United States of America
9642,Denmark
9642,France
12118,United States of America
826942,United States of America
436391,South Korea
1115395,Poland
1085103,United States of America
364116,India
364116,United Kingdom
1497017,United States of America
1077782,United Kingdom
1077782,United States of America
1077782,Northern Ireland
384677,United States of America
45162,United States of America
803839,United Kingdom
1049574,United States of America
1939,United States of America
1161108,France
127521,United States of America
12545,United States of America
75948,China
75948,Hong Kong
332979,United States of America
1752685,Azerbaijan
721895,United States of America
1816,United States of America
1260952,Brazil
645689,France
645689,United Kingdom
113558,South Korea
90283,China
182,United States of America
4597,United States of America
677115,South Korea
549590,South Korea
10077,Czech Republic
10077,Germany
10077,Switzerland
10077,United Kingdom
10077,United States of America
1404684,France
823951,Belgium
823951,France
1382513,Germany
1382513,Hungary
1382513,Greece
232572,United States of America
401561,United Kingdom
401561,United States of America
4587,United States of America
1607846,Australia
807356,United Arab Emirates
807356,United States of America
12703,France
12703,Japan
12703,United States of America
21167,Belgium
673309,United States of America
1097641,Russia
415312,United States of America
287590,Japan
408647,United States of America
25539,Hong Kong
1705,United States of America
115311,Mexico
40357,Japan
1277988,Brazil
1303162,Japan
1458084,Italy
25998,Hong Kong
981,United States of America
1317448,Italy
848685,France
848685,Spain
10132,Canada
10132,United States of America
10375,Germany
10375,United States of America
8942,United States of America
11318,United Kingdom
11318,United States of America
642224,Canada
14400,Belgium
14400,France
14400,Hong Kong
6488,United States of America
1441,United States of America
1441,Germany
19316,United States of America
857541,Peru
37495,United Kingdom
37495,France
10367,United States of America
162903,India
162903,United States of America
12205,Japan
435129,Canada
435129,Ireland
435129,Luxembourg
435129,United States of America
789910,Italy
1597065,United States of America
429189,United States of America
10023,United States of America
1445363,United States of America
1445363,Australia
809107,Canada
809107,United States of America
1371202,Netherlands
662860,Soviet Union
291692,China
12900,United Kingdom
12900,United States of America
671757,Mexico
552676,Sweden
370576,United States of America
1751509,Japan
9656,Canada
9656,United States of America
492565,United States of America
335462,China
10724,United States of America
10858,United States of America
1322752,Japan
417546,Brazil
31007,United States of America
10092,United States of America
8738,United States of America
7839,United States of America
39264,Japan
334376,Japan
152792,United States of America
471967,Sweden
25188,United States of America
1280444,Georgia
1280444,Netherlands
1280444,United Kingdom
1280444,United States of America
763238,Chile
820232,Japan
825385,Brazil
10449,United States of America
494595,France
242318,Brazil
173929,Hungary
250225,Hungary
250225,United Kingdom
411019,Belgium
411019,France
411019,United States of America
696374,United States of America
784651,India
718778,South Korea
718778,United States of America
125020,France
1163258,India
86000,South Korea
472940,Uruguay
1628249,Germany
9827,United States of America
9827,Japan
9431,United States of America
1540544,United States of America
400414,United States of America
400414,Puerto Rico
184341,Panama
184341,United States of America
1750934,Italy
1750934,France
1750934,Switzerland
1750934,United Kingdom
10069,United States of America
641607,Peru
1361292,United States of America
445077,Canada
628878,Puerto Rico
628878,United States of America
9895,United States of America
520720,United States of America
312791,Canada
28176,United States of America
18172,United States of America
68555,Japan
572400,United States of America
718838,Germany
718838,United Kingdom
2436,United States of America
562461,China
523077,Colombia
523077,United States of America
84394,France
365222,China
365222,Hong Kong
146451,Sweden
10158,United States of America
11899,United States of America
84175,Canada
84175,United States of America
1537627,United States of America
31346,France
1752238,Australia
448990,Soviet Union
1371189,United States of America
653643,United States of America
64586,Australia
1427472,France
1427472,Belgium
872492,France
700186,South Korea
244458,Germany
244458,United States of America
573,United Kingdom
43549,United States of America
10407,United States of America
57988,Norway
676924,Mexico
7985,United Kingdom
7985,United States of America
7290,Canada
7290,Germany
7290,United States of America
844416,United States of America
4104,United States of America
1556834,South Africa
1556834,United States of America
1556834,Canada
1556834,South Korea
595183,Argentina
198287,Indonesia
198287,United States of America
480213,Argentina
480213,Brazil
480213,Portugal
18476,Canada
18476,United States of America
1542417,France
11169,Germany
11169,United States of America
1807,United States of America
44251,Japan
11457,United States of America
1184696,United Kingdom
1184696,United States of America
128883,Japan
229677,Denmark
229677,Finland
229677,Norway
229677,Sweden
527776,United States of America
14963,United States of America
1595325,United States of America
12560,United States of America
11564,Canada
586592,Ireland
586592,Canada
586592,New Zealand
586592,United States of America
371729,Brazil
801688,India
1999,United States of America
297189,Japan
720321,United States of America
202575,Belgium
202575,France
202575,United Kingdom
74018,United States of America
10833,United States of America
10833,United Kingdom
11172,United States of America
10210,Italy
10210,United States of America
10210,United Kingdom
959898,Japan
1752368,United Kingdom
458109,United States of America
458109,Poland
1301988,Philippines
443085,Poland
1389038,United States of America
1389038,Canada
18086,United States of America
190292,Soviet Union
636255,Norway
1078023,China
866331,Mexico
50393,United States of America
269316,France
180427,United States of America
75622,United States of America
75622,Ireland
9573,United States of America
798141,United States of America
787925,Canada
787925,Iceland
50723,Japan
472815,United States of America
14002,United States of America
1155704,China
811943,Sri Lanka
12395,United States of America
392207,Germany
392207,Spain
167064,Bosnia and Herzegovina
224982,Norway
224982,Sweden
1633264,United Kingdom
21793,United States of America
12312,United States of America
10564,United States of America
1610901,Pakistan
2786,France
2786,Italy
1395353,Italy
13187,United States of America
1732385,South Korea
78049,United States of America
675531,United States of America
14900,United Kingdom
14900,United States of America
628922,United Kingdom
628922,United States of America
44603,United States of America
10862,United States of America
784130,France
85579,Turkey
17600,United States of America
9031,Italy
9031,Germany
9031,South Africa
26119,United Kingdom
