id,genre
969681,Science Fiction
969681,Action
969681,Adventure
1368337,Adventure
1368337,Action
1368337,Fantasy
1288445,Action
1288445,Thriller
1204680,Comedy
1204680,Adventure
1204680,Family
1285366,Romance
1621552,Crime
1621552,Action
1621552,Thriller
1516698,Romance
1516698,Drama
1386315,Thriller
1213243,Action
1213243,Crime
1213243,Drama
860508,Crime
860508,Drama
860508,Thriller
1339713,Horror
1339713,Thriller
1232569,Horror
1232569,Fantasy
1232569,Mystery
1375646,Action
1375646,Horror
1375646,Science Fiction
1323244,Action
1323244,Science Fiction
1323244,Thriller
1393326,Horror
1393326,Comedy
1393326,Thriller
1084244,Animation
1084244,Family
1084244,Comedy
1084244,Adventure
1315772,Adventure
1315772,Animation
1315772,Comedy
1315772,Family
1315772,Fantasy
1108427,Family
1108427,Fantasy
1108427,Comedy
1108427,Adventure
1514682,Action
1514682,Thriller
1514682,Horror
1514682,Crime
1560520,Animation
1560520,Action
1560520,Adventure
1560520,Science Fiction
1560520,Crime
1560520,Drama
1130948,Comedy
1130948,Drama
1130948,Thriller
634649,Action
634649,Adventure
634649,Science Fiction
278,Drama
278,Crime
1083381,Horror
1083381,Mystery
1083381,Science Fiction
1275779,Science Fiction
1275779,Thriller
687163,Science Fiction
687163,Adventure
1284465,Adventure
1284465,Drama
1284465,Action
1384216,Science Fiction
1384216,Adventure
1384216,Thriller
1212461,Fantasy
1212461,Adventure
1212461,Horror
1273221,Comedy
1432706,Horror
1432706,Thriller
1081003,Action
1081003,Adventure
1081003,Science Fiction
980431,Animation
980431,Action
980431,Adventure
980431,Fantasy
82023,Drama
82023,Romance
755898,Science Fiction
755898,Thriller
299536,Adventure
299536,Action
299536,Science Fiction
1599993,Comedy
1599993,Thriller
24428,Science Fiction
24428,Action
24428,Adventure
1127384,Horror
1127384,Thriller
1631807,Drama
1631807,Thriller
1631807,Mystery
454639,Action
454639,Fantasy
454639,Science Fiction
83533,Science Fiction
83533,Adventure
83533,Fantasy
1314481,Comedy
1314481,Drama
87513,Action
87513,Thriller
87513,Crime
1698863,Adventure
1698863,Fantasy
1698863,Action
1311031,Animation
1311031,Action
1311031,Fantasy
1594914,Action
1594914,War
1288059,Comedy
1228710,Action
1228710,Adventure
1228710,Science Fiction
1284041,Horror
1284041,Science Fiction
1284041,Thriller
1480574,Thriller
1480574,Crime
1101412,Thriller
1101383,Science Fiction
1101383,Mystery
1101383,Thriller
1084242,Animation
1084242,Adventure
1084242,Comedy
1084242,Mystery
1084242,Family
569094,Animation
569094,Action
569094,Adventure
569094,Science Fiction
1212763,Horror
936075,Music
936075,Drama
1291595,Horror
1291595,Thriller
967998,Horror
264980,Comedy
1226863,Family
1226863,Comedy
1226863,Adventure
1226863,Fantasy
1226863,Animation
1567937,Drama
1567937,Crime
964849,Horror
557,Action
557,Science Fiction
1523145,Romance
299534,Adventure
299534,Science Fiction
299534,Action
155,Action
155,Crime
155,Thriller
238,Drama
238,Crime
1419406,Action
1419406,Crime
1419406,Drama
1419406,Thriller
1727780,Thriller
1439930,Action
1439930,Drama
1439930,Crime
53653,Crime
53653,Drama
441168,Drama
441168,TV Movie
299710,Drama
315635,Action
315635,Adventure
315635,Science Fiction
533535,Action
533535,Comedy
533535,Science Fiction
1003596,Science Fiction
1003596,Action
1003596,Adventure
822119,Action
822119,Thriller
822119,Science Fiction
1032863,Romance
1032863,Comedy
1723013,Drama
1731694,Animation
1731694,Science Fiction
1731694,Adventure
1731694,Family
1731694,Action
27205,Action
27205,Science Fiction
27205,Adventure
1471168,Drama
1471168,Crime
1471168,History
872585,Drama
872585,History
1110034,Horror
1110034,Action
1110034,Thriller
1280738,Action
1280738,Crime
1280738,Thriller
1290821,Action
1290821,Crime
1290821,Thriller
950028,Comedy
950028,Drama
950028,Romance
1307118,Horror
1307118,Science Fiction
1307118,Thriller
1514026,Horror
1514026,Comedy
1506560,Science Fiction
1506560,Action
1506560,Comedy
1506560,Family
1506560,TV Movie
1327819,Adventure
1327819,Animation
1327819,Comedy
1327819,Family
1327819,Science Fiction
1184918,Family
1184918,Animation
1184918,Science Fiction
1184918,Adventure
49018,Horror
49018,Thriller
931285,Action
931285,Fantasy
931285,Adventure
1487861,Thriller
1487861,Crime
1487861,Drama
617126,Science Fiction
617126,Adventure
617126,Action
1308972,Horror
1729723,Animation
1729723,Comedy
1729723,Science Fiction
862,Family
862,Comedy
862,Animation
862,Adventure
99861,Action
99861,Adventure
99861,Science Fiction
324857,Animation
324857,Action
324857,Adventure
324857,Science Fiction
1564614,Horror
1564614,Romance
120894,Drama
122,Adventure
122,Fantasy
122,Action
1668364,Mystery
1668364,Drama
120,Adventure
120,Fantasy
120,Action
1599191,Animation
1599191,Action
1599191,Adventure
1599191,Fantasy
1007757,Adventure
1007757,Animation
1007757,Family
1007757,Fantasy
13,Comedy
13,Drama
13,Romance
822653,Animation
822653,Drama
822653,Mystery
822653,Fantasy
603,Action
603,Science Fiction
1301421,Comedy
1301421,Family
1301421,Mystery
672,Adventure
672,Fantasy
1234821,Science Fiction
1234821,Adventure
1234821,Action
1314826,Horror
429617,Action
429617,Adventure
429617,Science Fiction
1481343,Horror
1481343,Thriller
1304313,Horror
1304313,Mystery
447365,Science Fiction
447365,Adventure
447365,Action
438631,Science Fiction
438631,Adventure
559,Action
559,Adventure
559,Science Fiction
448772,Drama
448772,Comedy
673,Adventure
673,Fantasy
1054867,Thriller
1054867,Crime
1054867,Comedy
1726,Action
1726,Science Fiction
1726,Adventure
680,Thriller
680,Crime
680,Comedy
550,Drama
550,Thriller
244786,Drama
244786,Music
244786,Thriller
1297842,Animation
1297842,Comedy
1297842,Family
12445,Adventure
12445,Fantasy
1930,Action
1930,Adventure
1930,Science Fiction
129,Animation
129,Family
129,Fantasy
19995,Science Fiction
19995,Action
19995,Adventure
414906,Crime
414906,Mystery
414906,Thriller
1061474,Science Fiction
1061474,Adventure
1061474,Action
76341,Action
76341,Adventure
76341,Science Fiction
1122573,Action
1122573,Thriller
102382,Action
102382,Adventure
102382,Science Fiction
194117,Drama
194117,Romance
194117,Crime
474412,Drama
474412,Romance
76600,Action
76600,Adventure
76600,Science Fiction
354912,Family
354912,Animation
354912,Music
354912,Adventure
271110,Adventure
271110,Action
271110,Science Fiction
1430077,Horror
693134,Science Fiction
693134,Adventure
218,Action
218,Thriller
218,Science Fiction
14836,Animation
14836,Family
14836,Fantasy
361743,Action
361743,Drama
269149,Animation
269149,Adventure
269149,Family
269149,Comedy
390062,Adventure
390062,Thriller
1423191,Horror
1423191,Science Fiction
1265609,Action
1265609,Science Fiction
1265609,Thriller
497,Fantasy
497,Drama
497,Crime
912649,Science Fiction
912649,Action
912649,Adventure
1413976,Thriller
1413976,Action
1413976,Crime
1355228,Action
1355228,Drama
1355228,Thriller
1368166,Mystery
1368166,Thriller
98,Action
98,Drama
98,Adventure
614479,Horror
614479,Thriller
807,Crime
807,Mystery
807,Thriller
496243,Comedy
496243,Thriller
496243,Drama
1538273,Romance
1538273,Comedy
1538273,Drama
280,Action
280,Thriller
280,Science Fiction
280092,Horror
280092,Thriller
192139,Drama
192139,History
138843,Horror
138843,Thriller
228150,War
228150,Drama
228150,Action
10681,Animation
10681,Family
10681,Science Fiction
475557,Crime
475557,Thriller
475557,Drama
12444,Adventure
12444,Fantasy
687259,Horror
406563,Horror
406563,Thriller
1630409,Action
1630409,Thriller
1630409,Crime
1494843,Unknown
562,Action
562,Thriller
1724,Science Fiction
1724,Action
1724,Adventure
411,Adventure
411,Family
411,Fantasy
424,Drama
424,History
424,War
1087192,Fantasy
1087192,Family
1087192,Action
1087192,Adventure
840464,Adventure
840464,Thriller
840464,Science Fiction
575265,Action
575265,Thriller
575265,Adventure
8587,Animation
8587,Family
8587,Drama
986056,Action
986056,Science Fiction
986056,Adventure
976912,Thriller
976912,Crime
121,Adventure
121,Fantasy
121,Action
330457,Family
330457,Animation
330457,Adventure
330457,Comedy
330457,Fantasy
1294189,Action
1294189,Thriller
240,Drama
240,Crime
1226699,Comedy
1226699,Crime
1226699,Science Fiction
674,Adventure
674,Fantasy
112929,Drama
112929,Crime
112929,Thriller
502356,Family
502356,Comedy
502356,Adventure
502356,Fantasy
502356,Animation
552524,Family
552524,Science Fiction
552524,Comedy
1171145,Crime
1171145,Thriller
1325734,Romance
1325734,Comedy
1325734,Drama
453395,Fantasy
453395,Action
453395,Adventure
1233413,Horror
1233413,Action
1233413,Thriller
1010581,Drama
1010581,Romance
1010581,Thriller
106646,Crime
106646,Drama
106646,Comedy
49026,Action
49026,Crime
49026,Drama
49026,Thriller
12,Animation
12,Family
12,Adventure
198663,Action
198663,Mystery
198663,Science Fiction
198663,Thriller
177572,Adventure
177572,Family
177572,Animation
177572,Action
177572,Comedy
1408162,Drama
1408162,Romance
803796,Fantasy
803796,Music
803796,Comedy
803796,Animation
1168190,Action
1168190,Comedy
1168190,Crime
1168190,Mystery
1022789,Animation
1022789,Adventure
1022789,Comedy
1022789,Family
389,Drama
933260,Horror
933260,Science Fiction
348,Horror
348,Science Fiction
22,Adventure
22,Fantasy
22,Action
1497463,Drama
1497463,Romance
1218925,Animation
1218925,Action
1218925,Romance
1218925,Fantasy
91586,Horror
91586,Thriller
950387,Family
950387,Fantasy
950387,Comedy
950387,Adventure
808,Animation
808,Comedy
808,Fantasy
808,Adventure
808,Family
1122030,Action
1122030,Thriller
539972,Action
539972,Adventure
539972,Thriller
10138,Adventure
10138,Action
10138,Science Fiction
1242898,Action
1242898,Science Fiction
1242898,Adventure
20352,Animation
20352,Comedy
20352,Crime
20352,Science Fiction
20352,Family
11,Adventure
11,Action
11,Science Fiction
585,Animation
585,Comedy
585,Family
585,Fantasy
950396,Romance
950396,Science Fiction
950396,Thriller
150540,Animation
150540,Family
150540,Adventure
150540,Drama
150540,Comedy
911430,Action
911430,Drama
335984,Science Fiction
335984,Drama
105,Adventure
105,Comedy
105,Science Fiction
4935,Fantasy
4935,Animation
4935,Adventure
1712439,Drama
1712439,Thriller
14160,Animation
14160,Comedy
14160,Family
14160,Adventure
1062185,Drama
10191,Fantasy
10191,Adventure
10191,Animation
10191,Family
14161,Action
14161,Adventure
14161,Science Fiction
425274,Crime
425274,Thriller
1698856,Science Fiction
1698856,Action
1698856,Fantasy
767,Adventure
767,Fantasy
1430698,Thriller
1430698,Horror
127585,Action
127585,Adventure
127585,Science Fiction
549509,Drama
278154,Adventure
278154,Animation
278154,Family
278154,Comedy
278154,Science Fiction
324786,Drama
324786,History
324786,War
466420,Crime
466420,History
466420,Drama
505642,Action
505642,Adventure
505642,Science Fiction
350,Drama
350,Comedy
857,War
857,Drama
857,History
652,War
652,Action
652,History
675,Adventure
675,Fantasy
1613798,Action
1613798,Thriller
210577,Mystery
210577,Thriller
210577,Drama
2062,Animation
2062,Comedy
2062,Family
2062,Fantasy
1266127,Horror
1266127,Comedy
1656061,Action
1656061,Science Fiction
1656061,Adventure
49521,Action
49521,Adventure
49521,Science Fiction
1318447,Action
1318447,Thriller
6435,Romance
6435,Fantasy
6435,Comedy
1318621,Fantasy
1318621,TV Movie
1318621,Family
1318621,Adventure
1185806,Animation
1185806,Adventure
1185806,Family
1185806,Fantasy
1185806,Comedy
205596,History
205596,Drama
205596,Thriller
205596,War
1316092,Romance
1316092,Drama
1669051,Drama
1038392,Horror
436270,Action
436270,Adventure
436270,Science Fiction
263115,Action
263115,Drama
263115,Science Fiction
246655,Science Fiction
246655,Fantasy
246655,Action
284053,Action
284053,Science Fiction
284053,Comedy
284053,Adventure
58,Adventure
58,Fantasy
58,Action
109445,Animation
109445,Family
109445,Adventure
109445,Fantasy
572802,Action
572802,Adventure
572802,Fantasy
111,Action
111,Crime
111,Drama
489,Drama
315162,Animation
315162,Adventure
315162,Fantasy
315162,Comedy
315162,Family
214756,Comedy
214756,Fantasy
1159559,Horror
1159559,Mystery
1159559,Crime
301528,Family
301528,Comedy
301528,Animation
301528,Adventure
1598766,Adventure
1598766,Animation
1598766,Comedy
383498,Action
383498,Comedy
383498,Adventure
37165,Comedy
37165,Drama
122917,Action
122917,Adventure
122917,Fantasy
103,Crime
103,Drama
385687,Action
385687,Crime
385687,Thriller
1321008,Horror
1321008,Thriller
10193,Animation
10193,Family
10193,Comedy
181808,Adventure
181808,Action
181808,Science Fiction
545611,Action
545611,Adventure
545611,Science Fiction
9806,Action
9806,Adventure
9806,Animation
9806,Family
920,Animation
920,Adventure
920,Comedy
920,Family
68721,Action
68721,Adventure
68721,Science Fiction
346698,Comedy
346698,Adventure
346698,Fantasy
1433367,Comedy
1433367,Romance
77338,Drama
77338,Comedy
490132,Drama
490132,Comedy
490132,History
1380291,Action
1380291,Thriller
68718,Drama
68718,Western
1333141,Animation
1333141,Comedy
1333141,Science Fiction
1333141,Adventure
49051,Adventure
49051,Fantasy
49051,Action
293660,Action
293660,Adventure
293660,Comedy
26827,Comedy
26827,Romance
1569947,Horror
1404304,Western
1404304,Action
1404304,Drama
311,Drama
311,Crime
1433568,Thriller
1433568,Mystery
1433568,Horror
1058424,Science Fiction
1058424,Mystery
1058424,Action
272,Drama
272,Crime
272,Action
286217,Science Fiction
286217,Drama
286217,Adventure
408,Fantasy
408,Animation
408,Family
863,Animation
863,Comedy
863,Family
38757,Animation
38757,Family
38757,Adventure
752,Action
752,Thriller
752,Science Fiction
283995,Science Fiction
283995,Adventure
283995,Action
772,Comedy
772,Family
772,Adventure
372058,Animation
372058,Romance
372058,Drama
769,Drama
769,Crime
207,Drama
260514,Animation
260514,Drama
260514,Family
260514,Adventure
497698,Action
497698,Adventure
497698,Science Fiction
980477,Animation
980477,Action
980477,Fantasy
980477,Adventure
1241982,Adventure
1241982,Animation
1241982,Comedy
1241982,Family
1241982,Fantasy
11324,Drama
11324,Thriller
11324,Mystery
78,Science Fiction
78,Drama
78,Thriller
49013,Animation
49013,Family
49013,Adventure
49013,Comedy
566525,Action
566525,Adventure
566525,Fantasy
1062722,Drama
1062722,Fantasy
1062722,Horror
16869,Drama
16869,Thriller
16869,War
1422,Drama
1422,Thriller
1422,Crime
49519,Animation
49519,Adventure
49519,Family
49519,Comedy
429,Western
1242332,Action
1242332,Crime
1242332,Thriller
1242332,Western
1616131,Documentary
508442,Animation
508442,Family
508442,Drama
508442,Music
508442,Fantasy
1100988,Horror
1100988,Thriller
1100988,Science Fiction
466272,Comedy
466272,Drama
466272,Thriller
11036,Romance
11036,Drama
284054,Action
284054,Adventure
284054,Science Fiction
10867,Drama
845781,Action
845781,Adventure
845781,Comedy
845781,Fantasy
1119449,Science Fiction
1119449,Action
1119449,Comedy
1078605,Horror
1078605,Mystery
939243,Action
939243,Science Fiction
939243,Comedy
939243,Family
10195,Adventure
10195,Fantasy
10195,Action
603692,Action
603692,Thriller
603692,Crime
574475,Horror
574475,Mystery
137106,Animation
137106,Family
137106,Adventure
137106,Comedy
137106,Fantasy
546554,Comedy
546554,Crime
546554,Mystery
694,Horror
694,Thriller
82702,Fantasy
82702,Action
82702,Adventure
82702,Animation
82702,Family
1676318,Romance
1676318,Comedy
1676318,Music
1124,Drama
1124,Mystery
1124,Science Fiction
1402,Drama
359410,Action
359410,Thriller
359410,Drama
402431,Drama
402431,Romance
402431,Fantasy
1865,Adventure
1865,Action
1865,Fantasy
493922,Horror
493922,Mystery
493922,Thriller
1306368,Action
1306368,Thriller
1306368,Crime
101,Crime
101,Drama
101,Action
39254,Action
39254,Science Fiction
39254,Drama
313369,Comedy
313369,Drama
313369,Romance
985939,Thriller
580489,Science Fiction
580489,Action
580489,Adventure
156022,Thriller
156022,Action
156022,Crime
1391021,Drama
1391021,War
38365,Comedy
10625,Drama
10625,Comedy
28,Drama
28,War
77,Mystery
77,Thriller
507086,Adventure
507086,Science Fiction
507086,Thriller
507086,Action
285,Adventure
285,Fantasy
285,Action
47971,Action
47971,Adventure
47971,Crime
744,Action
744,Drama
744,Romance
12153,Comedy
12153,Crime
1305781,Action
1305781,Adventure
1305781,Drama
1305781,Western
140607,Adventure
140607,Action
140607,Science Fiction
614945,Romance
614945,Comedy
614945,Drama
539,Horror
539,Thriller
539,Mystery
18785,Comedy
329865,Drama
329865,Science Fiction
329865,Mystery
24,Action
24,Crime
519182,Animation
519182,Comedy
519182,Action
519182,Science Fiction
519182,Family
949,Crime
949,Drama
949,Action
744275,Drama
744275,Romance
2501,Action
2501,Mystery
2501,Thriller
318846,Comedy
318846,Drama
1198994,Horror
1198994,Thriller
1198994,Comedy
216015,Drama
216015,Romance
216015,Thriller
917496,Comedy
917496,Fantasy
436969,Action
436969,Comedy
436969,Adventure
57800,Animation
57800,Comedy
57800,Adventure
57800,Family
1317288,Drama
1317288,Thriller
1491920,Drama
1491920,Comedy
1491920,Action
72190,Action
72190,Horror
72190,Science Fiction
1240889,Comedy
1240889,Horror
1240889,Romance
1732625,Animation
1732625,Fantasy
1732625,Comedy
1732625,Adventure
242582,Crime
242582,Drama
242582,Thriller
713704,Horror
713704,Thriller
120467,Comedy
120467,Drama
260513,Action
260513,Adventure
260513,Animation
260513,Family
259693,Horror
798645,Action
798645,Thriller
798645,Science Fiction
119450,Science Fiction
119450,Action
119450,Drama
119450,Thriller
810,Fantasy
810,Adventure
810,Animation
810,Comedy
810,Family
423,Drama
423,War
396535,Action
396535,Horror
396535,Thriller
10020,Romance
10020,Family
10020,Animation
10020,Fantasy
102899,Science Fiction
102899,Adventure
102899,Action
207703,Crime
207703,Comedy
207703,Action
207703,Adventure
9769,Drama
9502,Action
9502,Animation
9502,Comedy
9502,Family
44980,Action
44980,Thriller
1504358,Comedy
1504358,Music
1504358,Drama
298618,Action
298618,Science Fiction
298618,Adventure
8355,Animation
8355,Comedy
8355,Family
8355,Adventure
895954,Romance
451156,Thriller
451156,TV Movie
530385,Horror
530385,Drama
530385,Mystery
321612,Family
321612,Fantasy
321612,Romance
299537,Action
299537,Adventure
299537,Science Fiction
270946,Family
270946,Animation
270946,Adventure
270946,Comedy
1156594,Romance
1156594,Drama
1228246,Horror
1228246,Thriller
425,Animation
425,Comedy
425,Family
425,Adventure
991494,Adventure
991494,Family
991494,Animation
991494,Comedy
991494,Fantasy
353081,Action
353081,Adventure
812,Animation
812,Family
812,Adventure
812,Fantasy
812,Romance
1368,Action
1368,Thriller
1368,Drama
578,Horror
578,Thriller
578,Adventure
447273,Family
447273,Fantasy
1197306,Action
1197306,Crime
1197306,Thriller
564,Adventure
564,Action
564,Fantasy
14097,War
14097,Drama
14097,History
1368314,Horror
1368314,Thriller
424711,Comedy
398818,Romance
398818,Drama
146233,Drama
146233,Thriller
146233,Crime
1377237,Action
1377237,Comedy
1377237,Thriller
259316,Fantasy
259316,Adventure
512200,Adventure
512200,Comedy
512200,Fantasy
73861,Crime
73861,Horror
73861,Thriller
1383731,Action
1383731,Thriller
4247,Comedy
270303,Horror
270303,Mystery
128,Adventure
128,Fantasy
128,Animation
76492,Animation
76492,Comedy
76492,Family
76492,Fantasy
1493400,Music
1493400,Comedy
1493400,Drama
1493400,TV Movie
420809,Family
420809,Fantasy
420809,Adventure
8966,Fantasy
8966,Drama
8966,Romance
4951,Comedy
4951,Romance
4951,Drama
898704,History
898704,War
898704,Action
38,Science Fiction
38,Drama
38,Romance
637,Comedy
637,Drama
273481,Action
273481,Crime
273481,Thriller
1417,Fantasy
1417,Drama
1417,War
1302904,Romance
1302904,Fantasy
1302904,Comedy
616037,Fantasy
616037,Action
616037,Comedy
588627,Drama
588627,Romance
823219,Adventure
823219,Animation
823219,Family
823219,Fantasy
1308767,History
1308767,War
1308767,Drama
510,Drama
281957,Western
281957,Drama
281957,Adventure
161,Thriller
161,Crime
61791,Thriller
61791,Action
61791,Drama
61791,Science Fiction
6977,Crime
6977,Thriller
6977,Western
10997,Drama
290098,Thriller
290098,Drama
290098,Romance
1510795,Horror
76338,Action
76338,Adventure
76338,Fantasy
447332,Horror
447332,Drama
447332,Science Fiction
194,Comedy
194,Romance
335983,Science Fiction
335983,Action
377,Horror
640,Drama
640,Crime
293167,Action
293167,Adventure
293167,Fantasy
44214,Drama
44214,Thriller
44214,Horror
118,Adventure
118,Comedy
118,Family
118,Fantasy
3933,Romance
3933,Fantasy
3933,Animation
1064213,Drama
1064213,Comedy
1064213,Romance
1318413,Thriller
1318413,History
1318413,War
1318413,Drama
701387,Science Fiction
701387,Thriller
701387,Comedy
786892,Action
786892,Science Fiction
786892,Adventure
333339,Adventure
333339,Action
333339,Science Fiction
374720,War
374720,Action
374720,Drama
62,Science Fiction
62,Mystery
62,Adventure
11688,Adventure
11688,Animation
11688,Comedy
11688,Family
11688,Fantasy
296096,Drama
296096,Romance
598,Drama
598,Crime
4348,Drama
4348,Romance
1235877,Action
1235877,Drama
1330021,Drama
1330021,Mystery
98566,Science Fiction
98566,Action
98566,Adventure
98566,Comedy
937287,Drama
937287,Romance
615,Drama
7518,Adventure
7518,Animation
7518,Comedy
7518,Family
967941,Fantasy
967941,Adventure
967941,Romance
1263337,Adventure
1263337,Thriller
438148,Animation
438148,Comedy
438148,Science Fiction
438148,Crime
438148,Family
11224,Family
11224,Fantasy
11224,Animation
11224,Romance
1317149,Drama
1317149,History
146198,Action
146198,Crime
146198,Adventure
146198,Thriller
18,Science Fiction
18,Action
18,Adventure
10198,Animation
10198,Romance
10198,Fantasy
10198,Family
1263532,Action
1263532,Science Fiction
1263532,Thriller
135397,Adventure
135397,Science Fiction
135397,Thriller
135397,Action
575264,Action
575264,Adventure
575264,Thriller
637649,Thriller
637649,Crime
637649,Drama
106,Science Fiction
106,Action
106,Adventure
106,Thriller
809,Animation
809,Comedy
809,Family
809,Fantasy
809,Romance
1382832,Thriller
1382832,Horror
12155,Family
12155,Fantasy
12155,Adventure
1340206,Crime
1340206,Drama
1340206,Thriller
5721,Drama
893723,Adventure
893723,Animation
893723,Comedy
893723,Family
893723,Science Fiction
976573,Animation
976573,Comedy
976573,Family
976573,Romance
105864,Adventure
105864,Animation
105864,Family
297762,Action
297762,Adventure
297762,Fantasy
1100782,Horror
1100782,Mystery
9479,Fantasy
9479,Animation
9479,Family
1592,Crime
1592,Drama
1592,Thriller
764,Horror
945961,Horror
945961,Science Fiction
640146,Action
640146,Adventure
640146,Science Fiction
400535,Action
400535,Crime
400535,Thriller
1495,Drama
1495,Action
1495,Adventure
1495,History
1495,War
419430,Mystery
419430,Thriller
419430,Horror
363088,Action
363088,Adventure
363088,Science Fiction
1159831,Science Fiction
1159831,Horror
1159831,Fantasy
1272837,Horror
1272837,Thriller
1272837,Science Fiction
345940,Action
345940,Science Fiction
345940,Horror
792307,Science Fiction
792307,Romance
792307,Comedy
1469342,Science Fiction
1469342,Horror
1469342,Thriller
1813,Horror
1813,Drama
1813,Mystery
882569,War
882569,Action
882569,Thriller
458156,Action
458156,Thriller
458156,Crime
1246049,Horror
1246049,Fantasy
1246049,Romance
829557,Romance
829557,Drama
11423,Crime
11423,Drama
11423,Thriller
745,Mystery
745,Thriller
745,Drama
337167,Drama
337167,Romance
1477712,Horror
1477712,Comedy
333484,Adventure
333484,Action
333484,Western
320288,Science Fiction
320288,Action
320288,Adventure
36557,Adventure
36557,Action
36557,Thriller
85,Adventure
85,Action
370172,Action
370172,Thriller
370172,Adventure
75780,Crime
75780,Drama
75780,Thriller
75780,Action
1398655,Drama
131631,Science Fiction
131631,Adventure
131631,Thriller
934433,Horror
934433,Thriller
934433,Crime
404368,Action
404368,Adventure
404368,Animation
404368,Comedy
404368,Family
404368,Science Fiction
9552,Horror
679,Action
679,Thriller
679,Science Fiction
558449,Action
558449,Adventure
558449,Drama
14324,Adventure
14324,Action
14324,Comedy
14324,Romance
373571,Science Fiction
373571,Action
57158,Fantasy
57158,Adventure
57158,Action
260346,Thriller
260346,Action
16859,Animation
16859,Family
16859,Fantasy
8363,Comedy
1927,Science Fiction
1927,Adventure
1927,Action
1927,Drama
524434,Science Fiction
524434,Action
524434,Adventure
949536,Action
949536,Thriller
949536,Science Fiction
601,Adventure
601,Science Fiction
601,Family
209112,Action
209112,Adventure
209112,Fantasy
609681,Science Fiction
609681,Adventure
609681,Action
2105,Comedy
2105,Romance
561,Fantasy
561,Action
561,Horror
101299,Adventure
101299,Action
101299,Science Fiction
8689,Horror
50014,Drama
1173559,Horror
696506,Science Fiction
696506,Comedy
696506,Adventure
929590,War
929590,Action
929590,Drama
853,War
853,History
438695,Animation
438695,Comedy
438695,Family
438695,Music
1525963,Unknown
36685,Comedy
36685,Science Fiction
36685,Horror
245891,Action
245891,Thriller
1175942,Family
1175942,Comedy
1175942,Crime
1175942,Adventure
1175942,Animation
1175942,Action
10144,Animation
10144,Family
10144,Fantasy
75656,Thriller
75656,Crime
346364,Horror
346364,Thriller
346364,Drama
1084187,Action
1084187,Thriller
1084187,Horror
1008042,Horror
1011985,Action
1011985,Adventure
1011985,Animation
1011985,Comedy
1011985,Family
1011985,Fantasy
9820,Comedy
9820,Family
9820,Romance
62177,Adventure
62177,Animation
62177,Family
62177,Fantasy
9470,Action
9470,Comedy
9470,Crime
9470,Fantasy
447404,Action
447404,Adventure
447404,Fantasy
82976,Comedy
82976,Drama
866398,Action
866398,Crime
866398,Thriller
11544,Animation
11544,Family
11544,Comedy
11544,Science Fiction
456931,Drama
456931,Fantasy
456931,Horror
456931,Romance
426063,Horror
426063,Fantasy
22881,Drama
591,Thriller
591,Mystery
126889,Horror
126889,Science Fiction
1719326,Drama
93456,Animation
93456,Comedy
93456,Family
93456,Science Fiction
1632181,Comedy
1632181,Romance
91314,Science Fiction
91314,Action
91314,Adventure
447277,Adventure
447277,Family
447277,Fantasy
447277,Romance
602,Action
602,Adventure
602,Science Fiction
855,Action
855,War
855,History
670,Thriller
670,Mystery
37799,Drama
1285959,Thriller
8358,Adventure
8358,Drama
1156593,Drama
1156593,Romance
185,Science Fiction
185,Crime
38055,Animation
38055,Action
38055,Comedy
38055,Family
38055,Science Fiction
1007734,Action
1007734,Thriller
1007734,Comedy
1007734,Crime
2109,Action
2109,Comedy
2109,Crime
520763,Science Fiction
520763,Thriller
520763,Horror
508947,Animation
508947,Family
508947,Comedy
508947,Fantasy
1091,Horror
1091,Mystery
1091,Science Fiction
1391325,Comedy
425909,Fantasy
425909,Comedy
425909,Adventure
653346,Science Fiction
653346,Adventure
653346,Action
1305672,History
1305672,Drama
359724,Drama
359724,History
359724,Action
630,Adventure
630,Fantasy
630,Family
343611,Action
343611,Thriller
343611,Drama
343611,Crime
412117,Animation
412117,Comedy
412117,Family
412117,Adventure
405871,Drama
1236153,Science Fiction
1236153,Action
1236153,Thriller
1579,Action
1579,Drama
1579,History
680493,Horror
680493,Mystery
177677,Action
177677,Adventure
72105,Comedy
72105,Fantasy
1214931,History
1214931,Drama
30723,Comedy
300668,Science Fiction
300668,Horror
577922,Action
577922,Thriller
577922,Science Fiction
1366,Drama
1097549,Romance
1097549,Thriller
1084199,Horror
1084199,Science Fiction
1084199,Thriller
1232449,Drama
1232449,Romance
330459,Action
330459,Adventure
330459,Science Fiction
27,Drama
27,Music
27,Romance
18240,Comedy
18240,Romance
18240,Drama
949838,Comedy
949838,Crime
242,Crime
242,Drama
242,Thriller
861,Action
861,Adventure
861,Science Fiction
1390300,Action
1390300,Comedy
1390300,Thriller
940721,Science Fiction
940721,Horror
940721,Action
168259,Action
168259,Crime
168259,Thriller
1284046,Action
1284046,Horror
1284046,Thriller
82690,Family
82690,Animation
82690,Comedy
82690,Adventure
1397485,Romance
1397485,Drama
629,Drama
629,Crime
629,Thriller
100402,Action
100402,Adventure
100402,Science Fiction
269955,Drama
269955,Romance
424694,Music
424694,Drama
7345,Drama
1288341,Action
1288341,Thriller
1645614,Comedy
1645614,Drama
1480387,Horror
1480387,Mystery
953,Adventure
953,Animation
953,Comedy
953,Family
453,Drama
453,Romance
527774,Animation
527774,Action
527774,Adventure
527774,Fantasy
527774,Family
9487,Adventure
9487,Animation
9487,Comedy
9487,Family
19913,Comedy
19913,Drama
19913,Romance
11216,Drama
11216,Romance
921711,Comedy
921711,Thriller
4327,Action
4327,Comedy
4327,Adventure
152601,Romance
152601,Science Fiction
152601,Drama
10527,Adventure
10527,Animation
10527,Comedy
10527,Family
1279493,Action
1279493,Thriller
1292695,Action
1292695,Comedy
1292695,Horror
1292695,Thriller
281338,Drama
281338,Science Fiction
281338,War
940551,Family
940551,Comedy
940551,Adventure
940551,Animation
337404,Comedy
337404,Crime
337404,Drama
955,Adventure
955,Action
955,Thriller
1002398,Drama
1002398,Romance
1771,Action
1771,Adventure
1771,Science Fiction
254,Adventure
254,Drama
254,Action
194662,Drama
194662,Comedy
446893,Family
446893,Animation
446893,Comedy
446893,Fantasy
446893,Adventure
446893,Music
18239,Adventure
18239,Fantasy
18239,Drama
18239,Romance
11836,Adventure
11836,Animation
11836,Comedy
11836,Family
11836,Fantasy
166426,Adventure
166426,Action
166426,Fantasy
240832,Action
240832,Science Fiction
343668,Action
343668,Adventure
343668,Comedy
343668,Crime
343668,Science Fiction
1470130,Horror
1470130,Mystery
1035259,Comedy
1035259,Crime
1035259,Action
567609,Horror
567609,Comedy
49530,Action
49530,Thriller
49530,Science Fiction
1284120,Horror
1284120,Comedy
1284120,Drama
197,Action
197,Drama
197,History
197,War
1278,Drama
1278,Romance
4232,Crime
4232,Horror
4232,Mystery
10674,Animation
10674,Family
10674,Adventure
875828,Crime
875828,Drama
1231767,Romance
1231767,Drama
474350,Horror
474350,Thriller
474350,Drama
6479,Drama
6479,Science Fiction
6479,Thriller
211672,Family
211672,Animation
211672,Adventure
211672,Comedy
420818,Adventure
420818,Drama
420818,Family
420818,Animation
604079,Science Fiction
604079,Thriller
604079,Horror
10192,Comedy
10192,Adventure
10192,Fantasy
10192,Animation
10192,Family
118340,Action
118340,Science Fiction
118340,Adventure
1592032,Action
1592032,Crime
1592032,Thriller
1545621,Animation
1545621,Action
1545621,Mystery
1545621,Crime
524047,Thriller
524047,Action
524047,Science Fiction
44912,Adventure
44912,Action
44912,Science Fiction
18491,Animation
18491,Science Fiction
18491,Drama
18491,Fantasy
18491,Action
1530941,Animation
1530941,Action
1530941,Science Fiction
1530941,Comedy
176,Horror
176,Mystery
176,Crime
799583,Action
799583,Comedy
799583,War
508883,Animation
508883,Fantasy
508883,Drama
948,Horror
948,Thriller
1234731,Adventure
1234731,Comedy
1234731,Horror
122906,Drama
122906,Romance
122906,Fantasy
8413,Horror
8413,Science Fiction
8413,Mystery
615656,Action
615656,Science Fiction
615656,Horror
493529,Adventure
493529,Fantasy
493529,Comedy
1511675,Action
1511675,Adventure
1511675,War
74,Adventure
74,Thriller
74,Science Fiction
530915,War
530915,Drama
530915,History
1064028,Horror
1064028,Science Fiction
1064028,Thriller
615777,Drama
615777,Comedy
165,Adventure
165,Comedy
165,Science Fiction
1637,Action
1637,Thriller
73,Drama
537915,Drama
537915,Romance
87827,Adventure
87827,Drama
7451,Action
7451,Adventure
7451,Thriller
7451,Crime
7451,Drama
49444,Animation
49444,Family
49444,Comedy
49444,Action
196,Adventure
196,Comedy
196,Science Fiction
854,Comedy
854,Fantasy
854,Crime
854,Romance
635302,Animation
635302,Action
635302,Fantasy
335,Drama
335,Western
8871,Family
8871,Comedy
8871,Fantasy
500,Crime
500,Thriller
718930,Action
718930,Comedy
718930,Thriller
967847,Fantasy
967847,Adventure
967847,Comedy
620,Comedy
620,Fantasy
158852,Adventure
158852,Family
158852,Mystery
158852,Science Fiction
581,Adventure
581,Drama
581,Western
10494,Animation
10494,Thriller
439079,Horror
593643,Comedy
593643,Horror
853033,Drama
853033,Romance
8681,Action
8681,Thriller
1891,Adventure
1891,Action
1891,Science Fiction
190859,War
190859,Action
1542261,Animation
1542261,Adventure
1542261,Fantasy
1542261,Family
166428,Animation
166428,Family
166428,Adventure
787723,Action
787723,Drama
787723,Thriller
14,Drama
77877,Drama
77877,Romance
335977,Adventure
335977,Action
141052,Action
141052,Adventure
141052,Science Fiction
26466,Horror
1539104,Animation
1539104,Action
1539104,Fantasy
695721,Science Fiction
695721,Action
102651,Fantasy
102651,Adventure
102651,Action
102651,Family
102651,Romance
35,Animation
35,Comedy
35,Family
604,Adventure
604,Action
604,Thriller
604,Science Fiction
801335,Thriller
801335,Crime
801335,TV Movie
1167307,Animation
1167307,Family
1167307,Drama
1167307,History
1167307,Adventure
1329016,Drama
1329016,Comedy
149,Animation
149,Science Fiction
149,Action
27578,Thriller
27578,Adventure
27578,Action
629542,Action
629542,Adventure
629542,Animation
629542,Comedy
629542,Crime
629542,Family
19494,Comedy
615457,Action
615457,Thriller
9738,Action
9738,Fantasy
9738,Science Fiction
8392,Fantasy
8392,Animation
8392,Family
1250,Thriller
1250,Action
1250,Fantasy
533533,Science Fiction
533533,Adventure
533533,Action
1709391,Family
2251,Thriller
2251,Drama
2251,Romance
762509,Adventure
762509,Family
762509,Animation
979,Drama
979,Thriller
979,Crime
64690,Drama
64690,Thriller
64690,Crime
1315303,Horror
1315303,Thriller
507089,Horror
507089,Thriller
402,Thriller
402,Mystery
15121,Drama
15121,Family
15121,Music
15121,Romance
405818,Drama
405818,Thriller
22803,Drama
22803,Crime
22803,Thriller
411442,Action
411442,Adventure
411442,Fantasy
411442,Horror
296098,Thriller
296098,Drama
63,Science Fiction
63,Thriller
63,Mystery
1562,Horror
1562,Thriller
1562,Science Fiction
600,Drama
600,War
776503,Drama
776503,Music
776503,Romance
454626,Action
454626,Science Fiction
454626,Comedy
454626,Family
4982,Drama
4982,Crime
665,History
665,Drama
665,Adventure
316029,Drama
290859,Science Fiction
290859,Action
290859,Adventure
290859,Thriller
522627,Action
522627,Comedy
522627,Crime
59967,Action
59967,Thriller
59967,Science Fiction
770,Drama
770,War
770,Romance
644,Drama
644,Science Fiction
644,Adventure
150689,Romance
150689,Fantasy
150689,Family
150689,Drama
1001835,Science Fiction
1001835,Mystery
1001835,Thriller
80321,Animation
80321,Family
80321,Comedy
80321,Adventure
1671548,Drama
1671548,Family
1671548,Comedy
858024,Drama
858024,Romance
1341138,Comedy
1483525,Drama
116745,Adventure
116745,Comedy
116745,Drama
116745,Fantasy
496450,Animation
496450,Fantasy
496450,Action
496450,Romance
496450,Family
9693,Science Fiction
9693,Thriller
9693,Action
181812,Adventure
181812,Action
181812,Science Fiction
1477317,Romance
1477317,Drama
675445,Action
675445,Adventure
675445,Animation
675445,Comedy
675445,Family
339403,Action
339403,Crime
268896,Action
268896,Fantasy
268896,Science Fiction
268896,Adventure
1679730,Animation
1679730,Fantasy
1679730,Drama
1679730,Action
189,Action
189,Crime
189,Thriller
5876,Horror
5876,Science Fiction
5876,Thriller
1933,Horror
1933,Mystery
1933,Thriller
1312946,Romance
1312946,Drama
378064,Animation
378064,Drama
378064,Romance
297,Fantasy
297,Drama
297,Romance
11976,Adventure
11976,Fantasy
335988,Action
335988,Adventure
335988,Science Fiction
628,Horror
628,Drama
628,Fantasy
1259102,Romance
1259102,Comedy
1259102,Drama
273248,Drama
273248,Mystery
273248,Western
75612,Action
75612,Science Fiction
75612,Adventure
75612,Mystery
399579,Action
399579,Science Fiction
399579,Adventure
645710,Thriller
1437696,Drama
1437696,History
275,Crime
275,Drama
275,Thriller
322,Thriller
322,Drama
322,Mystery
322,Crime
10585,Horror
291805,Crime
291805,Thriller
70981,Science Fiction
70981,Mystery
70981,Horror
157350,Action
157350,Adventure
157350,Science Fiction
49494,Adventure
49494,Drama
8913,Horror
1202033,Adventure
1202033,Crime
1202033,Mystery
36647,Horror
36647,Action
29187,Drama
29187,Horror
9737,Action
9737,Comedy
9737,Crime
9737,Thriller
48650,Drama
48650,Romance
4588,Action
4588,Drama
4588,Romance
4588,Thriller
24021,Adventure
24021,Fantasy
24021,Drama
24021,Romance
268,Fantasy
268,Action
268,Crime
5548,Action
5548,Thriller
5548,Science Fiction
5879,Drama
5879,Romance
399174,Adventure
399174,Comedy
399174,Animation
754,Action
754,Crime
754,Science Fiction
12405,Drama
12405,Romance
1072790,Romance
1072790,Comedy
573435,Action
573435,Comedy
573435,Crime
9919,Comedy
9919,Romance
4108,Action
4108,Crime
4108,Thriller
310131,Horror
310131,Drama
310131,Mystery
310131,Fantasy
310131,Thriller
926393,Action
926393,Thriller
926393,Crime
1137350,Comedy
1137350,Adventure
1137350,Crime
760104,Horror
1572,Action
1572,Thriller
141,Fantasy
141,Drama
141,Mystery
785084,Drama
45612,Thriller
45612,Science Fiction
45612,Mystery
90,Comedy
90,Crime
90,Action
398978,Crime
398978,Drama
398978,History
89,Adventure
89,Action
46195,Animation
46195,Adventure
46195,Comedy
46195,Family
37724,Action
37724,Adventure
37724,Thriller
56292,Action
56292,Thriller
56292,Adventure
1669,Action
1669,Thriller
329,Adventure
329,Science Fiction
1585,Drama
1585,Family
1585,Fantasy
117,Crime
117,History
117,Thriller
137,Romance
137,Fantasy
137,Comedy
381284,Drama
381284,History
956,Adventure
956,Action
956,Thriller
1418582,Comedy
1418582,Romance
335787,Action
335787,Adventure
335787,Mystery
193756,War
193756,Action
193756,Drama
205587,Drama
11046,Adventure
11046,War
45269,Drama
45269,History
127380,Adventure
127380,Animation
127380,Family
115,Comedy
115,Crime
7131,Horror
7131,Adventure
7131,Action
1465063,Adventure
1465063,Animation
1465063,Comedy
1465063,Family
1465063,Fantasy
348350,Science Fiction
348350,Adventure
348350,Action
278927,Adventure
278927,Family
278927,Fantasy
1153576,Action
1153576,Fantasy
159824,Animation
159824,Comedy
159824,Family
159824,Fantasy
495764,Action
495764,Crime
114,Romance
114,Comedy
1242265,Action
1242265,Crime
1242265,Thriller
36955,Action
36955,Thriller
1369,Action
1369,Adventure
1369,Thriller
1369,War
594,Comedy
594,Drama
83389,Animation
83389,Drama
1089,Action
1089,Thriller
1089,Crime
253350,Comedy
253350,Drama
334541,Drama
22538,Action
22538,Comedy
22538,Romance
28178,Drama
28178,Family
310,Fantasy
310,Comedy
84892,Drama
13920,Drama
264660,Drama
264660,Science Fiction
605,Adventure
605,Action
605,Thriller
605,Science Fiction
294254,Science Fiction
294254,Action
294254,Thriller
294254,Adventure
147441,Adventure
147441,Drama
147441,Action
621,Romance
621,Comedy
1011477,Action
1011477,Adventure
1011477,Drama
1669057,Drama
142,Drama
142,Romance
1317672,Romance
1317672,Drama
10895,Animation
10895,Family
10895,Fantasy
634492,Action
634492,Fantasy
9323,Action
9323,Animation
9323,Science Fiction
124905,Action
124905,Drama
124905,Science Fiction
404009,Comedy
77429,Comedy
1271,Action
1271,Adventure
1271,War
812583,Thriller
812583,Mystery
812583,Comedy
941,Action
941,Thriller
941,Crime
1244492,Animation
1244492,Drama
1156869,Unknown
399566,Action
399566,Science Fiction
399566,Adventure
1137844,Comedy
1137844,Action
315837,Science Fiction
315837,Drama
315837,Action
1508168,Romance
1508168,Comedy
1508168,Drama
941109,Crime
941109,Action
941109,Thriller
1427,Crime
1427,Fantasy
1427,Drama
43949,Romance
43949,Drama
76,Drama
76,Romance
204922,Thriller
204922,Mystery
2832,Mystery
2832,Thriller
1741201,Documentary
406997,Family
406997,Drama
1408208,Horror
1408208,Mystery
1408208,Thriller
44896,Animation
44896,Comedy
44896,Family
44896,Western
44896,Adventure
976893,Drama
348893,Action
348893,Drama
348893,Thriller
348893,Crime
49046,War
49046,Drama
62211,Animation
62211,Family
62211,Comedy
62211,Fantasy
381288,Horror
381288,Thriller
308266,Comedy
308266,Crime
308266,Drama
755679,Action
755679,Crime
755679,Thriller
2502,Action
2502,Drama
2502,Thriller
1584215,Action
180,Science Fiction
180,Action
180,Thriller
1363974,Animation
1363974,Fantasy
1363974,Adventure
1363974,Comedy
82507,Horror
82507,Thriller
82507,Mystery
2059,Adventure
2059,Action
2059,Mystery
10483,Action
10483,Thriller
10483,Science Fiction
968051,Horror
1421155,Action
1421155,Crime
1421155,Thriller
2048,Action
2048,Science Fiction
14869,Adventure
14869,Action
14869,Thriller
14869,Science Fiction
26817,Comedy
26817,Romance
17654,Science Fiction
1595852,Romance
1595852,Drama
1701,Action
1701,Thriller
1701,Crime
840430,Drama
840430,Comedy
81,Adventure
81,Animation
81,Fantasy
1119878,Action
1119878,Thriller
1119878,Drama
1472951,Action
1472951,Thriller
162,Fantasy
162,Drama
162,Romance
947,Adventure
947,History
947,War
153,Drama
153,Comedy
153,Romance
290250,Comedy
290250,Crime
290250,Action
1341041,Horror
1207162,History
1207162,Action
1207162,Adventure
1207162,War
206487,Science Fiction
206487,Thriller
9340,Adventure
9340,Comedy
9340,Family
64688,Action
64688,Comedy
64688,Crime
749170,Action
749170,Thriller
749170,Comedy
594767,Comedy
594767,Action
594767,Fantasy
1265,Adventure
1265,Drama
1265,Family
4011,Fantasy
4011,Comedy
296,Action
296,Thriller
296,Science Fiction
1538,Drama
1538,Crime
1538,Thriller
395834,Crime
395834,Mystery
395834,Thriller
288987,Drama
288987,Romance
1245993,Crime
1245993,Thriller
1245993,Comedy
1372,Drama
1372,Thriller
1372,Action
11770,Action
11770,Comedy
928358,Drama
1248226,Action
1248226,Comedy
1357633,Action
1357633,Adventure
1357633,Fantasy
1357633,Animation
870028,Mystery
870028,Crime
870028,Thriller
2503,Action
2503,Drama
2503,Mystery
2503,Thriller
646380,Comedy
646380,Science Fiction
646380,Drama
1740877,Family
1740877,Animation
17578,Adventure
17578,Animation
17578,Mystery
73723,Animation
73723,Family
1084736,Adventure
1084736,Action
1084736,Drama
1126166,Action
1126166,Thriller
619979,Drama
619979,Mystery
619979,Thriller
353486,Adventure
353486,Comedy
353486,Fantasy
1018,Thriller
1018,Drama
1018,Mystery
12092,Animation
12092,Family
12092,Fantasy
12092,Adventure
1124620,Horror
1124620,Comedy
927,Fantasy
927,Horror
927,Comedy
65754,Thriller
65754,Crime
65754,Mystery
1515615,Romance
1515615,Comedy
19908,Comedy
19908,Horror
293670,Horror
293670,Mystery
1071585,Action
1071585,Science Fiction
1071585,Thriller
8467,Comedy
1363387,Horror
479455,Comedy
479455,Science Fiction
479455,Action
479455,Adventure
1087891,Thriller
1087891,Action
459151,Animation
459151,Comedy
459151,Adventure
459151,Family
747,Horror
747,Comedy
915935,Thriller
915935,Mystery
915935,Crime
32657,Adventure
32657,Fantasy
32657,Family
320,Thriller
320,Crime
320,Drama
24086,Drama
24086,Family
24086,Fantasy
1115544,Comedy
1115544,Science Fiction
1115544,Action
269495,Drama
269495,Comedy
464052,Action
464052,Adventure
464052,Fantasy
1116201,Horror
1116201,Mystery
1116201,Science Fiction
9837,Adventure
9837,Animation
9837,Drama
9837,Family
15512,Animation
15512,Family
15512,Adventure
15512,Science Fiction
788,Comedy
788,Drama
788,Family
467905,Comedy
467905,Thriller
10545,Drama
10545,Animation
10545,Family
599,Drama
4523,Comedy
4523,Family
4523,Fantasy
4523,Romance
910850,Animation
910850,Science Fiction
910850,War
910850,Drama
661374,Comedy
661374,Crime
661374,Mystery
324849,Animation
324849,Action
324849,Comedy
324849,Family
966,Western
966,Action
966,Adventure
966,Drama
297761,Action
297761,Adventure
297761,Fantasy
109428,Horror
646,Adventure
646,Action
646,Thriller
420817,Adventure
420817,Fantasy
420817,Romance
420817,Family
314365,Drama
314365,History
80278,Drama
80278,Thriller
80278,History
1541560,Action
1541560,Comedy
286687,Romance
286687,Drama
286687,Comedy
1490260,Comedy
1490260,Music
1607,Drama
1607,Crime
1057265,Action
1057265,Drama
670292,Science Fiction
670292,Action
670292,Adventure
1376434,Animation
1376434,Action
1376434,Science Fiction
1376434,Thriller
70,Drama
1487864,Crime
1487864,Thriller
1487864,Drama
813,Comedy
1734,Adventure
1734,Action
1734,Fantasy
70160,Science Fiction
70160,Adventure
70160,Action
70160,Thriller
666277,Drama
666277,Romance
1656220,Drama
1003598,Science Fiction
1003598,Action
1003598,Adventure
399402,Action
399402,Thriller
235,Drama
235,Adventure
432279,Romance
432279,Drama
49047,Science Fiction
49047,Thriller
49047,Drama
254128,Action
254128,Drama
254128,Thriller
387732,Drama
392044,Mystery
392044,Drama
392044,Crime
1724816,Drama
454640,Animation
454640,Adventure
454640,Comedy
454640,Family
454640,Action
588,Horror
588,Mystery
331482,Drama
331482,Romance
639988,Comedy
639988,Crime
639988,Thriller
390043,Action
390043,Comedy
390043,Crime
390043,Thriller
4233,Horror
4233,Mystery
76203,Drama
76203,History
433,Comedy
433,Family
433,Fantasy
8367,Action
8367,Adventure
8367,Drama
1223601,Action
1223601,War
1223601,Thriller
9509,Action
9509,Drama
9509,Thriller
402900,Crime
402900,Comedy
402900,Action
427641,Action
427641,Adventure
427641,Science Fiction
4248,Comedy
337339,Action
337339,Crime
337339,Thriller
1356039,Action
1356039,Adventure
1356039,Thriller
50646,Comedy
50646,Drama
50646,Romance
870270,Drama
870270,Romance
534,Action
534,Science Fiction
534,Thriller
391713,Drama
391713,Comedy
4256,Comedy
501929,Animation
501929,Adventure
501929,Comedy
217,Adventure
217,Action
302946,Crime
302946,Thriller
302946,Drama
1079091,Drama
1079091,Romance
505026,Mystery
505026,Crime
505026,Thriller
5255,Adventure
5255,Animation
5255,Family
5255,Fantasy
12230,Adventure
12230,Animation
12230,Comedy
12230,Family
1034541,Horror
950,Animation
950,Family
950,Comedy
950,Adventure
608,Action
608,Comedy
608,Science Fiction
930094,Comedy
930094,Romance
913290,Horror
913290,Mystery
913290,Thriller
631843,Thriller
631843,Mystery
631843,Horror
131634,Action
131634,Adventure
131634,Science Fiction
688,Drama
688,Romance
4347,Drama
4347,Romance
882598,Horror
882598,Mystery
335797,Animation
335797,Comedy
335797,Family
335797,Music
1417285,Horror
1417285,Thriller
1417285,Romance
249397,Drama
249397,Mystery
515333,Drama
53064,Animation
53064,Drama
53064,Horror
1462861,Comedy
1462861,Horror
364,Action
364,Fantasy
698687,Animation
698687,Science Fiction
698687,Adventure
698687,Family
1151031,Horror
337401,Adventure
337401,Fantasy
337401,Action
105825,Fantasy
105825,Horror
9016,Science Fiction
9016,Adventure
9016,Animation
9016,Family
9016,Fantasy
646385,Horror
646385,Mystery
235271,Drama
235271,Thriller
10860,Drama
10860,Comedy
23483,Action
23483,Crime
10528,Action
10528,Adventure
10528,Mystery
206647,Action
206647,Adventure
206647,Thriller
324668,Action
324668,Adventure
324668,Thriller
1257009,Action
1257009,Horror
1257009,War
1257009,Science Fiction
110415,Action
110415,Science Fiction
110415,Drama
924,Horror
924,Science Fiction
924,Action
1294203,Drama
1294203,Romance
1102883,Music
1102883,Drama
1102883,Thriller
1029575,Action
1029575,Comedy
1029575,Adventure
64682,Drama
64682,Romance
140300,Animation
140300,Action
140300,Adventure
140300,Comedy
140300,Family
220281,Drama
220281,Romance
220281,Thriller
937278,Comedy
937278,Drama
363676,Drama
363676,History
9392,Adventure
9392,Horror
41446,Horror
41446,Mystery
163,Thriller
163,Crime
377670,Thriller
377670,Action
377670,Adventure
377670,Crime
10386,Animation
10386,Drama
10386,Family
10386,Science Fiction
10386,Adventure
399055,Drama
399055,Fantasy
399055,Romance
7443,Animation
7443,Comedy
7443,Family
1895,Adventure
1895,Action
1895,Science Fiction
509,Romance
509,Comedy
19404,Comedy
19404,Drama
19404,Romance
1144107,Animation
1144107,Fantasy
1144107,Action
1144107,Adventure
1550338,Drama
1550338,Romance
216919,Drama
4638,Crime
4638,Action
4638,Comedy
8077,Science Fiction
8077,Action
8077,Horror
89657,Drama
51876,Thriller
51876,Mystery
51876,Science Fiction
974573,Comedy
974573,Thriller
974573,Mystery
2493,Adventure
2493,Fantasy
2493,Romance
2493,Family
257211,Comedy
1641319,Action
1641319,Thriller
800158,Crime
800158,Thriller
460465,Action
460465,Fantasy
460465,Adventure
10830,Comedy
10830,Family
10830,Fantasy
1252309,Romance
1252309,Drama
696393,Horror
696393,Science Fiction
696393,Comedy
726209,Drama
726209,Mystery
726209,Thriller
1367642,Romance
1367642,Drama
262500,Action
262500,Science Fiction
262500,Thriller
10591,Comedy
10591,Romance
945729,Mystery
945729,Thriller
945729,Crime
14574,Drama
14574,War
14574,History
37233,Drama
37233,Mystery
37233,Thriller
7446,Action
7446,Comedy
7446,War
639933,Action
639933,Adventure
639933,Fantasy
787699,Comedy
787699,Family
787699,Fantasy
843,Drama
843,Romance
10882,Fantasy
10882,Animation
10882,Romance
10882,Family
1556321,Horror
1556321,Thriller
1556321,Action
9654,Action
9654,Crime
948549,Crime
948549,Romance
948549,Thriller
9489,Comedy
9489,Romance
9475,Drama
20526,Adventure
20526,Action
20526,Science Fiction
82693,Drama
82693,Comedy
82693,Romance
58595,Adventure
58595,Fantasy
58595,Drama
153104,Mystery
153104,Drama
153104,Romance
153104,Thriller
153104,TV Movie
414,Action
414,Crime
414,Fantasy
22970,Horror
22970,Mystery
22970,Comedy
1589248,Comedy
228794,Drama
228794,Romance
792,Drama
792,War
792,Action
9426,Horror
9426,Science Fiction
9476,Adventure
9476,Drama
9476,Romance
9476,Action
1440098,Romance
1440098,Drama
1440098,Thriller
522931,Action
522931,Comedy
522931,Crime
522931,Thriller
1433583,Drama
1433583,Thriller
1433583,Crime
203801,Comedy
203801,Action
203801,Adventure
6957,Comedy
6957,Romance
1948,Action
1948,Thriller
1948,Crime
782,Science Fiction
782,Drama
796185,Adventure
796185,Action
796185,Drama
796185,History
5559,Family
5559,Animation
5559,Adventure
5559,Comedy
762504,Horror
762504,Science Fiction
762504,Thriller
181533,Adventure
181533,Comedy
181533,Fantasy
181533,Family
460458,Action
460458,Horror
460458,Science Fiction
4922,Drama
4922,Fantasy
4922,Romance
1198288,Comedy
1198288,Family
1198288,Science Fiction
9532,Horror
1252037,War
1252037,Action
1252037,Drama
95,Action
95,Science Fiction
95,Adventure
627,Drama
627,Crime
563,Adventure
563,Action
563,Thriller
563,Science Fiction
6477,Comedy
6477,Family
6477,Fantasy
6477,Animation
241259,Adventure
241259,Family
241259,Fantasy
739405,Action
739405,Comedy
739405,Thriller
739405,Adventure
552178,Drama
552178,Thriller
9262,Action
9262,Comedy
9262,Crime
9262,Romance
1114513,Horror
1114513,Thriller
725201,Action
725201,Thriller
10555,Animation
10555,Action
10555,Comedy
10555,Family
9297,Animation
9297,Comedy
9297,Family
9297,Fantasy
9297,Horror
184315,Action
184315,Adventure
411088,Drama
411088,Mystery
411088,Thriller
11852,Comedy
11852,Fantasy
26389,Action
26389,Crime
26389,Thriller
1327862,Romance
1327862,Drama
10112,Animation
10112,Comedy
10112,Family
10112,Adventure
476669,Action
476669,Adventure
476669,Thriller
450465,Thriller
450465,Drama
450465,Science Fiction
115290,Drama
115290,Adventure
115290,Romance
115290,TV Movie
1141970,Thriller
1141970,Drama
531428,Drama
531428,Romance
544,Romance
544,Comedy
7512,Comedy
7512,Science Fiction
7512,Adventure
7512,Thriller
53182,Action
53182,Drama
53182,War
1084577,Comedy
1084577,Action
1084577,Adventure
1358005,Romance
1358005,Comedy
8961,Action
8961,Crime
8961,Comedy
7555,Action
7555,Thriller
7555,War
1893,Adventure
1893,Action
1893,Science Fiction
4824,Action
4824,Crime
4824,Thriller
467244,Drama
467244,History
467244,War
50620,Fantasy
50620,Drama
50620,Romance
585511,Animation
585511,Adventure
585511,Comedy
585511,Fantasy
585511,Family
376867,Drama
20766,Adventure
20766,Drama
228161,Fantasy
228161,Comedy
228161,Animation
228161,Science Fiction
228161,Family
1367220,Action
1367220,Fantasy
169917,Crime
169917,Drama
169917,Mystery
169917,Thriller
37135,Animation
37135,Family
37135,Adventure
9804,Adventure
9804,Action
9804,Science Fiction
1824,Comedy
1824,Romance
45243,Comedy
1791,Drama
1791,Romance
548,Crime
548,Drama
548,Mystery
516486,War
516486,Action
516486,Drama
4547,Crime
4547,Drama
4547,Thriller
10009,Adventure
10009,Animation
10009,Family
8835,Comedy
753342,History
753342,War
753342,Drama
47933,Action
47933,Adventure
47933,Science Fiction
96721,Drama
96721,Action
796,Drama
796,Romance
8055,Drama
8055,Romance
9023,Animation
9023,Adventure
9023,Family
9023,Drama
9023,Western
311324,Action
311324,Adventure
311324,Fantasy
2668,Fantasy
2668,Thriller
2668,Mystery
2668,Horror
881211,Animation
881211,Family
881211,Comedy
682507,Drama
682507,Mystery
682507,Romance
41630,Comedy
41630,Romance
10693,Animation
10693,Family
10693,Adventure
10693,Fantasy
1387382,Action
1387382,Drama
1387382,Thriller
273477,Comedy
273477,Horror
36648,Action
36648,Horror
36648,Science Fiction
13475,Science Fiction
13475,Action
13475,Adventure
1700,Drama
1700,Thriller
49529,Action
49529,Adventure
49529,Science Fiction
473033,Drama
473033,Thriller
473033,Crime
117251,Action
117251,Drama
117251,Thriller
58233,Crime
58233,Action
58233,Comedy
525,Music
525,Comedy
525,Crime
9802,Action
9802,Adventure
9802,Thriller
1541,Drama
1541,Crime
1541,Adventure
1193950,Crime
1193950,Thriller
1193950,Horror
9539,Horror
9539,Drama
9539,Thriller
2671,Horror
2671,Thriller
1233575,Drama
1233575,Mystery
1233575,Thriller
814,Comedy
814,Horror
814,Fantasy
5915,Adventure
5915,Drama
232672,Comedy
232672,Romance
19994,Horror
19994,Comedy
766507,Thriller
766507,Action
766507,Science Fiction
1582770,Action
1582770,Crime
1582770,Thriller
1242419,Crime
1242419,Comedy
1242419,Drama
1397385,Comedy
72331,Action
72331,Fantasy
72331,Horror
9739,Crime
9739,Action
9739,Science Fiction
1213,Thriller
1213,Crime
1213,Drama
76757,Science Fiction
76757,Fantasy
76757,Action
13448,Thriller
13448,Mystery
287947,Action
287947,Comedy
287947,Fantasy
426,Mystery
426,Romance
426,Thriller
2567,Drama
3049,Comedy
3049,Crime
3049,Mystery
316269,Thriller
316269,Science Fiction
316269,Action
64635,Action
64635,Science Fiction
64635,Thriller
1415341,Comedy
2108,Comedy
2108,Drama
11645,Action
11645,Drama
11645,History
756999,Horror
756999,Thriller
587792,Comedy
587792,Romance
587792,Science Fiction
65,Drama
65,Music
43947,Thriller
43947,Crime
43947,Horror
277216,Drama
277216,Music
277216,History
44115,Adventure
44115,Drama
44115,Thriller
346685,Crime
346685,Mystery
346685,Thriller
1287141,Romance
1287141,Drama
1287141,Comedy
9373,Horror
5175,Action
5175,Comedy
5175,Crime
8656,Action
8656,Drama
8656,Science Fiction
1363123,Action
1363123,Comedy
524,Crime
524,Drama
1319504,Romance
1319504,Comedy
9928,Animation
9928,Comedy
9928,Family
9928,Science Fiction
4995,Drama
4995,Comedy
1032823,Crime
1032823,Horror
1032823,Thriller
957,Comedy
957,Science Fiction
639720,Comedy
639720,Fantasy
639720,Family
916224,Animation
916224,Drama
916224,Adventure
916224,Fantasy
10515,Adventure
10515,Fantasy
10515,Animation
10515,Action
10515,Family
345887,Action
345887,Thriller
345887,Crime
1659155,Thriller
1659155,Drama
1659155,Mystery
265208,Thriller
265208,Crime
265208,Action
619264,Drama
619264,Science Fiction
619264,Thriller
11362,Adventure
11362,Drama
11362,History
11362,Action
1290417,Horror
1290417,Thriller
1228891,Drama
1228891,Comedy
1228891,Adventure
6114,Romance
6114,Horror
38575,Action
38575,Adventure
38575,Drama
38575,Family
80274,Science Fiction
80274,Action
80274,Adventure
13223,Drama
12429,Animation
12429,Fantasy
12429,Family
449443,Crime
449443,Thriller
449443,Action
393392,Crime
393392,Drama
393392,Romance
1621,Comedy
153518,Animation
153518,Adventure
153518,Comedy
153518,Family
24420,Drama
24420,Romance
24420,Fantasy
529203,Animation
529203,Family
529203,Adventure
529203,Fantasy
529203,Comedy
396422,Horror
1573,Action
1573,Thriller
1903,Mystery
1903,Romance
1903,Science Fiction
10999,Action
10999,Adventure
10999,Thriller
43347,Drama
43347,Comedy
43347,Romance
76493,Comedy
83542,Drama
83542,Science Fiction
9732,Adventure
9732,Animation
9732,Drama
9732,Family
9732,Romance
400155,Animation
400155,Comedy
400155,Family
400155,Fantasy
338969,Action
338969,Comedy
338969,Science Fiction
1226578,Crime
1226578,Horror
1226578,Mystery
8204,Family
8204,Adventure
8204,Fantasy
8204,Drama
799379,Action
799379,Thriller
799379,Horror
799379,Crime
307081,Action
307081,Drama
597208,Crime
597208,Drama
597208,Thriller
33542,Crime
33542,Action
33542,Comedy
33542,Thriller
3131,Drama
3131,History
3131,Crime
181886,Thriller
181886,Mystery
10196,Action
10196,Adventure
10196,Fantasy
660120,Drama
660120,Romance
660120,Comedy
871,Science Fiction
871,Adventure
871,Drama
871,Action
37257,Drama
37257,Mystery
37257,Crime
686,Drama
686,Science Fiction
686,Mystery
1571,Action
1571,Thriller
11397,Comedy
499701,Family
499701,Comedy
499701,Adventure
9355,Action
9355,Adventure
9355,Science Fiction
201088,Crime
201088,Thriller
201088,Action
445466,Comedy
445466,Crime
600354,Drama
508439,Adventure
508439,Animation
508439,Comedy
508439,Family
508439,Fantasy
949423,Horror
152,Science Fiction
152,Adventure
152,Mystery
11460,Thriller
11460,Mystery
44833,Thriller
44833,Action
44833,Adventure
44833,Science Fiction
11104,Drama
11104,Comedy
11104,Romance
1422227,Romance
1422227,Drama
11665,Action
11665,Comedy
11665,Thriller
50839,Thriller
50839,Drama
1136867,Romance
1136867,Drama
458897,Action
458897,Adventure
458897,Comedy
2666,Mystery
2666,Science Fiction
238713,Action
238713,Comedy
238713,Crime
46738,Drama
46738,War
46738,Mystery
37136,Comedy
37136,Crime
10137,Family
10137,Fantasy
10137,Comedy
10137,Adventure
38700,Thriller
38700,Action
38700,Crime
497582,Adventure
497582,Mystery
497582,Crime
7340,Horror
7340,Thriller
938614,Horror
340102,Science Fiction
340102,Horror
4964,Comedy
4964,Romance
4964,Drama
838209,Mystery
838209,Horror
838209,Thriller
257657,Drama
257657,Romance
957452,Action
957452,Fantasy
957452,Horror
138832,Comedy
138832,Crime
12812,Drama
2978,Comedy
2978,Fantasy
889737,Drama
889737,Crime
889737,Thriller
451048,Fantasy
451048,Comedy
451048,Adventure
49049,Action
49049,Science Fiction
3176,Drama
3176,Thriller
3176,Action
76163,Action
76163,Adventure
76163,Thriller
384261,Documentary
384261,TV Movie
384261,History
9902,Horror
9902,Thriller
1578,Drama
1578,History
1140521,Adventure
1140521,Family
1140521,Fantasy
1374,Drama
587807,Comedy
587807,Family
587807,Animation
274855,Action
274855,Science Fiction
274855,Thriller
9836,Animation
9836,Comedy
9836,Family
5503,Action
5503,Thriller
5503,Drama
288,Western
1476453,Drama
848538,Action
848538,Adventure
848538,Comedy
85350,Drama
9286,Horror
9286,Mystery
1635,Action
1635,Thriller
1635,Science Fiction
10330,Comedy
10330,Family
10330,Fantasy
700391,Action
700391,Adventure
700391,Science Fiction
289,Drama
289,Romance
1380417,Drama
1380417,Thriller
1380417,History
1979,Science Fiction
1979,Adventure
1979,Action
379686,Family
379686,Comedy
379686,Adventure
379686,Animation
379686,Science Fiction
238615,Science Fiction
238615,Action
238615,Thriller
1251,Action
1251,Drama
1251,War
79,Drama
79,Adventure
79,Action
79,History
1390382,Drama
1586876,Animation
1586876,Family
1586876,Adventure
1586876,Fantasy
298,Crime
298,Thriller
1318304,Music
1318304,Romance
1318304,Comedy
50619,Adventure
50619,Fantasy
50619,Romance
36593,Comedy
36593,Crime
9480,Fantasy
9480,Action
81005,Fantasy
81005,Action
81005,Adventure
1196067,Action
1196067,Horror
1196067,Science Fiction
1894,Adventure
1894,Action
1894,Science Fiction
585083,Animation
585083,Comedy
585083,Family
585083,Adventure
585083,Fantasy
9602,Comedy
9602,Romance
424783,Action
424783,Adventure
424783,Science Fiction
387848,Drama
387848,Romance
1476292,Drama
1476292,Romance
18823,Adventure
18823,Fantasy
18823,Action
591538,Drama
49849,Action
49849,Science Fiction
49849,Thriller
49849,Western
2675,Thriller
2675,Science Fiction
2675,Horror
11619,Adventure
11619,Animation
11619,Comedy
11619,Family
9982,Animation
9982,Family
9982,Comedy
819,Crime
819,Drama
819,Thriller
36669,Adventure
36669,Action
36669,Thriller
387592,Family
387592,Comedy
387592,Animation
387592,Adventure
290595,Action
290595,Adventure
290595,Drama
10948,Adventure
10948,Animation
10948,Drama
10948,Family
4476,Drama
4476,Western
4476,Romance
4476,War
222935,Romance
222935,Drama
884605,Comedy
884605,Romance
375588,Adventure
375588,Action
375588,Thriller
375588,Fantasy
9741,Thriller
9741,Drama
9741,Mystery
8909,Action
8909,Thriller
8909,Crime
980489,Adventure
980489,Drama
980489,Action
27581,Comedy
27581,Action
27581,Crime
49822,Mystery
49822,Crime
49822,Drama
49822,Thriller
49822,TV Movie
46853,Drama
1290159,Thriller
1290159,Drama
1408170,Action
1408170,Drama
1408170,Romance
415,Action
415,Science Fiction
415,Adventure
755,Horror
755,Action
755,Crime
299054,Action
299054,Adventure
299054,Thriller
103663,Drama
9714,Comedy
9714,Family
9325,Family
9325,Animation
9325,Adventure
1242011,Horror
1242011,Romance
1010755,Horror
1010755,Thriller
49524,Fantasy
49524,Action
49524,Comedy
424139,Horror
424139,Thriller
1083433,Horror
1083433,Thriller
1083433,Mystery
61979,Romance
61979,Drama
446021,Thriller
446021,Mystery
446021,Crime
446021,Drama
154400,Drama
154400,Crime
68728,Fantasy
68728,Adventure
68728,Family
697843,Action
697843,Thriller
697843,Crime
187,Crime
187,Thriller
1301310,Horror
1301310,History
9453,Drama
9453,History
2024,Drama
2024,History
2024,War
2024,Action
6557,Comedy
6557,Romance
881,Drama
762,Adventure
762,Comedy
762,Fantasy
1375441,Crime
1375441,Drama
1375441,Thriller
1124142,Crime
1124142,Drama
1124142,Thriller
1291608,Action
1291608,Crime
1291608,Thriller
724495,Action
724495,Drama
724495,History
724495,War
1124566,Drama
1124566,Comedy
33,Western
500664,Action
500664,Thriller
500664,Science Fiction
22794,Animation
22794,Comedy
22794,Family
13027,Mystery
13027,Thriller
13027,Action
1497970,Animation
1497970,Comedy
1497970,Family
1497970,Fantasy
1497970,Adventure
11013,Romance
11013,Drama
11013,Comedy
1593,Fantasy
1593,Family
1593,Comedy
569672,Drama
1309725,Comedy
1309725,Drama
1379963,Romance
1379963,Drama
2649,Drama
2649,Thriller
2649,Mystery
339846,Comedy
339846,Action
339846,Crime
375631,Documentary
388,Crime
388,Drama
388,Thriller
503919,Drama
503919,Fantasy
503919,Thriller
974635,Comedy
974635,Romance
974635,Crime
20504,Action
20504,Thriller
20504,Science Fiction
1232546,Horror
1232546,Mystery
1567187,Horror
602734,Horror
602734,Mystery
674324,Drama
674324,Comedy
537996,Western
537996,Comedy
537996,Drama
10200,Drama
10200,Science Fiction
10200,Thriller
397243,Horror
397243,Mystery
1575337,Animation
1575337,Fantasy
1575337,Music
1575337,Science Fiction
12162,Drama
12162,Thriller
12162,War
158015,Science Fiction
158015,Horror
158015,Thriller
514847,Action
514847,Thriller
514847,Horror
429351,War
429351,Drama
429351,Action
429351,History
1319522,Drama
97367,Drama
97367,Crime
856,Fantasy
856,Animation
856,Comedy
856,Crime
82695,History
82695,Drama
901362,Animation
901362,Family
901362,Music
901362,Fantasy
901362,Comedy
901362,Adventure
515001,Comedy
515001,War
515001,Drama
431693,Animation
431693,Action
431693,Adventure
431693,Comedy
431693,Family
359940,Crime
359940,Drama
11635,Comedy
34584,Adventure
34584,Fantasy
34584,Family
2119,Adventure
2119,Action
2119,Drama
198184,Crime
198184,Action
198184,Science Fiction
1028196,Drama
1028196,History
20453,Drama
20453,Comedy
166666,Drama
297090,Drama
297090,Comedy
449176,Comedy
449176,Drama
449176,Romance
68734,Drama
68734,Thriller
673593,Comedy
6844,Drama
6844,History
263472,Horror
263472,Thriller
263472,Crime
11253,Fantasy
11253,Action
1401459,Drama
1878,Adventure
1878,Drama
1878,Comedy
1414413,Action
1414413,Thriller
1414413,Mystery
1414413,Drama
44264,Drama
44264,Adventure
44264,Western
112160,Comedy
112160,Drama
112160,Romance
50546,Comedy
50546,Romance
1640,Drama
480530,Drama
480530,Action
1923,Drama
1923,Mystery
1923,Horror
13053,Animation
13053,Family
13053,Adventure
13053,Comedy
43074,Action
43074,Fantasy
43074,Comedy
458423,Comedy
458423,Romance
62213,Comedy
62213,Fantasy
109091,Thriller
109091,Crime
109091,Drama
829560,Romance
829560,Drama
1358280,Romance
1358280,Drama
1358280,Thriller
799882,Drama
799882,Action
799882,Thriller
334074,Action
334074,Crime
334074,Mystery
334074,Thriller
1268127,Thriller
1268127,Action
1268127,Drama
14128,Family
14128,Animation
14128,Romance
14128,Fantasy
942,Action
942,Thriller
942,Crime
1384758,Adventure
1384758,Animation
1384758,Comedy
1384758,Family
9360,Adventure
9360,Horror
9360,Thriller
559969,Crime
559969,Drama
559969,Thriller
568160,Animation
568160,Drama
568160,Fantasy
568160,Romance
682,Adventure
682,Action
682,Thriller
391,Western
638,Drama
638,Thriller
638,Mystery
1242434,Thriller
1242434,Crime
1242434,Drama
49517,Drama
49517,Thriller
49517,Mystery
193893,Comedy
718821,Action
718821,Thriller
262504,Adventure
262504,Science Fiction
262504,Action
262504,Mystery
93685,Romance
93685,Drama
555604,Animation
555604,Fantasy
555604,Adventure
555604,Drama
507241,Action
507241,Comedy
507241,Thriller
38167,Drama
38167,Romance
648878,Western
648878,Comedy
648878,Crime
766319,Family
766319,Music
169,Science Fiction
169,Action
169,Thriller
429200,Crime
429200,Thriller
429200,Drama
39514,Action
39514,Adventure
39514,Comedy
39514,Crime
39514,Thriller
568620,Action
568620,Adventure
634528,Action
634528,Drama
634528,Thriller
1830,Crime
1830,Drama
1830,Thriller
565770,Action
565770,Science Fiction
565770,Adventure
1291335,Romance
1291335,Comedy
12096,Comedy
12096,Mystery
12096,Crime
12096,Adventure
12096,Family
9100,Horror
9100,Drama
9100,Fantasy
1025802,Drama
58574,Action
58574,Adventure
58574,Mystery
996821,Comedy
996821,Romance
1885,Action
1885,Drama
1885,Family
4141,Action
4141,Thriller
4141,Comedy
4141,Crime
9792,Horror
9792,Thriller
620249,Animation
620249,Fantasy
620249,Action
2164,Action
2164,Adventure
2164,Science Fiction
333371,Thriller
333371,Science Fiction
333371,Drama
333371,Horror
786,Drama
786,Music
365045,Adventure
365045,Family
365045,Drama
346910,Science Fiction
346910,Action
346910,Thriller
1371,Drama
399057,Drama
399057,Thriller
399057,Mystery
579974,Action
579974,History
579974,Drama
512195,Action
512195,Comedy
512195,Crime
820525,Romance
820525,Drama
36643,Adventure
36643,Action
36643,Thriller
11247,Comedy
11247,Family
11247,Romance
843527,Music
843527,Comedy
843527,Romance
843527,Drama
9331,Action
9331,Drama
9331,Thriller
10734,Drama
10734,Thriller
1587,Romance
1587,Drama
884,Thriller
884,Drama
1050035,Mystery
1050035,Thriller
1050035,Drama
1062807,Animation
1062807,Comedy
1062807,Adventure
1062807,Action
9387,Adventure
9387,Fantasy
9387,Action
1103,Action
1103,Thriller
1103,Science Fiction
531219,Comedy
531219,Fantasy
531219,Family
531219,Horror
312221,Drama
2667,Horror
2667,Mystery
205775,Thriller
205775,Drama
205775,Adventure
205775,Action
205775,History
11153,Comedy
11153,Adventure
804095,Drama
369972,History
369972,Drama
9472,Comedy
767036,Drama
41513,Animation
41513,Family
41513,Adventure
41513,Comedy
41513,Fantasy
4771,Crime
4771,Drama
4771,Mystery
1542877,Animation
1542877,Comedy
1542877,Action
1542877,Science Fiction
2330,Action
2330,Comedy
2330,Crime
2330,Adventure
526896,Action
526896,Science Fiction
526896,Fantasy
371645,Adventure
371645,Comedy
371645,Drama
39513,Adventure
39513,Comedy
39513,Science Fiction
6795,Science Fiction
6795,Adventure
6795,Family
766,Fantasy
766,Horror
766,Comedy
1088166,Action
1088166,Drama
1088166,Thriller
27582,Action
27582,Thriller
27582,Crime
10715,Animation
10715,Comedy
10715,Family
9874,Action
9874,Crime
9874,Thriller
1568542,Documentary
278924,Action
278924,Crime
278924,Thriller
278924,Adventure
9377,Comedy
300669,Horror
300669,Thriller
300669,Crime
407436,Adventure
407436,Drama
59436,Fantasy
59436,Comedy
59436,Romance
936108,Animation
936108,Family
936108,Fantasy
1645,Crime
1645,Drama
1645,Thriller
41264,Documentary
41264,History
41264,War
41264,Horror
617653,Drama
617653,History
617653,Thriller
59,Drama
59,Thriller
59,Crime
15,Mystery
15,Drama
1494060,Horror
1494060,Fantasy
826,Drama
826,History
826,War
1074135,Unknown
57165,Fantasy
57165,Adventure
57165,Action
74997,Drama
74997,Horror
74997,Crime
12244,Action
12244,Adventure
12244,Animation
12244,Science Fiction
12244,Thriller
405774,Horror
405774,Thriller
405774,Drama
400928,Drama
400928,Comedy
663712,Horror
1251636,War
1251636,Documentary
1251636,History
602223,Action
602223,Horror
602223,Thriller
448119,Family
448119,Comedy
448119,Fantasy
448119,Adventure
1034716,Comedy
1034716,Romance
338970,Action
338970,Adventure
338970,Fantasy
228165,Adventure
228165,Animation
228165,Comedy
228165,Family
228165,Fantasy
8337,Science Fiction
8337,Action
8337,Thriller
401469,Drama
401469,Crime
401469,Thriller
34544,Action
34544,Comedy
34544,Crime
132232,Horror
3175,Drama
3175,History
1339588,Romance
1339588,Comedy
965150,Drama
9889,Comedy
9889,Drama
9889,Fantasy
9889,Romance
86834,Drama
86834,Adventure
10536,Crime
10536,Comedy
10536,Thriller
60308,Drama
13597,Adventure
13597,Family
13597,Fantasy
1493859,Comedy
1493859,Adventure
1493859,Fantasy
713,Drama
713,Romance
136799,Adventure
136799,Animation
136799,Comedy
136799,Family
136799,Fantasy
10802,Drama
462,Drama
55721,Comedy
55721,Romance
21835,Action
21835,Adventure
21835,Fantasy
21835,Comedy
21835,Romance
21835,Drama
370663,Drama
370663,Romance
522681,Horror
522681,Mystery
522681,Thriller
793,Mystery
793,Thriller
793,Crime
1581,Comedy
1581,Romance
258489,Fantasy
258489,Action
258489,Adventure
1098006,Adventure
1098006,Fantasy
1098006,Mystery
185664,Drama
185664,Horror
11969,Western
11969,Action
440,Action
440,Science Fiction
440,Thriller
440,Horror
338967,Horror
338967,Comedy
4564,Comedy
4564,Drama
4564,Romance
207932,Mystery
207932,Thriller
207932,Action
223702,Adventure
223702,Animation
223702,Comedy
223702,Fantasy
11012,Drama
11012,Romance
582,Drama
582,Thriller
676,War
676,History
676,Drama
676,Action
676,Romance
1452,Science Fiction
1452,Action
1452,Adventure
116711,Animation
116711,Adventure
116711,Family
116711,Fantasy
82675,Action
82675,Crime
82675,Thriller
1013850,Comedy
1013850,Drama
667,Action
667,Thriller
667,Adventure
710,Adventure
710,Action
710,Thriller
13207,Horror
13207,Thriller
2300,Family
2300,Animation
2300,Science Fiction
2300,Fantasy
2300,Comedy
581392,Horror
581392,Action
581392,Thriller
581392,Adventure
11778,Drama
11778,War
220289,Thriller
220289,Science Fiction
23437,Horror
23437,Mystery
23437,Thriller
858017,Drama
858017,Horror
36586,Fantasy
36586,Horror
36586,Action
36586,Thriller
60304,Fantasy
60304,Horror
60304,Action
353491,Fantasy
353491,Action
353491,Science Fiction
2118,Crime
2118,Mystery
2118,Thriller
10764,Adventure
10764,Action
10764,Thriller
9655,Comedy
9655,Romance
536554,Science Fiction
536554,Horror
72559,Action
72559,Science Fiction
72559,Adventure
72559,Thriller
7326,Comedy
7326,Drama
7326,Romance
338766,Western
338766,Crime
338766,Drama
763215,Fantasy
763215,Action
763215,Adventure
1592768,Drama
239124,Comedy
239124,Action
919912,Drama
9659,Action
9659,Thriller
9659,Science Fiction
6637,Action
6637,Adventure
6637,Mystery
1575207,Drama
1575207,Romance
1198984,Horror
1198984,Thriller
842924,Fantasy
842924,Drama
1735,Adventure
1735,Action
1735,Fantasy
13811,Science Fiction
13811,Thriller
72545,Adventure
72545,Action
72545,Science Fiction
17431,Science Fiction
17431,Drama
107846,Action
107846,Thriller
535581,Comedy
535581,Drama
535581,Horror
395991,Drama
395991,History
271718,Comedy
271718,Romance
1103621,Drama
37710,Action
37710,Thriller
37710,Romance
34851,Science Fiction
34851,Action
34851,Thriller
1966,War
1966,History
1966,Action
1966,Adventure
1966,Drama
1966,Romance
11782,Action
11782,Thriller
11782,Crime
282035,Fantasy
282035,Thriller
282035,Action
282035,Adventure
282035,Horror
527435,Comedy
527435,Adventure
527435,Family
527435,Fantasy
10140,Adventure
10140,Family
10140,Fantasy
8645,Thriller
8645,Science Fiction
63311,Drama
63311,Horror
63311,Mystery
63311,Thriller
709,Adventure
709,Action
709,Thriller
9390,Comedy
9390,Drama
9390,Romance
109439,Comedy
103328,Drama
103328,Fantasy
613504,Drama
613504,Romance
758323,Horror
758323,Thriller
830,Science Fiction
830,Adventure
9798,Action
9798,Drama
9798,Thriller
11006,Action
11006,Adventure
11006,Comedy
12101,Science Fiction
12101,Crime
12101,Mystery
955916,Action
955916,Comedy
955916,Crime
136418,Action
136418,Thriller
799766,Music
799766,Drama
9361,History
9361,War
9361,Drama
6341,Drama
6341,Action
6341,Thriller
1571101,Animation
1571101,Family
1571101,Comedy
388399,Action
388399,Crime
388399,Drama
388399,History
388399,Thriller
72976,History
72976,Drama
226674,Drama
5528,Drama
5528,Comedy
5528,Music
346672,Fantasy
346672,Action
346672,Thriller
346672,Science Fiction
346672,Horror
1370,Action
1370,Adventure
1370,Thriller
1370,War
818,Comedy
818,Crime
2454,Adventure
2454,Family
2454,Fantasy
436565,Comedy
839033,Animation
839033,Fantasy
839033,Adventure
839033,Action
1153714,Horror
1153714,Fantasy
1153714,Comedy
12133,Comedy
1487,Fantasy
1487,Action
9291,Drama
9291,Comedy
9291,Crime
458305,Science Fiction
458305,Mystery
458305,Horror
88751,Action
88751,Science Fiction
88751,Adventure
88751,Comedy
88751,Family
513310,Action
513310,Science Fiction
513310,Thriller
1442396,Drama
1442396,Fantasy
1442396,Action
37797,Animation
37797,Drama
37797,Family
9339,Comedy
9339,Drama
9339,Fantasy
3134,Crime
3134,Drama
3134,Thriller
262024,Documentary
442249,Action
442249,Horror
442249,Thriller
97630,Thriller
97630,Drama
532794,Comedy
532794,Drama
532794,Romance
765,Horror
765,Comedy
765,Fantasy
11322,Crime
11322,History
11322,Drama
929,Science Fiction
929,Action
929,Thriller
489999,Drama
489999,Mystery
489999,Thriller
250546,Horror
969492,Action
969492,War
969492,Thriller
19912,Horror
19912,Mystery
18857,Action
18857,Crime
18857,Thriller
18857,Drama
758330,Romance
758330,Drama
777443,Action
777443,Adventure
777443,Science Fiction
13186,Horror
13186,Thriller
11674,Family
11674,Comedy
10719,Comedy
10719,Family
10719,Fantasy
677179,Drama
677179,Action
109414,Action
109414,Comedy
597922,Drama
597922,Comedy
597922,War
37247,Drama
37247,Romance
37247,Comedy
938,Western
9342,Action
9342,Adventure
4478,Romance
4478,Drama
1087822,Fantasy
1087822,Horror
1087822,Action
341013,Action
341013,Thriller
64686,Drama
64686,Action
64686,Fantasy
545609,Action
545609,Thriller
428078,Adventure
428078,Science Fiction
187017,Crime
187017,Comedy
187017,Action
1624,Comedy
1624,Fantasy
604685,Action
604685,Crime
604685,Thriller
39538,Drama
39538,Thriller
39538,Science Fiction
8922,Horror
38985,Thriller
38985,Adventure
15092,Action
15092,Thriller
15092,Crime
1280282,Adventure
1280282,Animation
1280282,Comedy
1280282,Family
1280282,Fantasy
1106739,Drama
1106739,Thriller
1422011,Horror
1422011,Mystery
365177,Action
365177,Science Fiction
365177,Comedy
10201,Comedy
10201,Romance
934632,Science Fiction
934632,Action
934632,Adventure
614917,Drama
614917,History
49797,Thriller
49797,Horror
714,Adventure
714,Action
714,Thriller
4561,Drama
595,Drama
578701,Thriller
578701,Action
9352,Comedy
1050390,Drama
1050390,Thriller
399366,Thriller
399366,Horror
399366,Mystery
38050,Science Fiction
38050,Thriller
38050,Romance
585245,Family
585245,Adventure
585245,Comedy
585245,Fantasy
718833,Horror
718833,Drama
1400837,Horror
8247,Action
8247,Adventure
8247,Science Fiction
76726,Science Fiction
76726,Drama
76726,Thriller
400617,Drama
400617,Romance
44826,Adventure
44826,Drama
44826,Family
480414,Horror
4584,Drama
4584,Romance
1955,Drama
1955,History
2123,Comedy
274857,Action
274857,Drama
274857,Fantasy
9620,Action
9620,Adventure
9620,Mystery
9620,Science Fiction
9620,Thriller
1656,Action
1656,Adventure
1656,Western
6978,Action
6978,Adventure
6978,Comedy
6978,Fantasy
9273,Crime
9273,Comedy
9273,Adventure
865,Action
865,Thriller
865,Science Fiction
993710,Action
993710,Comedy
1032892,Science Fiction
1032892,Drama
746,Drama
746,History
1361774,Comedy
266856,Drama
266856,Romance
8916,Animation
8916,Comedy
8916,Family
1739202,Documentary
458723,Horror
458723,Mystery
458723,Thriller
256274,Horror
256274,Thriller
137116,Family
137116,Comedy
137116,Adventure
137116,Animation
1263012,Crime
1263012,Drama
1263012,Thriller
61930,Comedy
20662,Action
20662,Adventure
20662,History
20662,Drama
445571,Mystery
445571,Comedy
445571,Crime
4944,Comedy
4944,Drama
3512,Action
3512,Thriller
2770,Comedy
2770,Romance
428045,Action
428045,Adventure
428045,Family
428045,Fantasy
443791,Horror
443791,Science Fiction
443791,Action
443791,Adventure
339964,Adventure
339964,Science Fiction
339964,Action
719221,Horror
1440050,Comedy
1440050,Family
9702,Crime
9702,Drama
9702,Thriller
334,Drama
46529,Action
46529,Thriller
46529,Science Fiction
46529,Adventure
449562,Comedy
449562,Crime
1285669,Thriller
1285669,Crime
227159,Comedy
9344,Drama
9344,Crime
516729,Adventure
516729,Comedy
516729,Family
274854,Action
274854,Adventure
274854,Fantasy
77950,Animation
77950,Family
7445,Drama
7445,Thriller
7445,War
654974,Family
654974,Comedy
387,Drama
387,History
387,War
22894,Action
22894,Fantasy
22894,Horror
504056,Action
504056,Drama
504056,Comedy
9495,Fantasy
9495,Action
9495,Thriller
533,Adventure
533,Animation
533,Comedy
533,Family
241239,Crime
241239,Drama
241239,Thriller
420821,Animation
420821,Family
420821,Comedy
420821,Adventure
420821,Mystery
484641,Action
484641,Adventure
484641,Thriller
1391,Drama
1391,Romance
17903,Drama
9471,Action
9471,Adventure
9471,Comedy
1029281,Horror
1029281,Thriller
9362,Comedy
9362,Horror
9362,Science Fiction
794,Horror
794,Thriller
9437,Thriller
9437,Crime
9437,Mystery
967,History
967,Drama
967,Adventure
8452,Action
8452,Science Fiction
8452,Thriller
116,Drama
116,Romance
116,Thriller
15371,Animation
15371,Adventure
15371,Comedy
15371,Crime
50544,Romance
50544,Comedy
1900,Thriller
1900,Drama
1900,Crime
628847,Action
628847,Crime
628847,Thriller
570670,Thriller
570670,Science Fiction
570670,Horror
136795,Action
136795,Comedy
136795,Crime
406990,Science Fiction
406990,Thriller
406990,Mystery
406990,Action
804150,Thriller
804150,Comedy
804150,Crime
1522126,Documentary
1522126,TV Movie
104,Action
104,Drama
104,Thriller
420634,Horror
1752100,Mystery
1752100,Thriller
1752100,Horror
1267,Animation
1267,Comedy
1267,Family
1267,Science Fiction
1267,Adventure
1229898,Documentary
614930,Animation
614930,Comedy
614930,Action
614930,Science Fiction
5689,Adventure
5689,Drama
5689,Romance
6947,Drama
6947,Mystery
6947,Thriller
228326,Animation
228326,Family
228326,Fantasy
8963,Thriller
8963,Action
8963,Drama
8963,War
68,Comedy
68,Science Fiction
2907,Comedy
2907,Fantasy
316727,Action
316727,Horror
316727,Thriller
184345,Comedy
184345,Horror
51828,Drama
51828,Romance
487558,Crime
487558,Comedy
487558,Drama
487558,History
482321,Animation
482321,Science Fiction
482321,Family
482321,Comedy
2758,Comedy
2758,Family
2758,Fantasy
280217,Action
280217,Adventure
280217,Animation
280217,Comedy
280217,Family
2698,Fantasy
2698,Comedy
2698,Family
1242501,Action
1242501,Crime
1242501,Thriller
168672,Drama
168672,Crime
23823,Horror
23823,Thriller
9481,Crime
9481,Thriller
9481,Drama
9481,Mystery
201085,Horror
201085,Mystery
201085,Romance
201085,Drama
201085,Thriller
1205229,Animation
1205229,Comedy
1205229,Horror
1205229,Adventure
1205229,Science Fiction
1205229,Family
364689,Animation
364689,Family
364689,Adventure
364689,Comedy
986097,Horror
986097,Mystery
986097,Thriller
638974,Comedy
638974,Mystery
638974,Crime
638974,Action
638974,Adventure
41154,Action
41154,Comedy
41154,Science Fiction
4380,Drama
4380,Romance
4380,Comedy
10501,Family
10501,Adventure
10501,Animation
10501,Comedy
10501,Fantasy
11360,Animation
11360,Family
9257,Action
9257,Thriller
9257,Crime
935,Comedy
935,War
8810,Action
8810,Thriller
8810,Science Fiction
1493,Comedy
1493,Crime
1493,Action
9277,Comedy
9277,Crime
9277,Drama
37686,Thriller
37686,Science Fiction
37686,Mystery
872,Comedy
872,Romance
968,Crime
968,Drama
968,Thriller
149870,Animation
149870,Drama
149870,History
149870,Romance
501624,TV Movie
501624,Drama
292431,Drama
292431,Romance
805,Drama
805,Horror
805,Thriller
556574,History
556574,Drama
51739,Fantasy
51739,Animation
51739,Family
13510,Horror
13510,Thriller
9335,Action
9335,Thriller
9335,Crime
5176,Western
1338972,Action
1338972,Horror
1338972,Thriller
1239193,Action
1239193,Comedy
1239193,Crime
936,Comedy
936,Crime
9603,Comedy
9603,Romance
1272,Science Fiction
1272,Thriller
2609,Comedy
655,Drama
1069905,Drama
1069905,Comedy
1367555,Drama
1367555,History
10096,Comedy
10096,Fantasy
10096,Romance
1287322,History
1287322,Drama
9003,Horror
9003,Thriller
213,Thriller
213,Adventure
747188,Comedy
747188,Drama
1196573,Action
1196573,Thriller
1196573,Crime
8836,Mystery
8836,Science Fiction
8836,Thriller
254470,Comedy
254470,Music
227,Crime
227,Drama
1100099,Romance
1100099,Drama
255709,Drama
539681,Family
539681,Comedy
539681,Adventure
539681,Animation
539681,Science Fiction
539681,Action
2253,Drama
2253,Thriller
2253,War
1076364,Animation
1076364,Family
1076364,Comedy
1076364,Romance
615173,Action
615173,Mystery
615173,Thriller
615173,Science Fiction
1125,Drama
1125,Music
810693,Animation
810693,Action
810693,Fantasy
927254,Animation
927254,Comedy
927254,Family
927254,Fantasy
87502,Drama
4513,Horror
4513,Thriller
1584,Comedy
1584,Family
1584,Music
619,Action
619,Drama
619,Romance
228967,Action
228967,Comedy
7551,Action
7551,Thriller
7551,Science Fiction
1164,Drama
737057,Drama
737057,Romance
848326,Science Fiction
848326,Action
848326,Adventure
15255,Action
15255,Crime
15255,Thriller
15255,Drama
10771,Thriller
10771,Action
10771,Comedy
10771,Science Fiction
792293,History
792293,Comedy
792293,Drama
1268,Family
1268,Comedy
8848,Thriller
8848,Crime
8848,Drama
86331,Drama
86331,Romance
11351,Horror
10331,Horror
10331,Thriller
10331,Science Fiction
2604,Drama
2604,War
11187,Horror
10358,Comedy
10358,Romance
117263,Action
117263,Thriller
277217,Family
277217,Adventure
277217,Fantasy
277217,TV Movie
6282,Comedy
6282,Drama
6282,Music
6282,Romance
277,Fantasy
277,Action
277,Thriller
384680,Drama
384680,Western
384680,History
384680,Adventure
14537,Action
14537,Drama
14537,History
2005,Music
2005,Comedy
346648,Adventure
346648,Comedy
346648,Family
16307,Horror
522938,Action
522938,Thriller
522938,Drama
45317,Drama
853670,Drama
7299,Action
7299,Science Fiction
7299,Thriller
137094,Action
137094,Drama
137094,Thriller
829,Crime
829,Mystery
829,Thriller
8643,Crime
8643,Drama
8643,Horror
8643,Thriller
62835,Action
62835,Thriller
62835,Crime
62835,Drama
116149,Comedy
116149,Adventure
116149,Family
97020,Action
97020,Science Fiction
97020,Thriller
138697,Romance
138697,Comedy
138697,Drama
798286,Comedy
798286,Adventure
798286,Fantasy
104226,Comedy
760329,Drama
760329,History
760329,Action
324544,Action
324544,Fantasy
324544,Western
324544,Adventure
324544,Horror
399404,Drama
399404,History
559907,Adventure
559907,Drama
559907,Fantasy
2135,Science Fiction
2135,Adventure
2135,Action
1010600,Horror
1010600,Thriller
10340,Animation
10340,Family
10340,Romance
10340,Adventure
10340,Comedy
9482,Science Fiction
9482,Action
646097,Crime
646097,Action
646097,Thriller
646097,Drama
612,Drama
612,History
612,Thriller
560016,Thriller
560016,Crime
560016,Action
698508,Romance
698508,Drama
698508,Western
417555,Documentary
241554,Action
241554,Crime
241554,Thriller
429415,Action
429415,Drama
429415,Science Fiction
429415,Thriller
18405,Crime
18405,Thriller
18405,Horror
18405,Drama
3981,Comedy
3981,Romance
9091,Action
9091,Drama
9091,Thriller
9091,Crime
171274,Drama
171274,Mystery
171274,Comedy
16363,Comedy
770156,Drama
770156,Family
22832,Action
22832,Adventure
22832,Thriller
412656,Fantasy
412656,Science Fiction
412656,Adventure
1169516,Action
1169516,Comedy
1169516,Adventure
114150,Comedy
114150,Music
114150,Romance
172760,Comedy
172760,Crime
172760,Drama
1043197,Fantasy
1043197,Action
1043197,Horror
166424,Action
166424,Adventure
166424,Science Fiction
501170,Horror
501170,Fantasy
527641,Romance
527641,Drama
1422096,Horror
1125257,Comedy
1125257,Fantasy
1125257,Family
522162,War
522162,History
522162,Drama
9904,Action
9904,Adventure
9904,Animation
9904,Comedy
9904,Family
613868,Comedy
613868,Romance
613868,Drama
1442976,Drama
9757,Comedy
12437,Fantasy
12437,Action
12437,Thriller
14306,Comedy
14306,Family
38234,Action
38234,Thriller
38234,Crime
38234,Drama
218836,Animation
218836,Comedy
218836,Adventure
218836,Family
10022,Comedy
10022,Family
10022,Action
25,Drama
25,War
530254,Action
530254,Drama
530254,Science Fiction
4977,Animation
4977,Science Fiction
4977,Thriller
698128,Science Fiction
698128,Comedy
698128,Drama
698128,Thriller
1548113,Comedy
1548113,Family
1548113,Music
1548113,TV Movie
34813,Action
34813,Adventure
34813,Crime
34813,Mystery
34813,Thriller
1040148,Animation
1040148,Family
1040148,Fantasy
1040148,Comedy
9056,Action
9056,Crime
9056,Comedy
188927,Action
188927,Adventure
188927,Science Fiction
37430,Adventure
37430,Fantasy
37430,Action
11430,Adventure
11430,Animation
11430,Comedy
11430,Family
136797,Action
136797,Crime
136797,Drama
136797,Thriller
1278101,Drama
1278101,Family
705996,Thriller
705996,Mystery
705996,Romance
97698,Crime
97698,Thriller
97698,Drama
1380316,Drama
1380316,Thriller
388375,Drama
30484,Action
30484,History
30484,Adventure
212778,Comedy
112205,Crime
112205,Comedy
112205,Action
16320,Science Fiction
16320,Action
16320,Adventure
16320,Thriller
1398,Science Fiction
1398,Drama
9374,Comedy
9374,Fantasy
9374,Horror
592831,Science Fiction
592831,Drama
592831,Fantasy
8845,Action
8845,Thriller
437557,Comedy
9543,Adventure
9543,Fantasy
9543,Action
18334,Horror
37264,Comedy
37264,Romance
484247,Thriller
484247,Comedy
484247,Mystery
8960,Fantasy
8960,Action
372343,Crime
372343,Thriller
372343,Mystery
372343,Horror
9383,Action
9383,Science Fiction
9383,Thriller
22744,Drama
22744,Romance
839369,Drama
20116,Drama
20116,Romance
1106289,Action
1106289,Comedy
1106289,Crime
877269,Animation
877269,Family
877269,Adventure
877269,Fantasy
877269,Science Fiction
3170,Animation
3170,Drama
3170,Family
75174,Action
75174,Adventure
75174,Thriller
657654,Romance
846422,Action
846422,Fantasy
423204,Action
423204,Thriller
287948,Action
287948,Thriller
287948,Crime
381283,Horror
381283,Drama
8839,Fantasy
8839,Comedy
8839,Family
587,Adventure
587,Fantasy
587,Drama
123725,Thriller
123725,Mystery
51540,Comedy
51540,Crime
1081422,Thriller
1081422,Drama
870360,Family
870360,Comedy
870360,Adventure
870360,Animation
870360,Science Fiction
379149,Action
379149,Thriller
379149,Crime
763285,Thriller
763285,Action
763285,Drama
763285,Crime
8536,Science Fiction
8536,Action
8536,Adventure
1036081,Crime
1036081,Action
840326,Action
840326,War
840326,Thriller
1255,Horror
1255,Drama
1255,Science Fiction
1491902,Action
1491902,Thriller
25237,Drama
25237,War
25237,Horror
25237,History
10543,Thriller
10543,Horror
4176,Drama
4176,Thriller
4176,Mystery
474247,Action
474247,Comedy
474247,Drama
296099,Comedy
296099,Adventure
369885,Action
369885,Drama
369885,War
369885,Romance
369885,Thriller
11713,Drama
11713,Action
11713,Thriller
1280655,Adventure
1280655,Music
21208,Horror
21208,Thriller
31011,Science Fiction
31011,Drama
31011,Romance
356305,Comedy
1248832,Comedy
9008,Drama
9008,Thriller
11774,Adventure
11774,Comedy
11774,Family
1710886,Drama
2019,Action
2019,Thriller
2019,Crime
37735,Comedy
990140,Action
990140,Adventure
7459,Family
7459,Action
7459,Adventure
7459,Comedy
1023922,Horror
329505,Drama
329505,Comedy
329505,Horror
15472,Drama
15472,Thriller
15472,Crime
15472,Mystery
10995,Drama
10995,Romance
587158,Comedy
678512,Action
678512,Drama
891621,Comedy
891621,Crime
891621,Thriller
11130,Comedy
11130,Drama
11130,Family
11130,Romance
9772,Action
9772,Thriller
305470,Action
305470,Adventure
305470,Science Fiction
11690,Action
11690,Thriller
11690,Drama
668489,Action
668489,Crime
668489,Thriller
668489,Drama
1314786,Drama
1314786,Thriller
1205515,Drama
1205515,Comedy
9072,Comedy
9072,Crime
9767,Romance
9767,Comedy
8292,Action
8292,Crime
35739,Action
35739,Thriller
524369,Crime
524369,Drama
1447971,Crime
1447971,Thriller
1447971,Action
331313,Action
331313,Comedy
1542,Comedy
1246,Drama
44943,Science Fiction
44943,Action
1012201,Animation
1012201,Comedy
9595,Action
9595,Comedy
9595,War
12493,Drama
12493,Crime
12493,Thriller
12493,Mystery
1723460,Documentary
43539,Romance
43539,Drama
43539,Thriller
43539,Crime
12113,Action
12113,Drama
12113,Thriller
497828,Comedy
497828,Drama
9276,Horror
9276,Science Fiction
200727,Romance
200727,Drama
200727,Comedy
1102493,Drama
583,Comedy
492188,Drama
13885,Drama
13885,Horror
253,Adventure
253,Action
253,Thriller
9477,Adventure
9477,War
9477,History
9477,Action
9477,Drama
1716513,Animation
1716513,Comedy
1716513,Family
1208348,Comedy
1208348,Drama
1071640,Action
1071640,Crime
1071640,Thriller
385128,Action
385128,Adventure
385128,Crime
1700944,Comedy
9986,Comedy
9986,Family
9986,Fantasy
6075,Crime
6075,Drama
6075,Thriller
10607,Comedy
10607,Crime
97370,Thriller
97370,Science Fiction
97370,Drama
10204,Action
10204,Adventure
10204,Comedy
296524,Drama
296524,Action
710295,Horror
710295,Thriller
11636,Action
11636,Thriller
11636,Crime
11636,Drama
317442,Action
317442,Romance
317442,Animation
1623740,Action
1623740,Adventure
1623740,Fantasy
1623740,Horror
13387,Action
13387,Thriller
13387,Crime
1428,Action
1428,Crime
1428,Thriller
1428,Western
899112,Action
899112,Comedy
899112,Fantasy
284,Comedy
284,Drama
284,Romance
661539,Drama
661539,Music
1441228,Drama
1441228,Family
1441228,Action
9679,Action
9679,Crime
9679,Thriller
69,Drama
69,Music
69,Romance
4147,Crime
4147,Drama
4147,Thriller
1259,Drama
1259,Romance
446791,Crime
446791,History
446791,Thriller
446791,Drama
556984,Drama
556984,History
943,Action
943,Thriller
943,Crime
283566,Animation
283566,Action
283566,Science Fiction
283566,Drama
9319,Action
9319,Thriller
614934,Music
614934,History
614934,Drama
1451078,Fantasy
1451078,Comedy
662707,Adventure
662707,Action
4258,Comedy
68737,Adventure
68737,Fantasy
1588,Comedy
9567,War
9567,Action
9567,Drama
744653,Comedy
744653,Mystery
744653,Crime
291870,Comedy
3597,Horror
3597,Thriller
3597,Mystery
2163,Crime
2163,Mystery
2163,Thriller
2163,Drama
2163,Action
10439,Fantasy
10439,Comedy
10439,Family
897087,Action
897087,Comedy
61012,Thriller
61012,Horror
61012,Mystery
11005,Drama
1498,Science Fiction
1498,Action
1498,Adventure
1498,Comedy
1498,Family
1088434,Action
1088434,Thriller
975511,History
975511,Drama
975511,Adventure
241,Crime
241,Thriller
241,Drama
11045,Action
11045,Comedy
11045,Thriller
11045,Crime
10014,Horror
631842,Horror
631842,Mystery
631842,Thriller
634,Comedy
634,Romance
634,Drama
9397,Comedy
9397,Science Fiction
9397,Action
7214,Drama
7214,History
165213,Thriller
165213,Crime
165213,Drama
165213,Action
1309083,Horror
7484,Animation
7484,Family
7484,Adventure
7484,Comedy
14873,Family
14873,Animation
14873,Adventure
12123,Thriller
12123,Action
12123,Science Fiction
8321,Comedy
8321,Drama
8321,Crime
1832,Fantasy
1832,Comedy
1832,Adventure
8920,Comedy
8920,Family
37169,Horror
9593,Fantasy
9593,Action
9593,Comedy
9705,Action
9705,Crime
9705,Thriller
9486,Adventure
9486,Action
9486,Comedy
795514,Drama
10234,Drama
10234,Horror
10234,Thriller
37958,Fantasy
37958,Action
37958,Drama
1327688,Action
1327688,Crime
744857,Horror
744857,Thriller
665760,Drama
665760,Romance
1300968,Science Fiction
1300968,Action
1300968,Adventure
419329,Romance
1035048,Action
1035048,Science Fiction
1035048,Thriller
581726,Science Fiction
581726,Action
581726,Adventure
1532610,Drama
1532610,History
19,Drama
19,Science Fiction
4806,Comedy
4806,Romance
804,Romance
804,Comedy
804,Drama
1694978,Horror
72784,Thriller
267860,Action
267860,Thriller
11453,Comedy
418578,Drama
394117,Drama
1010756,Horror
1010756,Thriller
699,Adventure
699,Action
699,Thriller
397567,Action
397567,Adventure
397567,Drama
397567,Fantasy
397567,Thriller
134,Adventure
134,Comedy
134,Crime
820609,Horror
820609,Science Fiction
1753241,Drama
80785,Thriller
80785,Adventure
80785,Action
1411773,Action
1411773,Adventure
1411773,Western
14442,Family
14442,Fantasy
14442,Comedy
1005331,Thriller
1005331,Action
490,Fantasy
490,Drama
19543,Adventure
19543,Horror
19543,Thriller
19543,TV Movie
451915,Drama
71672,Horror
71672,Thriller
556694,Drama
556694,Fantasy
556694,Romance
664413,Romance
664413,Drama
664413,Crime
314095,Adventure
314095,Drama
314095,History
9614,Comedy
338952,Fantasy
338952,Adventure
21484,Horror
1481955,Drama
514999,Comedy
514999,Mystery
514999,Crime
4192,Mystery
59859,Action
59859,Adventure
59859,Crime
1602727,Comedy
1602727,Drama
964980,Drama
964980,History
1752159,Documentary
335777,Animation
335777,Family
335777,Adventure
335777,Comedy
309809,Adventure
309809,Animation
309809,Fantasy
309809,Family
522478,Comedy
522478,Family
522478,Adventure
18360,Adventure
18360,Fantasy
18360,Action
18360,Comedy
18360,Family
395990,Action
395990,Crime
395990,Thriller
395990,Drama
109451,Animation
109451,Family
109451,Comedy
7350,Drama
7350,Comedy
308548,Unknown
846,Mystery
846,Science Fiction
846,Thriller
613,Drama
613,History
613,War
9946,Action
9946,Horror
9946,Fantasy
14784,Adventure
14784,Fantasy
14784,Drama
1341137,Drama
1341137,History
1299655,Music
1299655,History
1299655,Drama
1299655,Comedy
826510,Family
826510,Comedy
826510,Adventure
826510,Fantasy
1267905,Comedy
1267905,Drama
1267905,Romance
9411,Crime
9411,Drama
9411,Thriller
9411,Fantasy
13494,Adventure
13494,Action
13494,Fantasy
274870,Drama
274870,Romance
274870,Science Fiction
1556616,Romance
1556616,Family
1556616,Drama
1556616,Mystery
437342,Horror
856289,Action
856289,Fantasy
856289,War
188222,Comedy
188222,Drama
977942,Drama
977942,Action
977942,History
10398,Thriller
10398,Crime
10398,Mystery
57212,War
57212,History
57212,Drama
442062,Comedy
442062,Fantasy
442062,Horror
442062,Family
1601243,Action
1601243,Crime
1601243,Thriller
1601243,Western
13523,Comedy
13523,Adventure
13523,Romance
4234,Horror
4234,Mystery
1293550,Thriller
622,Mystery
622,Thriller
622,Horror
36095,Crime
36095,Horror
36095,Mystery
1630,Drama
1241983,Drama
17979,Animation
17979,Drama
17979,Family
17979,Fantasy
378236,Animation
378236,Family
378236,Comedy
1290879,Mystery
1290879,Thriller
1290879,Crime
44048,Action
44048,Thriller
11621,Animation
11621,Adventure
11621,Fantasy
1111873,Horror
1111873,Thriller
1111873,Comedy
333669,Action
438650,Crime
438650,Action
438650,Drama
957119,Comedy
957119,Romance
8814,Action
8814,Horror
8814,Science Fiction
677060,Unknown
257088,Action
257088,Adventure
257088,Crime
257088,Thriller
11371,Action
11371,Crime
11371,Thriller
11371,Mystery
11371,Drama
1125899,Action
1125899,Thriller
4909,Action
4909,Thriller
345911,Horror
345911,Mystery
869548,Drama
570595,Drama
570595,Romance
340666,Drama
340666,Thriller
347847,Horror
347847,Science Fiction
347847,Comedy
635910,Horror
635910,Fantasy
1291659,Drama
807172,Horror
253412,Adventure
253412,Drama
253412,History
660,Adventure
660,Action
660,Thriller
503736,Crime
503736,Action
503736,Horror
100042,Comedy
4553,Thriller
4553,Drama
11954,Horror
11954,Science Fiction
11954,Action
11954,Mystery
1907,Drama
1907,Adventure
1907,Romance
1907,Thriller
509967,Action
509967,Comedy
509967,Thriller
9594,Thriller
9594,Action
9594,Crime
9594,Drama
600583,Drama
600583,Western
28322,Thriller
28322,Action
28322,Crime
1581366,Drama
60935,Horror
60935,Science Fiction
60935,Mystery
842675,Science Fiction
842675,Action
842675,Adventure
458428,Action
458428,Adventure
458428,Comedy
2268,Adventure
2268,Fantasy
1272149,Romance
1272149,Comedy
1272149,Drama
293767,Drama
293767,War
1409853,Action
1409853,Thriller
447200,Action
447200,Thriller
447200,Adventure
9354,Adventure
9354,Comedy
9354,Family
9354,Science Fiction
773,Comedy
773,Drama
1283515,Mystery
1283515,Thriller
550205,Animation
550205,Family
550205,Comedy
550205,Fantasy
550205,Romance
550205,Adventure
12207,Action
12207,Comedy
627725,Drama
487339,Unknown
11565,Comedy
11565,Crime
836919,Documentary
836919,Animation
481084,Family
481084,Animation
481084,Comedy
481084,Fantasy
338803,Drama
338803,History
338803,Crime
17899,Comedy
17899,Drama
48138,Action
48138,Mystery
48138,Thriller
8874,Comedy
8874,Romance
744276,Romance
744276,Drama
372962,Horror
9619,Action
9619,Adventure
9619,Drama
9619,Thriller
8697,Adventure
8697,Action
8697,Comedy
8697,Thriller
667520,Animation
667520,Drama
667520,Romance
667520,Fantasy
1743955,Documentary
1743955,Adventure
1598,Drama
1598,Crime
1598,Thriller
357547,Drama
357547,Romance
18487,Crime
18487,Thriller
18487,Action
547016,Action
547016,Fantasy
71552,Comedy
457332,Action
457332,Comedy
457332,Thriller
457332,Adventure
9522,Comedy
9522,Romance
10068,Drama
10068,Romance
465914,Romance
465914,Drama
1284016,Comedy
1284016,Music
1284016,Drama
8769,Horror
263354,Drama
339527,Thriller
339527,Crime
339527,Mystery
23629,Action
23629,Fantasy
23629,Thriller
256835,Animation
256835,Family
256835,Adventure
256835,Comedy
181283,Crime
181283,Thriller
379536,Comedy
379536,Drama
1729,Action
1729,Adventure
1729,Fantasy
7516,Action
7516,Comedy
7516,Crime
7516,Thriller
125509,Horror
125509,Thriller
27576,Action
27576,Mystery
27576,Thriller
13363,Science Fiction
13363,Drama
1992,Horror
1992,Action
1992,Thriller
1017163,Action
1017163,Crime
1017163,Thriller
12106,Western
12106,Action
12106,Drama
12106,Thriller
610253,Horror
610253,Thriller
1576,Horror
1576,Action
1576,Science Fiction
1278950,Horror
1278950,Drama
1278950,Thriller
9473,Animation
9473,Comedy
399170,Comedy
399170,Crime
399170,Action
399170,Drama
47327,Fantasy
47327,Thriller
47327,Action
47327,Crime
9341,Science Fiction
9341,Adventure
9341,Thriller
1645603,Horror
10907,Adventure
10907,Romance
10907,Action
10982,Animation
10982,Comedy
10982,Crime
10982,Family
10982,Mystery
1094138,Comedy
1094138,Action
1333100,Animation
1333100,Action
1333100,Adventure
1333100,Drama
460885,Fantasy
460885,Action
460885,Horror
862163,Drama
542178,Drama
542178,Comedy
1033148,Drama
50727,Romance
50727,Drama
50727,Comedy
323260,Romance
323260,Drama
323260,Comedy
400160,Adventure
400160,Animation
400160,Comedy
400160,Family
400160,Fantasy
1443894,Horror
1443894,Western
1443894,Thriller
1443894,Action
592834,Family
592834,Action
592834,Comedy
1633056,Comedy
1633056,Animation
1633056,Fantasy
1633056,Adventure
280180,Action
280180,Comedy
280180,Crime
984,Action
984,Crime
984,Thriller
399360,Adventure
399360,Drama
1118031,Drama
1118031,Action
1118031,Horror
10428,Action
10428,Crime
10428,Thriller
10428,Drama
11283,Fantasy
11283,Comedy
11283,Family
1125510,Science Fiction
1125510,Horror
1125510,Thriller
936245,Mystery
936245,Thriller
15370,Adventure
15370,Fantasy
15370,Animation
15370,Drama
15370,Family
72387,Action
72387,Crime
72387,Thriller
503,Adventure
503,Action
503,Drama
503,Thriller
656908,Drama
656908,Fantasy
656908,Action
544401,Drama
544401,Crime
617463,Drama
10897,Romance
10897,Comedy
10897,Family
1377676,Comedy
1377676,Drama
1377676,Romance
458376,Unknown
2757,Comedy
2757,Crime
2757,Drama
421892,Animation
421892,Comedy
421892,Fantasy
421892,Adventure
421892,Family
511642,Romance
511642,Drama
618162,Western
49017,Horror
49017,Action
49017,Fantasy
1627824,Animation
1627824,Family
630940,Unknown
6145,Thriller
210860,Comedy
210860,Adventure
349092,Drama
730028,Documentary
923,Horror
923,Science Fiction
9315,Thriller
9315,Drama
9315,Mystery
334533,Drama
334533,Comedy
313534,Drama
833425,Thriller
833425,Mystery
10404,Drama
10141,Comedy
10141,Crime
41402,Drama
41402,Horror
41402,Mystery
433808,Horror
433808,Mystery
446807,Action
446807,Crime
446807,Thriller
3050,Comedy
3050,Family
3050,Fantasy
82700,Science Fiction
82700,Action
82700,Adventure
199,Science Fiction
199,Action
199,Adventure
199,Thriller
1087388,Horror
1087388,Thriller
1326106,Animation
1326106,Action
1326106,Science Fiction
2064,Romance
2064,Comedy
1131759,Action
1131759,Adventure
1131759,Fantasy
4858,Horror
4858,Mystery
4858,Science Fiction
4858,Thriller
329996,Family
329996,Fantasy
329996,Adventure
62215,Drama
62215,Science Fiction
1272166,Crime
1272166,Drama
51608,Action
51608,Thriller
51608,Crime
616820,Horror
616820,Thriller
576004,Comedy
576004,Horror
11967,Western
11967,Action
11967,Adventure
11967,Drama
10228,Animation
10228,Family
10228,Adventure
10228,Fantasy
10228,Action
94329,Action
94329,Thriller
94329,Crime
535292,Crime
535292,Action
535292,Drama
134374,Comedy
134374,Crime
134374,Action
1597,Comedy
1597,Romance
696026,Drama
696026,Romance
758866,Drama
1704090,Romance
353208,Romance
353208,Comedy
1693400,Music
1693400,Documentary
1321179,History
1321179,Drama
13700,Animation
13700,Family
451,Drama
451,Romance
1064486,Animation
1064486,Comedy
1064486,Drama
11824,Comedy
11824,Fantasy
11824,Romance
9994,Animation
9994,Family
9994,Mystery
9994,Crime
9994,Adventure
1180831,Action
1180831,Fantasy
1180831,Thriller
657,Action
657,Thriller
657,Adventure
816,Comedy
816,Crime
658,Adventure
658,Action
658,Thriller
508965,Animation
508965,Family
508965,Comedy
820067,Animation
820067,Comedy
820067,Romance
10774,Drama
774752,Comedy
774752,Science Fiction
774752,Adventure
4512,Drama
4512,Western
723562,Drama
3782,Drama
71578,Drama
71578,Romance
1430248,Documentary
837881,Drama
837881,History
96,Action
96,Comedy
96,Crime
8856,Adventure
8856,Drama
8856,Action
8856,Romance
8856,Family
795,Drama
795,Fantasy
795,Romance
345938,Drama
345938,Family
342473,Animation
342473,Family
342473,Comedy
342473,Music
1634,Family
1634,Adventure
1634,Drama
347375,Action
347375,Thriller
9313,Adventure
9313,Action
9313,Drama
1913,Drama
57201,Action
57201,Adventure
57201,Western
617,Mystery
617,Thriller
617,Drama
11827,Animation
11827,Science Fiction
11827,Adventure
11827,Fantasy
11827,Music
1368881,Comedy
1368881,Fantasy
82703,Animation
82703,Science Fiction
82703,Comedy
82703,Adventure
82703,Family
9559,Drama
9559,Crime
9559,Thriller
24803,Romance
24803,Drama
639,Comedy
639,Romance
639,Drama
9631,Action
9631,Crime
9631,Drama
9631,Thriller
1000837,Drama
1000837,History
9326,Romance
9326,Comedy
9326,Action
9326,Adventure
9312,Action
9312,Fantasy
1196470,Science Fiction
1196470,Thriller
1196470,Adventure
1196470,Action
58431,Romance
58431,Horror
58431,Comedy
58431,Thriller
858,Comedy
858,Drama
858,Romance
23398,Comedy
23398,Family
23398,Animation
23398,Fantasy
23398,Music
170687,Animation
170687,Comedy
170687,Family
170687,Fantasy
995133,Animation
995133,Family
995133,Drama
995133,Adventure
3112,Crime
3112,Drama
3112,Thriller
507244,Action
507244,Science Fiction
507244,Comedy
9444,Animation
9444,Family
9444,Fantasy
9444,Adventure
186,Drama
186,Thriller
186,Crime
186,Mystery
87516,Thriller
87516,Mystery
1752122,Drama
567189,Action
567189,Thriller
567189,War
1097870,Comedy
1097870,Fantasy
479718,Action
479718,Crime
479718,Thriller
55,Drama
55,Thriller
164,Comedy
164,Romance
164,Drama
218043,Thriller
218043,Action
218043,Science Fiction
425001,Comedy
425001,Family
10054,Family
10054,Action
10054,Comedy
10054,Adventure
10054,Science Fiction
455980,Comedy
455980,Action
928344,Music
928344,Comedy
614560,Drama
614560,History
533514,Animation
533514,Drama
533514,Fantasy
533514,Romance
46581,Drama
46581,Romance
8584,Adventure
8584,Comedy
8584,Western
409,Drama
409,Romance
409,War
77174,Family
77174,Animation
77174,Adventure
77174,Comedy
24253,Drama
24253,Action
24253,Thriller
24253,Crime
24253,Mystery
2291,Drama
2291,Mystery
2291,Horror
1324842,Drama
1324842,Comedy
9610,Adventure
9610,Fantasy
9610,Action
470,Drama
470,Crime
470,Thriller
460793,Animation
460793,Family
460793,Adventure
460793,Comedy
460793,Fantasy
11932,Horror
11932,Comedy
302699,Action
302699,Comedy
456740,Fantasy
456740,Horror
456740,Action
456740,Adventure
532408,Horror
1627792,Drama
87818,Comedy
77931,Fantasy
77931,Family
77931,Comedy
77931,Animation
376865,Science Fiction
376865,Drama
376865,Mystery
87421,Science Fiction
87421,Action
87421,Thriller
1217584,Comedy
1724072,Drama
1724072,Horror
9378,Horror
9378,Thriller
1241470,Science Fiction
1241470,Action
1241470,Horror
646389,Action
646389,Adventure
646389,Thriller
9316,Action
9316,Crime
9316,Thriller
491584,Mystery
491584,Drama
491584,Thriller
195589,Comedy
18501,Action
18501,Thriller
18501,Science Fiction
192,Drama
192,Thriller
192,Mystery
261776,Drama
261776,Romance
420808,Family
420808,Fantasy
420808,Action
420808,Adventure
49520,Comedy
560057,Animation
560057,Adventure
560057,Action
560057,Family
560057,Fantasy
1237810,Drama
1237810,Romance
1079485,Horror
1079485,Thriller
23169,Drama
23169,Romance
1422562,Music
1422562,Comedy
1422562,Thriller
1139829,Animation
1139829,Family
1139829,Comedy
1139829,Fantasy
1139829,Adventure
1364958,Documentary
11199,Action
11199,Adventure
11199,Comedy
645886,Drama
645886,Crime
366672,Animation
366672,Adventure
366672,Comedy
366672,Family
366672,Action
693,Comedy
693,Romance
628900,Action
628900,Thriller
1161617,Comedy
1161617,Action
1161617,Drama
10327,Comedy
10327,Romance
9907,Animation
9907,Comedy
9907,Family
17609,Drama
17609,Horror
17609,Thriller
2899,Family
2899,Fantasy
2899,Comedy
2899,Adventure
434203,Romance
434203,Drama
1431068,Romance
1431068,Drama
1431068,Mystery
1584072,Documentary
20048,Comedy
20048,Romance
1160360,Drama
1456349,Drama
1456349,Thriller
1456349,Crime
1456349,Mystery
537061,Animation
537061,Family
537061,Adventure
537061,Fantasy
537061,Drama
537061,TV Movie
19901,Action
19901,Fantasy
19901,Science Fiction
708,Action
708,Adventure
708,Thriller
1443,Drama
1443,Romance
9408,Animation
9408,Comedy
9408,Family
14411,Action
14411,Adventure
14411,Animation
14411,Family
14411,Fantasy
3563,Comedy
3563,Romance
802,Drama
22947,Drama
22947,Romance
474395,Animation
474395,Action
474395,Comedy
474395,Science Fiction
1214140,Horror
1214140,Fantasy
1214140,Action
1214140,Thriller
398181,Crime
398181,Drama
398181,Thriller
274167,Comedy
2280,Fantasy
2280,Drama
2280,Comedy
9598,Fantasy
9598,Drama
9598,Comedy
9598,Family
355547,Animation
355547,Comedy
355547,Adventure
355547,Family
355547,Fantasy
371893,Drama
258230,Fantasy
258230,Adventure
258230,Family
8068,Thriller
8068,Action
8068,Crime
15019,Comedy
15019,Drama
15019,Romance
1633263,Comedy
1633263,Romance
1633263,Drama
791523,Animation
791523,Adventure
791523,Fantasy
76640,Action
76640,Crime
76640,Thriller
1048241,Action
1048241,Comedy
1048241,Family
1083862,Action
1083862,Animation
1083862,Science Fiction
1083862,Horror
49021,Action
49021,Adventure
49021,Thriller
10214,Fantasy
10214,Comedy
10214,Family
10214,Adventure
10312,Comedy
10312,Drama
632357,Horror
632357,Mystery
9398,Comedy
11583,Thriller
11583,Adventure
11583,Drama
11583,Crime
11459,Adventure
11459,Comedy
11459,Family
207947,Comedy
207947,Drama
823482,Comedy
823482,Fantasy
9285,Comedy
9285,Adventure
1236470,Drama
1236470,Thriller
389015,Drama
389015,Comedy
1326891,Action
1326891,Thriller
492,Comedy
492,Drama
492,Fantasy
581389,Drama
581389,Fantasy
581389,Science Fiction
10648,Drama
10648,Crime
10648,Action
152532,Drama
152532,History
13455,Science Fiction
13455,Action
13455,Adventure
13455,Thriller
258480,Romance
258480,Drama
847,Fantasy
847,Adventure
847,Action
14804,Music
14804,Drama
1479832,Romance
1479832,Action
1479832,Drama
431,Thriller
431,Science Fiction
431,Mystery
1691,Horror
323675,Action
323675,Comedy
681,Action
681,Thriller
1288220,Drama
511987,Horror
511987,Thriller
1492640,Thriller
1492640,Crime
1492640,History
280996,Drama
280996,Mystery
1168719,Drama
22164,Action
22164,Crime
22164,Thriller
22164,Drama
955555,Action
955555,Crime
955555,Thriller
17111,Horror
17111,Mystery
17111,Thriller
586707,Thriller
586707,Science Fiction
586707,Drama
1147416,Animation
1147416,Family
1147416,Action
1147416,Adventure
1147416,Fantasy
961268,Action
961268,Thriller
1375,Drama
9343,Drama
9343,Adventure
811703,Documentary
1266798,Thriller
1266798,Science Fiction
1266798,Action
8488,Comedy
8488,Drama
8488,Romance
1424965,Drama
1424965,Thriller
664236,Animation
664236,Comedy
664236,Family
664236,Adventure
133805,Drama
133805,Horror
1075175,Drama
1195506,Action
1195506,Comedy
1195506,Thriller
13971,Comedy
13971,Drama
13971,Romance
1646,Crime
1646,Drama
585032,Drama
585032,Romance
585032,History
10357,Science Fiction
10357,Action
10357,Drama
10357,Thriller
23056,Animation
23056,Family
23056,Fantasy
23056,Science Fiction
11906,Horror
339692,Crime
339692,Drama
339692,Thriller
1405338,Action
1405338,Crime
1405338,Fantasy
1405338,Thriller
105819,Crime
105819,Thriller
70670,Thriller
70670,Crime
70670,Action
593,Drama
593,Science Fiction
593,Mystery
646683,Horror
646683,Thriller
921,Romance
921,Drama
921,History
520758,Family
520758,Animation
520758,Adventure
520758,Comedy
846433,Action
846433,Crime
846433,Drama
8065,Drama
8065,Crime
3114,Western
785542,Drama
536437,Mystery
536437,Science Fiction
536437,Thriller
642,Western
642,Crime
642,Drama
763298,Drama
11319,Fantasy
11319,Family
11319,Animation
11319,Adventure
51162,Animation
51162,Family
51162,Adventure
51162,Comedy
10779,Horror
10779,Comedy
303991,Comedy
303991,Drama
1016084,Comedy
1016084,Drama
1016084,History
601666,Crime
601666,Thriller
601666,Drama
601666,Comedy
531309,Horror
531309,Science Fiction
531309,Drama
9036,Adventure
9036,Drama
9036,Family
4442,Adventure
4442,Fantasy
4442,Action
4442,Comedy
4442,Thriller
71859,Drama
71859,Thriller
980026,Action
980026,Drama
980026,History
1104845,Family
1104845,Comedy
1104845,Adventure
1104845,Animation
1104845,Science Fiction
33217,Comedy
33217,Family
334543,Drama
9913,Drama
9913,Horror
9913,Mystery
9913,Thriller
1401778,Thriller
1401778,Action
1401778,Adventure
1401778,Drama
1401778,Fantasy
257445,Adventure
257445,Horror
257445,Comedy
1228834,Action
1228834,Thriller
2039,Comedy
2039,Drama
2039,Romance
11237,Adventure
11237,Horror
11237,Thriller
3509,Animation
3509,Science Fiction
3509,Thriller
3034,Comedy
440021,Comedy
440021,Horror
440021,Mystery
1049471,Comedy
1049471,Drama
337772,Unknown
77016,Crime
77016,Drama
77016,Thriller
791177,Horror
791177,Romance
791177,Drama
1381,Drama
1381,Adventure
1381,Science Fiction
1381,Romance
11667,Action
11667,Comedy
11667,Fantasy
416477,Comedy
416477,Drama
416477,Romance
641,Crime
641,Drama
2022,Comedy
2022,Romance
7347,Drama
7347,Action
7347,Crime
569547,Thriller
569547,Science Fiction
569547,Mystery
579583,Comedy
579583,Drama
1484573,Documentary
17379,Adventure
17379,Comedy
17379,Drama
10950,Drama
1155281,Action
1155281,Fantasy
1155281,War
9651,Adventure
9651,Fantasy
9651,Action
9651,Science Fiction
37137,Comedy
37137,Crime
1352874,Horror
458576,Action
458576,Fantasy
458576,Adventure
540901,Drama
540901,Comedy
540901,Crime
86838,Comedy
86838,Crime
10521,Comedy
10521,Romance
71668,Horror
71668,Thriller
71668,Comedy
2623,Drama
2623,Romance
8978,Thriller
8978,Action
8978,Adventure
8978,Crime
11622,Drama
11622,Romance
11622,Comedy
30157,Crime
30157,Comedy
30157,Drama
212459,Comedy
1103434,Drama
9600,Crime
9600,Comedy
13688,Comedy
13688,Drama
13688,Family
13688,Fantasy
13688,Science Fiction
11015,Horror
11015,Mystery
11015,Thriller
11015,Science Fiction
11451,Comedy
11451,Family
11451,Adventure
11451,Fantasy
11451,Romance
776305,Animation
776305,Science Fiction
776305,Drama
776305,Music
1297446,Horror
1297446,Comedy
1297446,Science Fiction
1654313,Action
1654313,Science Fiction
1654313,Animation
1654313,Fantasy
1654313,Adventure
11186,Horror
9833,Thriller
9833,Drama
9833,Romance
108258,Comedy
108258,TV Movie
9289,War
9289,Action
9289,Drama
11249,Horror
11249,Comedy
9778,Comedy
9778,Romance
11212,Comedy
11212,Adventure
11212,Family
11212,Crime
12201,Crime
12201,Drama
12201,Mystery
12201,Thriller
325133,Comedy
475,Crime
475,Drama
2001,Drama
2001,Crime
2001,Thriller
517909,Crime
517909,Drama
517909,Comedy
609,Horror
97,Science Fiction
97,Action
97,Adventure
11527,Adventure
11527,Fantasy
18126,Comedy
18126,Drama
18126,Family
18126,Music
18126,Romance
10003,Thriller
10003,Action
10003,Romance
10003,Science Fiction
10003,Adventure
10098,Comedy
10098,Drama
210203,Drama
581734,Drama
55931,Animation
55931,Science Fiction
481848,Adventure
481848,Family
481848,Drama
15301,Horror
15301,Fantasy
15301,Science Fiction
252838,Comedy
8456,Drama
8456,Action
1182047,History
1182047,Drama
1182047,Comedy
154,Action
154,Adventure
154,Science Fiction
154,Thriller
663870,Action
663870,Comedy
663870,Drama
663870,Thriller
8470,Drama
8470,Thriller
8470,Crime
47964,Action
47964,Thriller
1107166,Crime
1107166,Horror
1107166,Mystery
1592203,Thriller
1592203,Drama
11675,Horror
11675,Thriller
196867,Comedy
196867,Drama
196867,Family
1688804,Documentary
823452,Drama
823452,History
1392796,Animation
1392796,Family
1392796,Comedy
128607,Action
9322,Action
9322,Thriller
83899,Horror
83899,Thriller
83899,Mystery
1746787,Unknown
850165,Drama
850165,History
1109505,Comedy
602269,Drama
602269,Crime
602269,Thriller
9407,Crime
9407,Drama
9407,Thriller
1057491,Drama
1476682,Comedy
14926,Comedy
14926,Drama
424781,Fantasy
424781,Science Fiction
424781,Comedy
3558,Drama
1128879,Romance
1128879,Drama
8843,Horror
8843,Science Fiction
8843,Thriller
1293167,Action
1293167,Thriller
6964,Drama
6964,Comedy
6964,Romance
18892,Comedy
18892,Crime
18892,Thriller
1636,Fantasy
1636,Comedy
1636,Romance
150,Crime
150,Action
150,Comedy
207933,Thriller
207933,Mystery
207933,Horror
9954,Fantasy
9954,Horror
9954,Adventure
9954,Action
9876,Action
9876,Comedy
2043,Crime
2043,Mystery
2043,Thriller
2043,Action
1946,Action
1946,Thriller
1946,Science Fiction
306,Action
306,Comedy
306,Crime
10514,Science Fiction
10514,Thriller
10514,Drama
336882,Action
336882,Thriller
336882,Drama
891699,Action
891699,Thriller
891699,Crime
891699,Drama
6950,Action
6950,Drama
6950,Science Fiction
6950,Thriller
1844,Romance
1844,Drama
1844,Mystery
1741598,Fantasy
1741598,Horror
1741598,Drama
554230,Drama
43593,Comedy
43593,Horror
313922,Horror
313922,Crime
313922,Thriller
9350,Action
9350,Adventure
9350,Thriller
11808,Thriller
11808,Crime
11808,Action
1725,Crime
1725,Drama
1725,Romance
402897,Comedy
402897,Drama
402897,History
1588860,Drama
1588860,Romance
9349,Thriller
9349,Action
9349,Science Fiction
19959,Science Fiction
19959,Action
19959,Thriller
9078,Animation
9078,Family
9078,Fantasy
4148,Drama
4148,Romance
9550,Adventure
9550,Drama
9550,Action
403,Drama
501979,Comedy
501979,Science Fiction
501979,Adventure
501979,Music
1008409,Crime
1008409,Drama
11596,Horror
11596,Mystery
11596,Fantasy
19173,Drama
19173,Romance
1451867,Documentary
1632473,Drama
1632473,Family
553604,Thriller
553604,Action
553604,Crime
225574,Action
225574,Thriller
225574,Mystery
543831,Romance
10474,Drama
10474,Crime
13655,Music
13655,Family
13655,TV Movie
9314,Drama
9314,Science Fiction
9314,Thriller
900667,Animation
900667,Adventure
900667,Action
900667,Fantasy
900667,Music
1027073,Action
1027073,Thriller
1027073,Crime
816904,Animation
816904,Adventure
816904,Fantasy
816904,Family
227549,Drama
9334,Action
9334,Adventure
9334,Fantasy
1429520,Romance
1429520,Comedy
2654,Horror
2654,Mystery
2654,Drama
2654,Thriller
2654,Fantasy
632856,Comedy
11051,Drama
499191,Drama
83666,Comedy
83666,Drama
83666,Romance
458594,Action
458594,Thriller
16866,Animation
16866,Family
16866,Comedy
16866,Science Fiction
16866,Adventure
648579,Action
648579,Comedy
648579,Crime
39013,Drama
39013,Mystery
682012,Animation
682012,Drama
682012,Family
34016,Romance
34016,Comedy
1574,Comedy
1574,Crime
1574,Drama
809140,Drama
10057,Action
10057,Adventure
10057,Comedy
1325678,Drama
1753579,Drama
1753579,Romance
1753579,Horror
59961,Action
59961,Thriller
1390154,Drama
1390154,Music
1754942,Drama
23082,Comedy
23082,Fantasy
23082,Romance
13056,Action
13056,Crime
1432631,Romance
1432631,Comedy
1432631,Drama
8095,Drama
8095,History
8095,Romance
15070,Action
15070,Drama
15070,Crime
12481,Action
1361982,Horror
1361982,Thriller
1361982,Mystery
1659389,Animation
1659389,Action
1659389,Comedy
535167,Science Fiction
535167,Action
535167,Drama
970347,Action
970347,Thriller
970347,Crime
1678844,Documentary
1159311,Animation
1159311,Action
1159311,Adventure
1159311,Science Fiction
49730,Thriller
49730,Drama
49730,Fantasy
49730,Mystery
49730,Horror
49730,Romance
45772,Animation
45772,Family
13460,Action
13460,Thriller
13460,Science Fiction
262587,Thriller
62764,Adventure
62764,Comedy
62764,Family
62764,Fantasy
500840,Mystery
500840,Thriller
500840,Drama
1151272,Drama
1151272,Thriller
11330,Action
11330,Thriller
11330,Crime
838240,Animation
838240,Drama
838240,Comedy
838240,Science Fiction
1489187,Comedy
1489187,Romance
1489187,Fantasy
25793,Drama
2924,Drama
2924,Thriller
2924,Action
2924,Crime
877703,Action
877703,Fantasy
877703,TV Movie
12476,Action
12476,Science Fiction
12476,Horror
672741,Horror
672741,Thriller
12139,Family
12139,Comedy
824,Drama
824,Romance
824,Music
1507275,Animation
1507275,Family
1507275,Adventure
1055623,Documentary
59108,Action
59108,Comedy
698779,Romance
698779,Action
206869,Documentary
206869,Action
888,Fantasy
888,Comedy
888,Family
36670,Adventure
36670,Action
36670,Thriller
632727,Horror
632727,Thriller
632727,Drama
13374,Family
13374,Drama
13374,Comedy
7461,Drama
7461,Action
7461,Thriller
7461,Crime
4552,Drama
4552,Horror
4552,Mystery
26388,Thriller
290512,Drama
290512,Adventure
290512,Romance
214,Horror
214,Thriller
214,Crime
68730,Drama
68730,History
860,Drama
860,Science Fiction
860,Thriller
192102,Action
192102,Drama
192102,Thriller
866463,Crime
866463,Mystery
866463,Thriller
866463,Drama
709631,Horror
1139087,Animation
1139087,Family
1139087,Fantasy
1139087,Drama
1139087,Comedy
288036,Comedy
288036,Romance
267193,Action
267193,Comedy
399035,Action
399035,Thriller
399035,Mystery
976734,Action
976734,Thriller
976734,Crime
365942,Romance
365942,Science Fiction
365942,Drama
10796,Action
10796,Science Fiction
10796,Thriller
172,Science Fiction
172,Action
172,Adventure
172,Thriller
268531,Family
268531,Comedy
268531,Animation
268531,Science Fiction
6068,Comedy
6068,Action
6068,Adventure
6068,Romance
258509,Family
258509,Comedy
258509,Music
258509,Adventure
258509,Animation
249070,Action
249070,Crime
249070,Thriller
10153,Science Fiction
10153,Mystery
10153,Thriller
74308,Drama
64328,Comedy
64328,Family
64328,Music
64328,Adventure
13192,Fantasy
13192,Music
121734,Animation
121734,Comedy
121734,Adventure
121734,Family
1412,Drama
1304434,Animation
1304434,Adventure
1304434,Fantasy
1304434,Comedy
1658896,Science Fiction
175112,Animation
175112,Family
646315,Action
287598,Comedy
301,Western
301,Drama
1715,Drama
438674,Crime
438674,Action
438674,Thriller
768362,Drama
768362,Mystery
768362,Thriller
12144,Family
12144,Animation
12144,Adventure
12144,Drama
50348,Crime
50348,Drama
50348,Thriller
192141,Thriller
192141,Action
1090,Thriller
1090,Science Fiction
1090,Mystery
1061699,Drama
1061699,War
1061699,History
10189,Action
10189,Comedy
10189,Crime
1140535,Horror
1140535,Thriller
1140535,Drama
7978,Horror
521777,Comedy
51052,Drama
51052,Animation
51052,Family
51052,Comedy
455207,Comedy
455207,Romance
29363,Action
29363,Drama
298312,Horror
298312,Thriller
11321,Drama
855435,Horror
1283671,Comedy
1283671,Romance
1283671,Drama
1219548,Adventure
1219548,Mystery
1219548,Drama
1535,Action
1535,Crime
1535,Thriller
645788,Action
645788,Thriller
645788,Crime
254904,Crime
254904,Action
254904,Thriller
3093,Crime
3093,Mystery
3093,Thriller
10835,Action
10835,Crime
10835,Drama
10835,Thriller
1491,Fantasy
1491,Drama
1491,Thriller
1491,Romance
294963,Drama
294963,Horror
294963,Western
1378,Romance
1378,Drama
1378,Comedy
30112,Romance
30112,Drama
26973,Drama
138,Horror
902,Fantasy
902,Science Fiction
902,Adventure
41283,Crime
41283,Drama
41283,Action
41283,Thriller
4918,Action
4918,Thriller
9967,Drama
9967,War
9967,Action
10316,Drama
1406657,Animation
1406657,Action
1406657,Drama
1406657,Science Fiction
131304,Comedy
224141,Fantasy
224141,Comedy
10603,Adventure
10603,Comedy
10603,Family
10603,Romance
22804,Horror
22804,Thriller
80,Drama
80,Romance
937249,Thriller
937249,Science Fiction
937249,Action
10495,Action
10495,Family
10495,Drama
10495,Adventure
1354959,Drama
1101448,Drama
1101448,History
227973,Animation
227973,Comedy
227973,Family
357057,Drama
830788,Horror
830788,Thriller
1088514,Drama
1088514,Comedy
532639,Fantasy
532639,Adventure
532639,Family
1247464,Music
82633,Crime
82633,Drama
82633,Western
60898,Fantasy
60898,Drama
60898,Horror
9428,Comedy
9428,Drama
10623,Action
10623,Crime
10623,Drama
1748749,Unknown
760741,Action
760741,Adventure
760741,Horror
760741,Thriller
760741,Drama
298094,Romance
298094,Drama
13813,Drama
13813,History
13813,War
1560681,Thriller
1560681,Mystery
1560681,Crime
103731,Drama
1059064,Crime
1059064,Comedy
10381,Action
10381,Comedy
10381,Drama
928,Comedy
928,Horror
928,Fantasy
79218,Animation
79218,Family
79218,TV Movie
58857,Adventure
58857,Drama
58857,Action
15080,Animation
15080,Drama
15080,Romance
1904,Drama
1904,Romance
1904,History
552643,Drama
552643,Romance
1654516,Crime
1654516,Drama
691,Adventure
691,Action
691,Thriller
23827,Horror
23827,Mystery
644583,Drama
644583,Thriller
1167880,Unknown
11503,Horror
11503,Thriller
62214,Animation
62214,Comedy
62214,Family
1745392,Fantasy
567748,Drama
567748,Thriller
285783,History
285783,Drama
285783,Adventure
1825,Action
1825,Drama
11886,Animation
11886,Family
11886,Adventure
308624,Romance
308624,Drama
173,Adventure
173,Science Fiction
173,Fantasy
1086260,Horror
1086260,Science Fiction
1086260,Thriller
10377,Comedy
10377,Drama
1328803,Action
1328803,War
1328803,Thriller
1328803,History
8274,Comedy
531876,War
531876,Drama
531876,History
531876,Action
462768,Horror
9399,Action
10061,Action
10061,Thriller
10061,Science Fiction
1139377,Crime
1139377,Drama
1139377,Thriller
1677,Drama
1677,Music
10030,Comedy
10030,Romance
1632,Drama
1632,Crime
1632,Mystery
1632,Thriller
532865,Drama
532865,History
197796,Fantasy
197796,Romance
8840,Fantasy
8840,Action
8840,Adventure
8840,Drama
2636,Action
2636,Thriller
1911,Adventure
1911,History
1911,Action
9013,Comedy
9013,Crime
9013,Thriller
9584,Action
9584,Comedy
9584,Drama
360814,Drama
360814,Family
360814,Comedy
109421,Thriller
109421,Crime
109421,Drama
8326,Adventure
8326,Family
8326,Drama
8326,Comedy
12242,Animation
12242,Comedy
12242,Family
12242,Adventure
756,Animation
756,Family
756,Fantasy
9800,Drama
12180,Animation
12180,Action
12180,Science Fiction
12180,Adventure
123553,Fantasy
123553,Action
123553,Mystery
1522690,Drama
1522690,History
1685882,Romance
1685882,Comedy
1064307,Animation
1064307,Adventure
1064307,Fantasy
1064307,Comedy
9879,Comedy
9879,Crime
9879,Drama
9671,Adventure
9671,Comedy
977294,Action
977294,Thriller
504253,Animation
504253,Drama
504253,Romance
1249213,Mystery
1249213,Thriller
11541,Romance
11541,Drama
18311,Crime
18311,Drama
18311,Romance
9955,Comedy
649609,Comedy
649609,Fantasy
649609,Horror
10313,Comedy
10313,War
14976,Drama
14976,Romance
1465887,Unknown
522402,Science Fiction
522402,Drama
522402,Adventure
502416,Horror
502416,Thriller
1634949,Documentary
10497,Thriller
10497,Drama
10497,Romance
433498,Adventure
433498,Crime
433498,Drama
1523,Drama
1403836,Family
1403836,Animation
1403836,Comedy
1149504,Comedy
1149504,Crime
1149504,Thriller
703,Comedy
703,Drama
703,Romance
34647,Fantasy
34647,Drama
396371,Drama
396371,Crime
592695,Drama
923667,Action
923667,Crime
923667,Thriller
1817,Thriller
1817,Crime
1547,Horror
1547,Comedy
1547,Thriller
395,Adventure
395,Science Fiction
395,Action
395,Horror
52449,Comedy
68722,Drama
11072,Western
11072,Comedy
591274,Horror
591274,Mystery
591274,Drama
11286,Action
11286,Comedy
11286,Family
136400,Action
136400,Comedy
136400,Crime
24238,Animation
24238,Comedy
24238,Drama
9506,Comedy
46838,Comedy
46838,Horror
5994,Comedy
5994,Drama
5994,Romance
5994,Fantasy
9348,Science Fiction
9348,Horror
9348,Action
1432547,Animation
1432547,Action
1432547,Mystery
1432547,Science Fiction
626332,Drama
626332,History
206961,Drama
206961,TV Movie
449459,Thriller
449459,Mystery
7303,Comedy
7303,Drama
7303,Romance
34653,Drama
34653,Romance
1092,Thriller
1092,Mystery
1124619,Action
1124619,Comedy
817758,Music
817758,Drama
2897,Adventure
2897,Comedy
2897,Family
2897,Fantasy
2897,Romance
948713,Action
948713,Adventure
948713,War
6538,Comedy
6538,Drama
6538,History
11850,Science Fiction
11850,Horror
646207,Action
646207,Thriller
1934,Romance
1934,History
1934,Comedy
1934,Drama
71688,History
71688,Drama
10586,Adventure
10586,Thriller
10586,History
46705,Drama
46705,Romance
668,Adventure
668,Action
668,Thriller
663,Horror
663,Thriller
663,Crime
10731,Drama
10731,Thriller
10731,Crime
10731,Mystery
11474,Action
11474,Thriller
172226,Drama
172226,Thriller
172226,Crime
172226,Romance
1751823,Drama
1751823,Comedy
11412,Crime
11412,Action
11412,Mystery
11412,Thriller
452026,Crime
452026,Action
452026,Adventure
11660,Drama
11660,Thriller
1757000,Drama
42188,Drama
42188,Romance
42188,Science Fiction
9691,Action
9691,Adventure
9691,Crime
9691,Thriller
1755103,Drama
440471,Action
440471,Thriller
440471,Crime
440471,Mystery
440471,Science Fiction
546121,Thriller
546121,Horror
546121,Drama
455476,Fantasy
455476,Action
455476,Science Fiction
144,Drama
144,Fantasy
144,Romance
21542,Comedy
21542,Drama
21542,Family
21542,Romance
937941,Horror
937941,Mystery
1247,Drama
1247,Thriller
1247,History
10601,Adventure
10601,Fantasy
10601,Family
933131,Action
933131,Adventure
933131,Thriller
431580,Family
431580,Animation
431580,Adventure
431580,Comedy
431580,Fantasy
2133,Drama
2133,Adventure
2133,Action
2133,Thriller
1088548,Drama
1088548,Comedy
1690,Horror
1457866,Drama
1457866,Comedy
1457866,Thriller
518068,Action
518068,Adventure
518068,Fantasy
518068,Thriller
1072342,Horror
926670,Action
926670,Comedy
926670,Family
926670,Science Fiction
575299,Drama
2277,Drama
2277,Romance
2277,Science Fiction
473,Mystery
473,Drama
473,Thriller
25195,Romance
25195,Comedy
501907,History
501907,Family
501907,Drama
1637319,Documentary
1637319,Music
594347,Documentary
747934,Comedy
747934,Action
387810,Drama
387810,Romance
1383233,Horror
1383233,Mystery
1383233,Thriller
415842,Action
415842,Adventure
415842,Thriller
303857,Action
303857,Animation
303857,Science Fiction
7840,Adventure
7840,Action
7840,Drama
7840,Fantasy
9896,Adventure
9896,Comedy
85889,Crime
85889,Drama
85889,Comedy
912908,Comedy
912908,Adventure
9869,Drama
9869,Action
9869,Thriller
9869,Crime
1887,Drama
1887,History
219,Comedy
219,Drama
219,Romance
1514125,Romance
1514125,Drama
15789,Adventure
15789,Comedy
15789,Romance
15789,Animation
15789,Family
606234,Science Fiction
606234,Drama
606234,Thriller
289325,Drama
123,Adventure
123,Animation
123,Fantasy
664469,Mystery
664469,Comedy
664469,Drama
9906,Fantasy
9906,Adventure
9906,Animation
9906,Comedy
9906,Family
20789,Adventure
20789,Action
20789,Crime
3525,Comedy
3525,Romance
3525,Drama
79871,Comedy
79871,Romance
79871,Drama
1173558,Drama
1173558,Mystery
1173558,Romance
298250,Horror
298250,Mystery
1511057,Comedy
1550797,Animation
1550797,Comedy
1550797,Fantasy
1550797,Family
10539,Family
10539,Animation
10539,Adventure
10539,Fantasy
19186,Comedy
19186,Family
19186,Romance
1425045,Thriller
1425045,Science Fiction
8277,Comedy
332210,Adventure
332210,Animation
332210,Comedy
332210,Family
188161,Comedy
188161,Western
1289936,Drama
1289936,Romance
820,Drama
820,Thriller
820,History
9801,Comedy
9801,Romance
3090,Adventure
3090,Drama
3090,Western
560210,Romance
2112,Action
2112,Drama
2112,Crime
2112,Thriller
2255,Comedy
2255,Drama
2255,Romance
449574,Animation
449574,Action
449574,Science Fiction
9279,Family
9279,Adventure
9279,Comedy
155084,Horror
155084,Thriller
242828,Animation
242828,Drama
242828,Family
1064497,Horror
1064497,Thriller
1064497,Mystery
2662,Horror
4421,Action
4421,Drama
4421,War
11587,Horror
1754278,Documentary
130150,Drama
130150,Romance
130150,Thriller
10393,Comedy
207768,Thriller
207768,Horror
207768,Crime
14412,Thriller
14412,Crime
1465557,Drama
1465557,Comedy
21032,Adventure
21032,Animation
21032,Drama
21032,Family
1198654,Comedy
1198654,Thriller
10610,Thriller
10610,Fantasy
10610,Action
10610,Comedy
1297763,Animation
1297763,Action
1297763,Science Fiction
351460,Crime
351460,Fantasy
351460,Horror
351460,Thriller
454992,Comedy
454992,Action
454992,Adventure
2288,Drama
2288,Romance
11238,Adventure
11238,Animation
11238,Family
1216191,Horror
1216191,Mystery
1571470,Fantasy
1571470,Drama
1571470,Adventure
16113,Action
16113,Thriller
16113,War
1273,Adventure
1273,Animation
1273,Comedy
1273,Family
2157,Science Fiction
2157,Adventure
2157,Action
9493,Comedy
1128650,Action
1128650,Drama
1128650,Crime
1128650,Thriller
48171,Drama
48171,Thriller
48171,Horror
17610,Comedy
17610,Adventure
287414,Comedy
441282,Drama
441282,Thriller
913,Drama
913,Crime
913,Romance
17824,Comedy
650,Drama
650,Crime
1685,Adventure
1685,Science Fiction
1685,Mystery
9838,Action
9838,Adventure
9838,Comedy
329833,Action
329833,Adventure
329833,Comedy
1726603,Unknown
1965,Crime
1965,Thriller
1965,Drama
401951,Unknown
556678,Comedy
556678,Romance
556678,Drama
50476,Drama
50476,Romance
940139,Drama
11814,Comedy
11814,Fantasy
11814,Science Fiction
11814,Romance
9665,Drama
9665,History
9665,War
1086268,Drama
10823,Horror
10823,Thriller
9053,Adventure
9053,Action
9053,Thriller
413114,Comedy
8699,Comedy
8271,Thriller
8271,Drama
8271,Mystery
504949,Drama
504949,History
504949,War
8224,Thriller
8224,Crime
8224,Mystery
502033,Drama
502033,Music
8698,Fantasy
8698,Action
8698,Thriller
8698,Science Fiction
16219,Drama
10922,Drama
10922,Romance
597891,Action
597891,Thriller
22972,War
22972,Action
22972,Adventure
22972,Drama
22972,Thriller
11838,Horror
459992,Comedy
459992,Romance
630240,Drama
630240,Thriller
630240,Horror
1261825,Comedy
734724,Documentary
702,Drama
702,Thriller
10559,Science Fiction
10559,Crime
10559,Thriller
843352,Action
843352,Science Fiction
972230,Comedy
972230,Romance
972230,Drama
373219,Comedy
345922,Comedy
1493310,Animation
1493310,Action
1493310,Drama
1493310,Comedy
26877,Action
26877,Crime
26877,Thriller
476926,Science Fiction
476926,Thriller
1401281,History
1401281,Drama
1401281,Music
28032,Animation
28032,Fantasy
28032,Romance
28032,Family
66,Crime
66,Drama
66,Action
542224,Fantasy
542224,Horror
542224,Mystery
10229,Drama
10229,Romance
4133,Crime
4133,Drama
715756,Thriller
715756,Drama
715756,Horror
14174,Drama
1620,Action
1620,Thriller
1620,Drama
301337,Drama
301337,Science Fiction
301337,Comedy
5549,Action
5549,Science Fiction
5549,Thriller
625568,Action
625568,Thriller
625568,Crime
381719,Animation
381719,Adventure
381719,Family
157851,Drama
322488,Drama
322488,History
978592,Mystery
978592,Thriller
978592,Crime
978592,Drama
65057,Comedy
65057,Drama
399361,Action
399361,Thriller
399361,Crime
399361,Adventure
1642859,Documentary
1642859,Music
1608445,Action
1608445,Crime
1608445,Drama
50359,Animation
50359,Comedy
50359,Family
401478,Action
401478,Thriller
401478,Science Fiction
297222,Comedy
297222,Drama
297222,Science Fiction
12146,Thriller
12146,Western
12146,Adventure
65086,Drama
65086,Horror
65086,Thriller
13252,Crime
13252,Thriller
13252,Mystery
765897,Family
765897,Drama
12102,Drama
780609,Horror
780609,Thriller
780609,Fantasy
9725,Horror
9725,Thriller
848187,Action
848187,Comedy
848187,Romance
982932,Action
982932,Thriller
982932,Drama
522241,Thriller
522241,History
522241,Drama
40264,Comedy
40264,Fantasy
1970,Horror
1970,Mystery
1970,Thriller
376659,Comedy
579,Horror
579,Thriller
860340,Romance
860340,Drama
27573,Action
27573,Comedy
27573,Romance
1300116,Romance
1300116,Thriller
16871,Horror
16871,Thriller
375366,Action
375366,Horror
375366,Science Fiction
239421,Comedy
9618,Action
9618,Crime
9618,Comedy
9618,Thriller
9032,Comedy
9032,Drama
1788,Drama
1788,Romance
9626,Adventure
9626,Fantasy
9626,Action
9676,Crime
9676,Thriller
9676,Drama
400157,Comedy
400157,Animation
400157,Adventure
400157,Family
400157,Fantasy
1381202,Science Fiction
1381202,Thriller
44040,Horror
44040,Mystery
44040,Thriller
353616,Music
353616,Comedy
644495,Drama
644495,Crime
644495,History
134411,Action
134411,Drama
134411,Thriller
1056360,Comedy
1056360,Drama
457697,Documentary
590,Drama
149871,Animation
149871,Drama
149871,Fantasy
109689,Drama
109689,Romance
5680,Comedy
5680,Fantasy
5680,Horror
1538497,Adventure
1538497,Animation
1538497,Family
1538497,Fantasy
987686,Romance
987686,Comedy
483906,Action
483906,Crime
483906,Drama
403300,History
403300,Drama
403300,War
98567,Action
98567,Adventure
650783,Comedy
650783,Crime
774531,History
774531,Drama
12556,Romance
12556,Comedy
12556,Fantasy
618344,Animation
618344,Action
618344,Adventure
618344,Fantasy
833326,Drama
833326,Comedy
301365,Horror
301365,Thriller
547,Adventure
547,Drama
547,Romance
424121,Horror
424121,Mystery
11653,Action
11653,Adventure
11653,Comedy
11653,Drama
11653,Fantasy
3594,Thriller
3594,Mystery
3594,Crime
3594,Drama
1353926,Drama
1353926,Comedy
1353926,Science Fiction
1267319,Action
1267319,Crime
1267319,Thriller
41216,Animation
41216,Adventure
41216,Family
41216,Fantasy
3580,Crime
3580,Drama
3580,Mystery
698343,Romance
535544,Drama
535544,Romance
535544,History
976576,Drama
976576,Romance
1648,Adventure
1648,Comedy
1648,Science Fiction
571,Horror
571,Thriller
916,Action
916,Crime
916,Thriller
1145725,Thriller
1145725,Drama
1083968,Horror
1083968,Thriller
1181678,Comedy
1181678,Romance
603661,Drama
603661,Comedy
603661,Romance
11971,Drama
11971,Comedy
11971,Romance
139038,Comedy
139038,Horror
8275,Comedy
10159,Adventure
10159,Action
10159,Comedy
10159,Thriller
8195,Action
8195,Thriller
8195,Crime
10147,Drama
10147,Comedy
10147,Crime
1295400,Comedy
1295400,Crime
1295400,Drama
1290432,Mystery
1290432,Crime
1290432,Drama
11528,Family
11528,Comedy
11528,Drama
812037,Drama
1523667,Drama
592983,Animation
592983,Fantasy
592983,Family
592983,Adventure
592983,Comedy
12536,Comedy
12536,Family
12536,TV Movie
4437,Thriller
4437,Science Fiction
717930,Action
717930,Thriller
717930,War
1730821,Unknown
10957,Animation
10957,Adventure
10957,Family
10957,Fantasy
9562,Action
9562,Adventure
9562,Science Fiction
25376,Mystery
25376,Thriller
25376,Drama
22825,Thriller
22825,Science Fiction
53932,Drama
1662414,Adventure
1662414,Drama
1662414,Family
1633,Drama
1633,Comedy
137093,Comedy
1577,Horror
1577,Action
1577,Science Fiction
685274,Animation
685274,Action
685274,Drama
685274,Science Fiction
10761,Comedy
10761,Romance
669204,Romance
1484453,Animation
1484453,Family
1484453,Music
1484453,Comedy
1740313,Comedy
23048,Science Fiction
23048,Comedy
23048,Adventure
846816,Documentary
11901,Western
11901,Drama
11901,Mystery
11551,Comedy
11551,Adventure
11551,Fantasy
11551,Science Fiction
11551,Action
4517,Drama
4517,History
4517,Romance
1376043,Thriller
1376043,Drama
10510,Fantasy
10510,Drama
10510,Family
27324,Horror
27324,Thriller
27324,Mystery
610361,Comedy
184346,Thriller
184346,Crime
184346,Horror
2320,Action
2320,Adventure
2320,Drama
2320,Thriller
812225,Animation
812225,Fantasy
812225,Action
812225,Adventure
539537,Adventure
539537,Fantasy
539537,Horror
539537,Mystery
1266,Action
1266,Crime
1266,Drama
1266,Thriller
677638,Animation
677638,Adventure
677638,Family
677638,Comedy
677638,TV Movie
13320,Music
13320,Comedy
13320,Romance
532710,Horror
532710,Science Fiction
532710,Thriller
74465,Drama
74465,Comedy
74465,Family
315664,Comedy
315664,Drama
8982,Action
8982,Crime
8982,Drama
8982,Thriller
9542,Horror
9542,Action
9542,Thriller
51620,Action
51620,Thriller
51620,Science Fiction
295964,Drama
1266800,Adventure
1266800,Family
1097311,Thriller
1097311,Drama
618588,Adventure
618588,Drama
1255833,Thriller
7972,Crime
7972,Drama
7972,Thriller
961484,Action
961484,Thriller
869626,Animation
869626,Comedy
869626,Drama
869626,Family
869626,Fantasy
12120,Comedy
12120,Science Fiction
413362,Drama
413362,Crime
413362,Thriller
506574,Family
506574,TV Movie
506574,Adventure
506574,Fantasy
10249,Adventure
10249,Science Fiction
2655,Drama
2655,Horror
2655,Mystery
2655,Thriller
9571,Comedy
9571,Drama
748230,Horror
11198,Action
11198,Adventure
11198,Comedy
11198,Romance
9760,Comedy
9760,Adventure
9760,Fantasy
44683,Animation
44683,Adventure
44683,Family
44683,Fantasy
3035,Drama
3035,Horror
3035,Science Fiction
979660,Action
979660,Crime
979660,Comedy
414947,Family
10403,Mystery
10403,Drama
10403,Thriller
10403,Comedy
10403,Crime
1139817,Action
1139817,Comedy
1139817,Crime
1139817,Drama
417261,Romance
417261,Drama
417261,Music
653,Horror
653,Fantasy
13417,Animation
13417,Comedy
13417,Family
1744446,Unknown
1492608,Documentary
474764,Horror
474764,Mystery
629176,Science Fiction
629176,Crime
629176,Action
8374,Action
8374,Thriller
8374,Crime
751311,Documentary
1284004,Animation
1284004,Comedy
1284004,Science Fiction
1284004,Adventure
417320,Family
417320,Fantasy
417320,TV Movie
417320,Adventure
11452,Comedy
11452,Romance
306819,Drama
9759,Action
9759,Thriller
9759,Drama
9759,Crime
271969,Action
271969,History
271969,Adventure
271969,Drama
752397,Horror
752397,Drama
13342,Comedy
13342,Romance
13342,Drama
11963,Thriller
11963,Mystery
244,Adventure
244,Fantasy
244,Horror
75258,Animation
75258,Family
75258,Fantasy
75258,Adventure
341006,Horror
341006,Thriller
341006,Action
203,Drama
203,Crime
11601,Horror
11601,Mystery
11601,Thriller
369471,Romance
369471,Drama
682110,Documentary
1428990,Thriller
1428990,Horror
371638,Comedy
371638,Drama
52520,Fantasy
52520,Action
52520,Horror
9675,Comedy
9675,Drama
9675,Romance
11846,Comedy
11846,Romance
35552,Fantasy
35552,Adventure
35552,Action
35552,Mystery
82650,Comedy
82650,Family
1083884,Mystery
1083884,Science Fiction
487297,Comedy
487297,Romance
1509599,Comedy
1509599,Drama
40805,Action
40805,Crime
40805,Comedy
396194,Documentary
396194,Music
396194,History
9353,Comedy
9353,Action
9353,Family
1107216,Animation
1107216,Comedy
1107216,Adventure
1107216,Thriller
1107216,Family
894205,Action
894205,Fantasy
894205,Horror
581462,Animation
9012,Action
9012,Comedy
9012,Documentary
1016121,Romance
1016121,Drama
1016121,Comedy
160588,Drama
82682,Crime
82682,Drama
82682,Action
82682,Thriller
864370,Horror
1280015,Drama
1280015,Comedy
8923,Crime
8923,Drama
9346,Romance
9346,Comedy
9346,Drama
553,Crime
553,Drama
553,Thriller
721625,Science Fiction
721625,Thriller
830784,Comedy
830784,Family
830784,Music
5966,Comedy
5966,Romance
487616,Drama
487616,History
929204,Animation
929204,Adventure
929204,Comedy
929204,Science Fiction
929204,Family
14069,Fantasy
14069,Animation
14069,Drama
14069,Science Fiction
445,Mystery
445,Drama
445,Thriller
328111,Animation
328111,Comedy
328111,Family
328111,Adventure
617502,Action
617502,Thriller
617502,Crime
1029235,Action
1029235,Horror
1029235,Thriller
839,Action
839,Thriller
839,TV Movie
12448,Animation
12448,Family
12448,Comedy
12448,Romance
743814,Drama
4912,Comedy
4912,Crime
4912,Drama
4912,Romance
4912,Thriller
4912,History
353070,Crime
353070,Comedy
9947,Action
9947,Fantasy
9947,Adventure
801,Comedy
801,Drama
801,War
72207,Comedy
72207,Drama
72207,Romance
475210,Science Fiction
475210,Thriller
475210,Mystery
475210,Action
475210,Adventure
10354,Crime
10354,Thriller
10354,Mystery
10354,Drama
132344,Romance
132344,Drama
446894,Family
446894,Comedy
446894,Adventure
446894,Animation
446894,Fantasy
9894,Comedy
9894,Drama
9894,Thriller
692,Comedy
692,Crime
16995,Thriller
16995,Crime
16995,Mystery
244761,Drama
244761,Thriller
244761,Crime
123025,Science Fiction
123025,Action
123025,Animation
123025,Mystery
6415,Action
6415,Comedy
6415,War
2616,Comedy
2616,Drama
2616,Family
111190,Drama
11977,Comedy
1263256,Comedy
351339,History
351339,Thriller
351339,War
71689,Action
71689,Adventure
71689,Animation
71689,Comedy
71689,Family
71689,Science Fiction
71689,TV Movie
11185,Comedy
11185,Crime
1274706,Thriller
1274706,Crime
347626,Comedy
347626,Romance
1181540,Action
1181540,Comedy
1181540,Crime
585216,Horror
585216,Thriller
585216,Mystery
1151949,Action
1151949,Crime
1151949,Thriller
9394,Action
9394,Comedy
9394,Western
58151,Horror
58151,Comedy
11879,Horror
126963,Animation
126963,Action
126963,Science Fiction
1750914,Documentary
1750914,TV Movie
11007,Comedy
11007,Family
1130231,Documentary
1130231,Music
1753868,Unknown
11062,Drama
11062,Thriller
354287,Comedy
354287,Drama
354287,War
537921,Animation
537921,Comedy
348678,Comedy
348678,Drama
11644,Crime
11644,Mystery
11644,Thriller
13122,Horror
13122,Comedy
22824,Mystery
22824,Science Fiction
22824,Thriller
302401,Drama
302401,History
302401,Crime
302401,Thriller
648457,Animation
648457,Drama
648457,Romance
648457,Mystery
648457,Fantasy
7095,Comedy
7095,Family
7095,Drama
9400,Crime
9400,Drama
9400,Thriller
9400,Action
9400,Romance
1421594,Documentary
1421594,Crime
1750886,Documentary
1750886,TV Movie
1750886,Action
321741,Drama
59387,Animation
59387,Action
59387,Family
2976,Comedy
2976,Romance
2976,Drama
23202,Horror
23202,Fantasy
23202,Comedy
10629,Drama
10629,Crime
10629,Thriller
460668,Comedy
460668,Romance
1857,Animation
1857,Science Fiction
1857,Action
1857,Adventure
1857,Family
1483614,Animation
1483614,Action
1483614,Adventure
1483614,Fantasy
439,Comedy
439,Drama
11284,Horror
11284,Thriller
11284,Comedy
11284,Fantasy
37821,Action
37821,Comedy
37821,Thriller
37821,Romance
10803,Action
10803,Science Fiction
9535,Comedy
9535,Crime
575219,Comedy
575219,Action
1128712,Unknown
9922,Science Fiction
9922,Adventure
9922,Action
1752249,Horror
1752249,Thriller
1752249,Drama
1355666,Romance
1355666,Drama
1355666,Comedy
283552,Drama
283552,Romance
897160,Action
897160,Drama
897160,Comedy
843271,Drama
1396,Drama
1396,History
32985,Adventure
32985,Fantasy
32985,Action
266285,Drama
266285,Western
12233,Animation
12233,Comedy
12233,Family
430417,Drama
20943,Comedy
20943,Romance
11497,Drama
11497,Animation
11497,Family
11497,Comedy
11497,Fantasy
1421552,Action
1421552,Comedy
1421552,Family
1421552,Fantasy
1363979,Animation
1363979,Romance
580175,Comedy
580175,Drama
470044,Crime
470044,Drama
10756,Thriller
10756,Fantasy
10756,Comedy
10756,Family
10756,Mystery
8688,Crime
8688,Mystery
8688,Thriller
129280,Documentary
198277,Comedy
198277,Music
198277,Romance
198277,Drama
1109086,Action
1109086,Thriller
726759,Thriller
726759,History
726759,Drama
460019,Thriller
460019,Horror
525661,Drama
1732097,Documentary
906221,Comedy
906221,Drama
906221,Romance
896536,Family
896536,Fantasy
896536,Adventure
1694,Science Fiction
1694,Comedy
1694,Horror
1429,Crime
1429,Drama
57089,Comedy
57089,Animation
57089,Family
1049942,Horror
1049942,Thriller
11917,Horror
11917,Thriller
11917,Crime
9829,Drama
9829,History
9829,Thriller
29926,Horror
29926,Thriller
1494,Action
1494,Drama
1494,Fantasy
5236,Comedy
5236,Crime
5236,Mystery
5236,Thriller
11507,Crime
11507,Mystery
11507,Thriller
592,Crime
592,Drama
592,Mystery
11336,Thriller
11336,Horror
11336,Science Fiction
929130,Action
47002,Drama
47002,Romance
463022,Thriller
463022,Horror
227306,Drama
227306,War
25475,Animation
25475,Family
25475,Adventure
25475,Fantasy
13161,Comedy
13161,Crime
42337,Drama
42337,Romance
1484913,Drama
1484913,Thriller
2640,Comedy
2640,Crime
398329,Thriller
398329,Mystery
412988,Action
412988,Crime
412988,Comedy
7508,Drama
913670,Documentary
4031,Comedy
4031,Drama
11011,Comedy
11011,Family
651,Comedy
651,Drama
651,War
8867,Action
8867,Crime
8867,Drama
13836,Adventure
13836,Family
13836,Fantasy
13836,Science Fiction
13836,Thriller
13836,Action
799876,Crime
799876,Drama
799876,Thriller
799876,Mystery
618851,Animation
618851,Action
618851,Fantasy
554776,Drama
554776,Romance
1262,Drama
1262,Comedy
1262,Romance
1262,Fantasy
1588838,Drama
1588838,Adventure
760161,Horror
760161,Thriller
58628,Drama
58628,Romance
352549,Comedy
352549,Mystery
1754582,Documentary
10220,Drama
10220,Crime
10040,Action
10040,Comedy
1239134,Horror
1239134,Comedy
55301,Comedy
55301,Fantasy
55301,Family
55301,Music
55301,Animation
365620,History
365620,Drama
9529,Drama
9529,Horror
9529,Thriller
623,Comedy
623,Crime
1041613,Horror
1041613,Mystery
1041613,Thriller
28339,Action
28339,Comedy
28339,Thriller
80585,Comedy
80585,Drama
80585,Romance
80585,Music
1186957,Animation
1186957,Family
1186957,Fantasy
943315,Unknown
11592,Comedy
11592,Crime
16523,Adventure
16523,Drama
16523,Family
16523,Fantasy
763165,Drama
763165,History
482766,Unknown
783675,Animation
783675,Comedy
783675,Drama
40807,Comedy
40807,Drama
9599,Horror
9599,Science Fiction
9599,Thriller
1229343,Romance
1229343,Drama
1081400,Science Fiction
1081400,Horror
962640,Action
962640,Drama
962640,Thriller
511322,Crime
585834,Drama
585834,Thriller
585834,Mystery
11023,Drama
62568,Drama
9563,Drama
602063,Action
602063,Adventure
602063,History
602063,Drama
643586,Horror
643586,Thriller
643586,Action
306947,Thriller
306947,Horror
22201,Western
11176,Family
11176,Comedy
11176,Adventure
667739,Action
667739,Adventure
667739,Comedy
466282,Comedy
466282,Romance
11704,Adventure
11704,Animation
11704,Drama
11704,Family
11704,Fantasy
11704,Mystery
11704,Science Fiction
10782,Action
10782,Thriller
10782,Crime
1625901,Thriller
1625901,TV Movie
9294,Drama
9294,Romance
9294,Fantasy
5038,Drama
5038,Romance
242224,Drama
242224,Horror
21407,Horror
21407,Thriller
1756078,Music
15165,Animation
15165,Family
15165,Comedy
606,History
606,Romance
606,Drama
1460811,Romance
576530,Thriller
4518,Drama
4518,History
564818,Documentary
46146,Fantasy
46146,Horror
10131,Horror
10131,Thriller
994108,Romance
994108,Drama
994108,Fantasy
800815,Thriller
800815,Crime
800815,Horror
800815,Mystery
1130760,Unknown
102362,Thriller
102362,Action
102362,Crime
102362,Drama
136835,Crime
136835,Thriller
163940,Documentary
723072,Horror
328688,Thriller
328688,Horror
338958,Comedy
338958,Family
338958,Fantasy
11335,Action
11335,Adventure
11335,Comedy
11335,Family
937926,Thriller
937926,Comedy
937926,Fantasy
419680,Comedy
50321,Adventure
50321,Animation
50321,Family
50321,Science Fiction
1749553,Horror
1749553,Mystery
10048,Science Fiction
1502135,Drama
1502135,Mystery
72570,Drama
72570,Romance
1529513,Adventure
1529513,Thriller
29427,Mystery
29427,Horror
29427,Action
10676,Horror
10676,Science Fiction
10676,Mystery
10676,Thriller
65759,Animation
65759,Comedy
65759,Family
10651,Action
10651,Crime
10651,Drama
10651,Thriller
619297,Action
619297,Thriller
619297,Drama
262,Drama
262,Comedy
11463,War
11463,History
11463,Action
11463,Drama
10294,Horror
10294,Thriller
745048,Horror
585759,Drama
585759,Thriller
851,Drama
851,Romance
134764,Comedy
134764,Drama
134764,Romance
227156,Drama
227156,Science Fiction
39451,Comedy
39451,Romance
521,Thriller
521,Crime
521,Drama
20003,Drama
20003,Crime
20003,Thriller
1819,Comedy
1819,Romance
588890,Adventure
588890,Animation
588890,Family
588890,Fantasy
588890,Comedy
77930,Drama
77930,Comedy
6404,Drama
6404,Horror
1693442,Drama
1599189,Animation
1599189,Action
1599189,Adventure
962,Adventure
962,Comedy
962,Drama
265195,Drama
265195,Thriller
265195,Comedy
8834,Action
8834,Drama
8834,Mystery
8834,Thriller
68179,Animation
68179,Comedy
68179,Adventure
68179,Family
68179,Science Fiction
9327,Comedy
9327,Science Fiction
9327,Romance
18162,Adventure
18162,Science Fiction
18162,Comedy
18162,Action
614911,Science Fiction
614911,Drama
1180611,Documentary
1180611,Drama
51170,Adventure
51170,Animation
51170,Family
51170,Comedy
51170,TV Movie
333352,Drama
333352,Thriller
333352,War
10665,Horror
2100,Action
2100,Drama
2100,Thriller
301502,Drama
1616674,Drama
517814,Drama
516632,Horror
516632,Mystery
250480,Animation
250480,Family
250480,Adventure
1339676,Crime
1339676,Thriller
1339676,Drama
1154538,Comedy
1154538,Science Fiction
1154538,Adventure
7553,Comedy
549649,Fantasy
549649,Drama
549649,Comedy
2046,Horror
2046,Drama
2046,Thriller
2046,Mystery
11411,Action
11411,Adventure
11411,Science Fiction
1316427,Action
1316427,Comedy
4566,Drama
4566,Thriller
4566,Crime
10110,Drama
10110,History
10110,War
809787,Comedy
809787,Crime
809787,Action
970450,Action
970450,Horror
970450,Thriller
970450,Science Fiction
7450,Animation
7450,Science Fiction
7450,Adventure
7450,Family
7450,Action
8859,Adventure
8859,Comedy
8859,Mystery
8859,Science Fiction
682377,Action
682377,Comedy
682377,Drama
470114,Action
470114,Science Fiction
470114,Thriller
470114,Mystery
956842,Romance
956842,Comedy
1094556,Family
1094556,Science Fiction
1094556,Action
1094556,Comedy
457335,Action
457335,Comedy
457335,Thriller
11683,Horror
11683,Science Fiction
11683,Thriller
371608,Horror
371608,Thriller
133121,Action
133121,Animation
133121,Science Fiction
133121,Horror
453661,Documentary
11329,Drama
11329,Thriller
347201,Adventure
347201,Action
347201,Animation
347201,Comedy
347201,Fantasy
10781,Horror
10781,Thriller
34480,Adventure
34480,Horror
34480,Thriller
586791,Romance
586791,Science Fiction
586791,Drama
1244523,Action
1244523,Horror
1244523,Thriller
872906,Action
872906,Thriller
1243341,Fantasy
1243341,Music
1243341,Romance
1243341,Adventure
1243341,Family
1243341,Comedy
1243341,TV Movie
975,War
975,Drama
1383247,Action
1383247,Thriller
8066,Mystery
8066,Thriller
8066,Drama
353326,Drama
353326,History
295830,Horror
295830,Action
295830,Science Fiction
9359,Action
9359,Adventure
9359,Comedy
9359,Drama
9359,Western
6972,Adventure
6972,Romance
6972,Drama
1281,Family
1281,Adventure
1281,Comedy
231,Drama
231,Thriller
239678,Drama
239678,Comedy
10323,Adventure
10323,Fantasy
10323,Action
601796,Science Fiction
601796,Action
601796,Fantasy
601796,Adventure
11802,Animation
11802,Family
11802,Adventure
11802,Comedy
11802,Science Fiction
10199,Adventure
10199,Animation
10199,Family
914206,Science Fiction
914206,Drama
914206,Romance
1620034,Documentary
477968,Documentary
96936,Drama
96936,Crime
567604,Comedy
567604,Action
567604,Adventure
567604,Science Fiction
41439,Horror
41439,Crime
7090,Drama
591273,Horror
591273,Mystery
591273,Drama
80035,Comedy
80035,Action
80035,Science Fiction
410119,Drama
410119,Fantasy
410119,Romance
615643,Drama
565028,Horror
565028,Thriller
790,Horror
739277,Unknown
11231,Action
11231,Drama
11231,Family
11231,Adventure
488623,Thriller
488623,Mystery
488623,Crime
321258,Horror
321258,Mystery
321258,Thriller
485030,Adventure
2614,Action
2614,Comedy
2614,Science Fiction
476299,Horror
762430,Thriller
762430,Action
762430,Adventure
2099,Action
2099,Crime
2099,Thriller
11358,Adventure
11358,Drama
11358,Action
11358,Thriller
25506,Crime
25506,Drama
25506,Thriller
11090,Comedy
11090,Science Fiction
1752994,Drama
1752994,Fantasy
1752994,Mystery
11171,Drama
314405,Romance
314405,Fantasy
314405,Horror
13225,Family
13225,Fantasy
13225,Animation
13225,Adventure
60307,Family
60307,Comedy
1149167,Action
1149167,Crime
1149167,Thriller
691179,Documentary
691179,Comedy
59940,Thriller
724209,Action
724209,Crime
724209,Thriller
7552,Comedy
7552,Crime
649,Drama
649,Romance
9730,Horror
9793,Horror
23742,Action
23742,Comedy
23742,Crime
42684,Science Fiction
42684,Action
42684,Thriller
656690,Documentary
656690,Drama
401062,Documentary
1163974,Romance
625976,Drama
625976,Romance
1553969,Drama
1553969,Science Fiction
11004,Comedy
11004,Drama
604822,Action
604822,Adventure
604822,Comedy
604822,Crime
604822,Thriller
1439112,Action
1439112,Thriller
1439112,Mystery
479,Action
479,Adventure
479,Crime
479,Thriller
428093,Documentary
1627624,Action
1627624,Thriller
901,Comedy
901,Drama
901,Romance
146889,Drama
486131,Action
486131,Crime
486131,Comedy
486131,Mystery
33194,Drama
19185,Horror
9718,Comedy
174772,Science Fiction
174772,Thriller
174772,Drama
458220,Drama
473679,Drama
9920,Science Fiction
9920,Action
9920,Thriller
826945,Drama
1398050,Comedy
24122,Romance
24122,Comedy
345915,Action
345915,Comedy
345915,Thriller
345915,Mystery
381289,Adventure
381289,Fantasy
381289,Family
381289,Drama
65055,Thriller
65055,Horror
1278162,Horror
1278162,Thriller
514619,Comedy
514619,Romance
1469458,Fantasy
1469458,Thriller
1469458,Drama
4970,Horror
4970,Mystery
4970,Thriller
1947,Drama
589761,Drama
589761,History
589761,Action
5991,Drama
22949,Comedy
22949,Family
87492,Drama
87492,Thriller
791,Horror
791,Mystery
11121,Drama
11121,Romance
1234762,Horror
393345,Horror
64084,Drama
64084,Thriller
419639,Thriller
419639,Drama
419639,Horror
1730,Horror
1730,Thriller
1730,Mystery
1730,Drama
1730,Fantasy
179,Crime
179,Thriller
23514,Comedy
23514,Drama
4379,Romance
4379,Comedy
667216,Horror
667216,Science Fiction
667216,Thriller
517116,Horror
517116,Thriller
10134,Science Fiction
10134,Action
10134,Thriller
10134,Adventure
754220,Drama
974931,Horror
974931,Comedy
974931,Science Fiction
400136,Action
400136,Animation
400136,Adventure
400136,Science Fiction
400136,Horror
4550,Drama
4550,Thriller
2110,Drama
2110,Action
2110,Comedy
1160956,Action
1160956,Comedy
516329,Drama
516329,Horror
516329,Mystery
704239,Action
704239,Comedy
381394,Documentary
500922,Action
500922,Crime
500922,Drama
500922,Thriller
15015,Animation
15015,Family
2323,Drama
2323,Fantasy
152760,War
152760,Drama
152760,History
455236,Action
455236,Crime
455236,Thriller
455236,Adventure
455236,Comedy
1740765,Unknown
606523,Crime
606523,Thriller
606523,Action
1406,Comedy
1406,Western
329058,Animation
1254786,Romance
1254786,Comedy
1254786,Drama
575417,Drama
575417,Comedy
575417,Romance
373854,Unknown
975490,Family
975490,Animation
975490,Comedy
10843,Comedy
10843,Thriller
10843,Drama
15167,Animation
15167,Family
8011,Fantasy
8011,Action
8011,Adventure
40096,Comedy
40096,Drama
40096,Fantasy
40096,Romance
1433117,Crime
1433117,Drama
1433117,Thriller
1433117,Action
348964,Family
348964,Comedy
129067,Animation
2440,Drama
2440,Thriller
2440,Mystery
1266791,Comedy
483,Crime
483,Thriller
483,Romance
454983,Romance
454983,Comedy
630004,Drama
630004,Action
630004,Thriller
878608,Science Fiction
878608,Drama
10065,Horror
499546,Crime
499546,Drama
499546,History
12184,Drama
12184,Romance
12184,History
1522923,Action
1522923,Thriller
1187326,Animation
1187326,Comedy
1187326,Family
472674,Drama
1288072,Horror
1288072,Mystery
814889,Horror
1296672,Drama
1751220,Drama
1022690,Comedy
664280,Documentary
664280,Drama
17581,Fantasy
17581,Animation
17581,Action
9388,Comedy
9388,Drama
893694,Drama
893694,Romance
133980,Drama
133980,Horror
133980,Thriller
610150,Animation
610150,Science Fiction
610150,Action
1049443,Drama
11469,Comedy
11469,Fantasy
11469,Adventure
1073,Crime
1073,Drama
1073,Thriller
1073,Mystery
121856,Action
121856,Adventure
121856,Science Fiction
493551,Drama
493551,History
493551,Thriller
39857,Comedy
39857,Crime
39857,Horror
24418,Adventure
24418,Fantasy
24418,Action
24418,Thriller
1162240,Documentary
1283120,Action
1283120,Drama
1283120,Crime
593910,Fantasy
593910,Romance
593910,Comedy
2294,Comedy
2294,Adventure
2294,Action
50456,Action
50456,Thriller
50456,Adventure
504562,Drama
504562,Thriller
8051,Romance
8051,Drama
8051,Comedy
10866,Mystery
10866,Thriller
10866,Drama
11081,Thriller
11069,Comedy
11069,Horror
11069,Science Fiction
9574,Comedy
9574,Family
9574,Science Fiction
185689,Drama
1051,Action
1051,Crime
1051,Thriller
118379,Comedy
118379,Drama
10974,Adventure
10974,Action
10974,Comedy
48988,Comedy
48988,Romance
6069,Comedy
6069,Fantasy
6069,Horror
533642,Horror
11031,Comedy
11031,Music
592350,Animation
592350,Action
592350,Fantasy
592350,Adventure
220751,Drama
220751,TV Movie
82654,Horror
82654,Comedy
82654,Romance
82654,Action
82654,Science Fiction
2028,Romance
2028,Comedy
2028,Drama
7278,Comedy
7278,Fantasy
245,Drama
245,Comedy
245,Romance
507076,Drama
507076,Horror
507076,Music
387426,Adventure
387426,Drama
387426,Science Fiction
387426,Action
11929,Crime
11929,Drama
11929,Mystery
539885,Action
539885,Thriller
539885,Crime
10947,Comedy
10947,Family
10947,TV Movie
10947,Music
10947,Romance
246080,Adventure
246080,Drama
246080,Thriller
974036,Drama
1659087,Thriller
1659087,Crime
1659087,Drama
1659087,TV Movie
8764,Comedy
23759,Adventure
23759,Action
23759,Drama
10366,Action
10366,Science Fiction
334524,Adventure
334524,Drama
334524,Thriller
33909,Drama
33909,Crime
10909,Thriller
10909,Crime
551804,Horror
551804,Comedy
81481,Drama
1226406,Action
1226406,Comedy
1226406,Romance
1051187,Documentary
418439,Drama
418439,Documentary
23631,Action
23631,Comedy
23631,Thriller
635,Horror
635,Mystery
13888,Adventure
13888,Drama
13389,Crime
13389,Thriller
13389,Mystery
13389,Drama
10225,Horror
10225,Thriller
1921,Drama
1921,Romance
11615,Drama
11615,Thriller
11615,Crime
234544,Drama
10074,Comedy
10074,Action
5955,Crime
5955,Drama
5955,Mystery
5955,Thriller
65034,Drama
65034,TV Movie
65034,History
773543,Drama
773543,Thriller
8852,Horror
11359,Adventure
11359,Family
11359,Fantasy
3784,Drama
3784,Romance
3784,Comedy
8069,Science Fiction
8069,Adventure
8069,Comedy
76285,Adventure
76285,Family
76285,Fantasy
9822,Adventure
9822,Family
9822,Action
9822,Fantasy
79518,Drama
80794,Thriller
80794,Horror
80794,Comedy
13809,Action
13809,Crime
13809,Thriller
740006,Comedy
321697,Drama
321697,History
11870,Family
11870,Comedy
11870,Adventure
55846,Crime
55846,Action
55846,Thriller
1205110,Documentary
702936,Action
11859,Action
11282,Comedy
11282,Adventure
16617,Mystery
16617,Thriller
16617,Crime
758009,Action
758009,Comedy
758009,Romance
944401,Action
944401,Drama
944401,Crime
8290,Comedy
8290,War
11287,Comedy
11287,Drama
259695,Action
259695,Crime
259695,Drama
259695,Thriller
304357,Drama
11676,Comedy
11676,Crime
11676,Action
11676,Adventure
1440,Drama
1440,Romance
16804,Drama
12309,Comedy
242643,Thriller
242643,Animation
242643,Action
242643,Crime
17809,Action
9281,Crime
9281,Drama
9281,Thriller
201,Science Fiction
201,Action
201,Adventure
201,Thriller
11158,Adventure
11158,Comedy
11158,Family
11158,Science Fiction
552073,Mystery
2176,Drama
2176,Thriller
11560,Drama
11560,Mystery
11560,Thriller
11560,Crime
768744,Animation
768744,Action
768744,Adventure
768744,Science Fiction
1753358,Comedy
1753358,Drama
1753358,Horror
10778,Crime
10778,Drama
979924,Thriller
979924,Drama
10720,Comedy
10720,Romance
113,Drama
31867,Action
31867,Science Fiction
31867,Thriller
31867,Crime
38810,Drama
12110,Comedy
12110,Horror
12110,Fantasy
10423,Drama
10423,History
10423,Action
330477,Comedy
80389,Action
80389,Thriller
80389,Crime
80389,Drama
552688,Action
552688,Thriller
9678,Comedy
9678,Fantasy
527261,Horror
527261,Drama
527261,Thriller
527261,Fantasy
445629,Comedy
1566269,Family
1566269,Comedy
1566269,Music
11639,Adventure
11639,Family
11639,Fantasy
1147411,Animation
1147411,Family
1147411,Action
1147411,Adventure
1147411,Fantasy
594075,Documentary
393624,Thriller
393624,History
393624,Drama
19899,Comedy
19899,Romance
1231914,Romance
10045,Action
10045,Thriller
10045,Science Fiction
754609,Drama
754609,Comedy
754609,History
4959,Action
4959,Thriller
4959,Crime
4959,Mystery
1127166,Romance
1127166,Drama
4960,Drama
1437981,Drama
1437981,Romance
1437981,War
679057,Romance
16577,Animation
16577,Action
16577,Family
16577,Science Fiction
11586,Horror
23047,Adventure
23047,Fantasy
23047,Action
10479,War
10479,Drama
10479,Thriller
37768,Comedy
9441,Drama
9441,Romance
9441,Comedy
8054,Adventure
8054,Fantasy
8054,Mystery
10139,History
10139,Drama
16858,Drama
47446,Drama
715931,Drama
715931,War
715931,History
9364,Drama
9364,Romance
6961,Romance
6961,Comedy
1026436,Thriller
1026436,Drama
1026436,Romance
918487,Drama
918487,Romance
10753,Action
10753,Crime
10753,Thriller
292011,Drama
292011,History
292011,Crime
1600338,Romance
1600338,Drama
4953,Drama
4953,Comedy
1429605,Romance
1429605,Comedy
6519,Comedy
6519,Adventure
6519,Action
409502,Drama
409502,Crime
5825,Comedy
57361,Drama
57361,Thriller
57361,Crime
1627796,Drama
14013,Comedy
10632,Drama
10632,Action
10632,Thriller
10632,Crime
4978,Adventure
4978,Animation
4978,Comedy
4978,Drama
4978,Family
11424,Music
11424,Comedy
11424,Romance
8987,Adventure
8987,Thriller
8987,Drama
71469,Horror
71469,Action
71469,Thriller
71469,Science Fiction
2665,Comedy
332411,Action
332411,Crime
332411,Drama
332411,Thriller
800787,Drama
1321491,Horror
86837,Drama
86837,Romance
605886,Thriller
605886,Crime
605886,Drama
1199193,Thriller
10890,Action
10890,Comedy
407451,Adventure
407451,Science Fiction
407451,Family
407451,Fantasy
491926,War
491926,History
491926,Drama
1455079,Romance
1455079,Comedy
627905,Documentary
348060,Action
348060,Drama
74643,Drama
74643,Comedy
74643,Romance
672322,Action
672322,Adventure
672322,Drama
672322,Romance
463821,Comedy
463821,Family
463821,Fantasy
463821,Horror
463821,Mystery
198375,Animation
198375,Drama
198375,Romance
1323625,Horror
1323625,Mystery
25538,Drama
1047373,Crime
1047373,Thriller
1047373,Action
339984,Family
339984,Drama
1352755,Romance
1352755,Comedy
42147,Drama
42147,Romance
1538457,Comedy
1538457,Romance
1538457,Drama
143,Drama
143,War
1003579,Animation
1003579,Fantasy
1003579,Action
1003579,Mystery
693113,Crime
693113,Mystery
693113,Thriller
693113,Action
28209,Drama
28209,Romance
921636,Romance
921636,Action
921636,Comedy
452773,Animation
452773,Adventure
452773,Comedy
452773,Family
10015,War
10015,Drama
10285,Horror
10285,Thriller
297608,Horror
297608,Mystery
297608,Thriller
303858,Thriller
303858,Drama
1426486,Documentary
1426486,Crime
75638,Thriller
11379,Science Fiction
11379,Comedy
11379,Adventure
832936,Documentary
8974,Science Fiction
8974,Action
147,Drama
452244,Drama
452244,Comedy
916192,Animation
916192,Drama
916192,Romance
916192,Fantasy
916192,Science Fiction
9667,Drama
9667,Mystery
9667,Science Fiction
9667,Thriller
9667,Fantasy
12219,Drama
12219,TV Movie
15035,Animation
15035,Fantasy
15035,Science Fiction
15035,Adventure
32292,Horror
32292,Romance
309512,Drama
1495694,Romance
1495694,Drama
1745911,Documentary
1745911,Adventure
420814,Adventure
420814,Comedy
420814,Family
420814,Fantasy
157547,Horror
76617,Horror
76617,Thriller
73881,Comedy
73881,Drama
1126336,Thriller
1126336,Drama
13633,Crime
13633,Drama
13633,Thriller
359364,Documentary
45610,Action
45610,Thriller
45610,Crime
111934,Horror
111934,Crime
49009,Drama
49009,Adventure
49009,History
1643,Drama
1643,Romance
413644,Family
413644,Animation
413644,Comedy
413644,Adventure
413644,Science Fiction
107501,Comedy
107501,Adventure
683420,Drama
683420,Family
683420,Crime
10017,Action
10017,Science Fiction
8676,Adventure
8676,Romance
8676,Comedy
11862,Comedy
11862,Family
506,Thriller
506,Mystery
506,Romance
568091,Thriller
568091,Drama
227783,Animation
227783,Comedy
227783,Family
227783,Adventure
76649,Action
76649,Adventure
76649,History
76649,Romance
76649,Drama
72197,Animation
72197,Adventure
72197,Family
72197,Comedy
10303,Adventure
10303,Action
10303,Comedy
10303,Romance
339877,Animation
339877,Drama
339877,History
23023,Comedy
23023,Family
23023,Fantasy
2990,Thriller
2990,Drama
2990,Mystery
1750869,Documentary
245842,Fantasy
245842,Adventure
245842,Family
270774,Action
270774,Adventure
270774,Crime
270774,Comedy
10837,Adventure
10837,Animation
10837,Family
10837,Comedy
10837,Fantasy
534490,Crime
534490,Action
534490,Thriller
9040,Crime
9040,Drama
9040,History
11228,Action
11228,Adventure
11228,Thriller
1522380,Horror
1522380,Comedy
1522380,Romance
1749502,Unknown
1469930,Horror
1469930,Thriller
445651,Action
445651,Adventure
445651,Drama
1483,Fantasy
1483,Horror
657512,Animation
1309396,Comedy
1309396,Romance
1186532,Drama
1186532,Family
1318335,Drama
1318335,History
421029,Documentary
338947,Horror
338947,Thriller
274479,Drama
9882,Drama
9882,Action
9882,Thriller
9882,Crime
10589,Action
10589,Comedy
10589,Crime
10589,Drama
9531,Comedy
9531,Science Fiction
9531,Action
9531,Adventure
4961,Horror
4961,Science Fiction
886396,Animation
886396,Action
886396,Science Fiction
127690,Adventure
127690,Drama
9101,Comedy
590223,Adventure
590223,Comedy
590223,Fantasy
1752975,Drama
782007,Drama
782007,Thriller
782007,Horror
782007,Crime
83201,Adventure
83201,Animation
83201,Comedy
83201,Family
9433,Action
9433,Adventure
9433,Drama
243688,Horror
747600,Drama
747600,Family
308369,Drama
308369,Comedy
320956,Drama
22907,Action
22907,Crime
22907,Drama
22907,Thriller
167,Science Fiction
167,Drama
167,Mystery
1041513,Music
1041513,Documentary
624,Adventure
624,Drama
4105,Drama
4105,Action
4105,Thriller
11529,Comedy
11529,Romance
218746,Comedy
218746,Romance
15739,Comedy
15739,Drama
15739,Family
256040,Action
256040,Drama
11509,Western
11509,Action
11509,Drama
314483,Documentary
804370,Adventure
804370,Animation
804370,Family
804370,Science Fiction
337703,Animation
337703,Drama
337703,Fantasy
337703,Family
405882,Action
405882,Fantasy
405882,Horror
64720,Thriller
64720,Drama
64720,Horror
1753682,Drama
1753682,Romance
1037113,Comedy
1037113,Drama
1138515,Drama
581644,Action
581644,Thriller
297275,Drama
297275,Horror
297275,Romance
94348,Action
94348,Thriller
94348,Crime
94348,Mystery
379,Drama
379,Thriller
379,Crime
273186,History
273186,Documentary
273186,Mystery
10083,Thriller
10083,Drama
11878,Drama
11878,Thriller
13673,Comedy
13673,Family
68727,Thriller
68727,Crime
68727,Mystery
487242,Science Fiction
487242,Action
487242,Animation
487242,Fantasy
487242,Adventure
843847,Comedy
843847,Drama
11892,Crime
11892,Drama
11892,Thriller
1340715,Unknown
38051,Drama
14906,Animation
14906,Adventure
14906,Music
109491,Fantasy
109491,Drama
109491,Romance
26022,Drama
26022,Romance
10328,Comedy
10328,Science Fiction
10328,Mystery
10328,Drama
9762,Music
9762,Drama
9762,Romance
9762,Crime
8872,Comedy
8872,Music
392,Comedy
392,Drama
392,Romance
13939,Crime
13939,Drama
13939,Action
5511,Crime
5511,Thriller
5511,Drama
9942,Comedy
8831,Thriller
8831,Science Fiction
8831,Action
289720,Action
289720,Adventure
11078,Action
11078,Comedy
11078,Crime
84308,Drama
1147400,Animation
1147400,Family
1147400,Action
1147400,Adventure
1147400,Fantasy
466081,Drama
466081,Crime
466081,Thriller
1407885,Adventure
1407885,Drama
1407885,Family
1407885,Science Fiction
654754,Documentary
654754,Music
467909,Drama
467909,Romance
1623,Crime
1623,Drama
9460,Action
13933,Animation
13933,Family
13933,Music
13933,Comedy
10145,Thriller
10145,Mystery
10145,Science Fiction
17436,Drama
17436,Crime
17436,Thriller
234,Drama
234,Horror
234,Thriller
234,Crime
8092,Drama
882209,Action
882209,Thriller
64348,Action
64348,Comedy
64348,Crime
64348,Romance
64348,Science Fiction
64348,Thriller
1396965,Animation
1396965,Action
1396965,Mystery
1396965,Crime
14462,Thriller
14462,Drama
14462,Mystery
1155089,Animation
1155089,Science Fiction
1155089,Action
17529,Western
74534,Drama
74534,Comedy
303,Romance
303,Mystery
303,Thriller
382517,Animation
382517,Comedy
382517,Family
382517,Adventure
382517,TV Movie
9396,Adventure
9396,Comedy
11259,Adventure
11259,Drama
11259,Romance
11259,Western
42297,Drama
42297,Romance
34433,Animation
34433,Science Fiction
34433,Action
243938,Comedy
1381216,Horror
1381216,Comedy
1381216,Adventure
1182861,Drama
11033,Thriller
11033,Mystery
11033,Horror
145135,Science Fiction
145135,Thriller
145135,Horror
766110,Romance
766110,Drama
440472,Comedy
440472,Drama
13310,Horror
13310,Drama
176241,Action
176241,Drama
176241,Thriller
1114894,Science Fiction
1114894,Adventure
1114894,Action
426426,Drama
13002,Animation
13002,Family
41233,Drama
41233,Romance
228066,Drama
228066,Science Fiction
228066,Thriller
1693200,Documentary
179826,Mystery
179826,Thriller
1126720,Documentary
13151,Animation
13151,Mystery
13151,Family
13151,Horror
14191,Fantasy
14191,Romance
14191,Family
14191,Comedy
5550,Action
5550,Science Fiction
5550,Thriller
51482,TV Movie
51482,Crime
51482,Drama
51482,Fantasy
51482,Thriller
51482,Animation
13690,Adventure
13690,Animation
13690,Comedy
13690,Family
13690,TV Movie
60599,Drama
60599,Thriller
2619,Comedy
2619,Romance
2619,Fantasy
309886,Action
309886,Thriller
309886,Drama
59962,Action
59962,Comedy
59962,Romance
210479,Drama
210479,Thriller
173185,Comedy
10047,Adventure
10047,Drama
10047,Action
10047,History
10047,War
287424,Horror
287424,Drama
287424,Science Fiction
59843,Action
59843,Comedy
59843,Western
11041,Comedy
11041,Family
15400,Animation
15400,Family
15400,Comedy
10280,Fantasy
10280,Horror
20533,Western
20533,Fantasy
20533,Thriller
719870,Drama
1592947,Drama
467012,Horror
467012,Mystery
19384,Action
19384,Thriller
19384,Science Fiction
170522,Animation
170522,Comedy
170522,Adventure
170522,Family
14370,Comedy
14370,Romance
14370,Science Fiction
416153,Animation
416153,Adventure
416153,Comedy
882059,Crime
882059,Thriller
882059,Action
10660,Comedy
10660,Drama
10660,Romance
1752043,Science Fiction
1752043,Comedy
438864,Comedy
438864,Drama
8850,Fantasy
8850,Action
8850,Crime
8850,Adventure
11934,Comedy
11934,Drama
11934,Fantasy
2140,Action
2140,Crime
2140,Thriller
257094,Mystery
257094,Thriller
1480382,Drama
1480382,History
637920,Drama
551,Adventure
551,Drama
551,Thriller
8346,Comedy
8346,Drama
8346,Romance
1568597,Documentary
436931,Family
436931,Animation
436931,Adventure
436931,Fantasy
9909,Drama
1518121,Drama
1518121,Romance
651188,Horror
200505,Drama
12149,Drama
12149,Thriller
12149,Crime
760040,Comedy
760040,Adventure
760040,Drama
293,Drama
13313,Animation
13313,Fantasy
13313,Family
13313,Romance
11368,Crime
11368,Drama
11368,Thriller
680058,Documentary
680058,Drama
227719,Science Fiction
227719,Thriller
81796,Action
81796,Thriller
81796,Science Fiction
606856,Adventure
606856,History
606856,Drama
328387,Mystery
328387,Adventure
328387,Crime
42384,Comedy
42384,Fantasy
42384,Drama
426543,Family
426543,Fantasy
426543,Adventure
555285,Comedy
555285,Drama
866,Drama
866,Fantasy
526,Adventure
526,Comedy
526,Fantasy
419479,Comedy
419479,Horror
15653,Animation
15653,Family
15653,Comedy
339308,Thriller
169881,Adventure
169881,Drama
169881,History
1316147,Animation
1316147,Adventure
1316147,Comedy
1316147,Family
11890,Comedy
445761,Horror
1360829,Animation
1360829,Action
1360829,Science Fiction
1739320,Unknown
1571245,Thriller
1571245,Crime
1571245,Action
11517,Action
11517,Comedy
11517,Crime
571891,Animation
571891,Adventure
571891,Fantasy
571891,Action
571891,Family
1023656,Drama
1023656,Horror
832262,Mystery
832262,Thriller
22971,Drama
22971,Romance
22971,War
155999,War
155999,Drama
705861,Drama
705861,Comedy
454293,Comedy
352405,Comedy
859,Drama
859,Romance
927547,Drama
927547,Romance
11881,Comedy
11881,Drama
11881,Family
108450,Thriller
9696,Action
9696,Crime
9696,Horror
187022,Crime
187022,Drama
5590,Fantasy
5590,Comedy
5590,Music
5590,Romance
471507,Thriller
471507,Crime
471507,Drama
471507,Action
425980,Comedy
425980,Drama
785663,Western
785663,Action
785663,Drama
21191,Drama
21191,Action
21191,Thriller
21191,Crime
4370,Drama
4370,Comedy
1754857,Drama
16366,Family
16366,Animation
16366,Drama
14564,Horror
318883,Documentary
846214,Animation
846214,Comedy
846214,Family
9447,Family
9447,Adventure
9447,Comedy
9447,Drama
17927,Comedy
900684,Unknown
812096,Comedy
8272,Drama
8272,Comedy
10173,Action
10173,Crime
10173,Drama
10173,Thriller
746131,Drama
746131,Romance
27579,Crime
27579,Drama
27579,Thriller
208134,Comedy
1451344,Comedy
1451344,Action
1451344,Crime
1447917,Drama
1447917,Romance
806,Horror
806,Mystery
806,Thriller
36073,Horror
302720,Unknown
325348,Action
325348,Adventure
325348,Science Fiction
52505,Drama
1127767,Crime
1127767,Comedy
1127767,Drama
38322,Crime
38322,Comedy
38322,Action
13154,Action
13154,Comedy
13154,Crime
504,Crime
504,Drama
41210,Comedy
41210,Romance
41210,Drama
345188,Documentary
332107,Drama
581429,Music
581429,Documentary
1753361,Fantasy
1753361,Drama
70435,Action
70435,Thriller
70435,Drama
57687,Drama
57687,Thriller
11702,Action
11702,Crime
11702,Thriller
1700105,Documentary
9395,Action
9395,Crime
9395,Drama
9395,Mystery
9395,Thriller
64494,Action
64494,Adventure
64494,Comedy
64494,Crime
64494,Mystery
32527,Comedy
32527,Fantasy
32527,Horror
768,Horror
768,Mystery
768,Thriller
1568423,Animation
1568423,Drama
1568423,Horror
17422,Drama
17422,Romance
10395,Horror
10395,Drama
10395,Romance
665032,Horror
665032,Thriller
665032,Mystery
665032,Science Fiction
111083,Thriller
111083,Mystery
526024,Drama
9607,Adventure
9607,Fantasy
9607,Comedy
9607,Family
14254,Horror
11678,Adventure
11678,Action
11678,Thriller
9825,Horror
9825,Comedy
9825,Action
9825,Science Fiction
9825,Thriller
608845,Action
608845,Comedy
608845,Drama
578404,Thriller
868899,Documentary
37786,Comedy
37786,Drama
37786,Romance
11236,Drama
11236,Family
11236,Fantasy
1749518,Unknown
73465,Unknown
9710,Adventure
9710,Action
9710,Comedy
9710,Mystery
86825,Drama
86825,Horror
86825,Thriller
961,Comedy
961,War
961,Romance
1018308,Romance
361292,Horror
361292,Mystery
361292,Drama
3083,Comedy
3083,Drama
881727,Drama
10718,Action
10718,Comedy
10718,Crime
556901,Action
556901,Animation
556901,Comedy
556901,Family
556901,Fantasy
556901,Science Fiction
4929,Western
4929,Drama
3116,Drama
422803,Family
422803,Comedy
422803,Adventure
422803,Animation
422803,Science Fiction
1630433,Thriller
1630433,Crime
1630433,Drama
6038,Adventure
6038,Comedy
6038,Western
11096,Horror
11096,Mystery
339396,Comedy
339396,Action
6171,Drama
6171,Horror
6171,Science Fiction
6171,Thriller
157845,Crime
157845,Drama
922,Drama
922,Fantasy
922,Western
229,Horror
229,Science Fiction
13051,Crime
13051,Action
13051,Drama
15417,Comedy
15417,Adventure
15417,Drama
376570,Horror
376570,Thriller
10024,Drama
324670,Science Fiction
324670,Thriller
324670,Action
11165,War
11165,History
11165,Drama
558915,Drama
19457,Crime
19457,Drama
19457,Thriller
1212855,Action
1212855,Comedy
1212855,Thriller
605722,Science Fiction
605722,Comedy
605722,Action
864,Comedy
864,Adventure
864,Drama
726684,Animation
726684,Family
726684,Action
726684,Adventure
726684,Fantasy
1401406,Documentary
30421,Fantasy
30421,Action
807978,Unknown
1160018,Action
1160018,Crime
1160018,Thriller
1160018,Drama
654,Crime
654,Drama
654,Romance
567811,Animation
567811,Comedy
567811,Family
567811,Fantasy
412190,Drama
412190,Comedy
412190,Romance
397422,Drama
397422,Comedy
386716,Romance
832502,Animation
832502,Fantasy
832502,Adventure
832502,Family
832502,Comedy
411301,Crime
411301,Thriller
567646,Action
567646,Comedy
567646,Crime
10451,Comedy
10451,Drama
10451,Romance
1511417,Action
1511417,Drama
191728,Documentary
428688,Fantasy
775996,Thriller
775996,Action
775996,Science Fiction
1705729,Action
1705729,Thriller
1705729,War
278986,Drama
6623,Action
6623,Thriller
594151,Documentary
1647,Action
1647,Thriller
399019,Drama
449992,Action
449992,Crime
449992,Thriller
397691,History
397691,Drama
757725,Action
757725,Thriller
732450,Animation
732450,Action
732450,Adventure
732450,Crime
9886,Science Fiction
9886,Action
9886,Adventure
43923,Comedy
43923,Drama
43923,Romance
10185,Horror
10185,Mystery
10185,Fantasy
679161,Documentary
679161,Crime
679161,History
458098,Documentary
1642,Crime
1642,Drama
1642,Mystery
1642,Thriller
1642,Action
1156125,Drama
439015,Horror
439015,Mystery
439015,Thriller
89644,Thriller
89644,Horror
89644,War
11545,Comedy
11545,Drama
8665,Drama
8665,History
8665,Thriller
8665,Mystery
8665,War
15137,Animation
15137,Science Fiction
15137,Action
15137,Drama
1052280,Comedy
1052280,Mystery
1052280,Science Fiction
17445,Action
17445,Adventure
17445,Science Fiction
17445,Animation
10481,Family
10481,Comedy
132225,Animation
132225,Comedy
132225,Family
132225,Fantasy
10027,Action
10027,Crime
1249508,Horror
1249508,Thriller
1249508,Drama
54989,Drama
54989,History
1858,Adventure
1858,Science Fiction
1858,Action
961323,Animation
961323,Family
961323,Fantasy
961323,Adventure
961323,Science Fiction
961323,Action
1662432,Documentary
442630,Drama
17692,Thriller
17692,Horror
10206,Action
10206,Comedy
10206,Horror
935885,Romance
935885,Science Fiction
935885,Adventure
8390,Comedy
8390,Romance
1003580,Animation
1003580,Science Fiction
1003580,Action
340674,Drama
340674,Thriller
334298,Comedy
334298,Fantasy
334298,Adventure
1466120,Thriller
1466120,Romance
1466120,Mystery
10729,Comedy
10729,Crime
8833,Action
8833,Comedy
8675,Comedy
1001884,Fantasy
1001884,Family
1001884,Comedy
524251,Horror
524251,Thriller
524251,Mystery
1380898,Drama
1380898,Romance
551929,Unknown
19458,Family
19458,TV Movie
19458,Comedy
19458,Drama
1078600,Romance
1078600,Drama
9417,Action
9417,Adventure
9417,Comedy
129670,Drama
129670,Adventure
10925,Comedy
10925,Horror
10925,Science Fiction
9975,Adventure
9975,Animation
9975,Comedy
9975,Family
2124,Romance
2124,Mystery
2124,Thriller
690965,Documentary
762968,Comedy
762968,Thriller
762968,Romance
10678,Comedy
10678,Drama
844,Drama
844,Science Fiction
844,Romance
12154,Comedy
26123,Comedy
9404,Action
9404,Adventure
9404,Comedy
9404,Crime
9404,Drama
9404,Thriller
618416,Drama
13648,Animation
13648,Horror
13648,Action
13648,Science Fiction
10851,Drama
10851,Thriller
10851,Crime
10851,Mystery
945937,Action
945937,Crime
945937,Drama
206957,Music
206957,Comedy
37645,Drama
37645,Crime
37645,Thriller
438808,Crime
438808,Drama
1755094,Unknown
1362315,Horror
1362315,Thriller
1576198,Drama
799546,Drama
799546,Thriller
799546,Mystery
912480,Thriller
912480,Crime
832964,History
832964,Drama
832964,War
16290,Comedy
16290,Documentary
16290,Action
4543,Comedy
744148,Drama
183011,Animation
183011,Action
183011,Science Fiction
5722,Comedy
5722,Drama
5722,Music
2669,Action
2669,Drama
2669,History
974453,Action
974453,Crime
974453,Thriller
974453,Mystery
1211776,Thriller
1211776,Crime
1211776,Drama
350031,Unknown
302688,Comedy
302688,Romance
3085,Comedy
3085,Romance
634429,Action
634429,Science Fiction
8388,Comedy
8388,Western
8388,Action
1290182,Romance
1290182,Drama
1290182,Comedy
22073,Crime
22073,Drama
82881,Animation
82881,Comedy
82881,Action
82881,Family
1015606,Documentary
404,Drama
404,Adventure
351211,Thriller
351211,Horror
20544,TV Movie
20544,Drama
2179,Comedy
2179,Music
2179,Fantasy
2179,Adventure
500739,Drama
458253,Family
458253,Animation
458253,Comedy
458253,Adventure
458253,Action
269271,Drama
9035,Horror
9035,Science Fiction
9035,Comedy
463598,Animation
649409,Crime
649409,Thriller
20856,Adventure
20856,Comedy
20856,Family
20856,Fantasy
20856,Science Fiction
61807,Drama
61807,Romance
241254,Thriller
241254,Action
1880,Action
1880,Thriller
1880,War
1880,Drama
9103,Action
9103,Adventure
9103,Drama
559581,Science Fiction
559581,Drama
559581,Thriller
124459,Comedy
1392469,Romance
1392469,Comedy
583903,Drama
583903,Romance
19277,Action
19277,Drama
19277,Thriller
783,Drama
783,History
565310,Comedy
565310,Drama
10911,Adventure
10911,Drama
10911,War
16281,Horror
16281,Comedy
16,Drama
16,Crime
1658209,Drama
1658209,Romance
530382,Science Fiction
530382,Thriller
574060,Action
574060,Crime
574060,Thriller
1495723,Drama
8997,Horror
8997,Thriller
8997,Science Fiction
20539,Drama
20539,History
1195803,Romance
1195803,Fantasy
1195803,Comedy
1047041,Animation
1047041,Action
1047041,Crime
1047041,Mystery
188207,Action
188207,Adventure
10489,Drama
10489,Horror
910571,Drama
910571,Thriller
910571,Romance
418680,Family
418680,History
418680,Drama
23538,Crime
23538,Drama
23538,Action
2266,Drama
2266,Romance
8012,Comedy
8012,Thriller
8012,Crime
29917,Thriller
29917,Mystery
447330,Documentary
265712,Animation
265712,Adventure
265712,Science Fiction
265712,Drama
265712,Family
265712,Fantasy
9703,Action
9703,Adventure
9703,Fantasy
9703,War
71,Drama
71,Comedy
71,Music
1754412,Horror
18672,Action
18672,Fantasy
18672,Adventure
422,Drama
9566,Thriller
9566,Action
9566,Drama
547565,Horror
547565,Mystery
437068,Action
437068,Drama
437068,History
12521,Horror
12521,Thriller
1233728,Romance
13680,Comedy
13680,Family
1199399,Drama
1199399,Romance
1199399,Comedy
360784,Thriller
360784,Horror
9292,Action
9292,Adventure
9292,Comedy
6520,Action
6520,Adventure
6520,Drama
6520,Romance
381341,Drama
631517,Drama
9766,Crime
9766,Drama
38363,Drama
38363,Thriller
11008,Adventure
11008,Comedy
11008,Family
5902,Drama
5902,History
5902,War
19840,Comedy
19840,Romance
542288,Drama
239563,Comedy
33997,Drama
13691,Animation
13691,Family
11974,Comedy
11974,Horror
11974,Thriller
257346,Animation
257346,Science Fiction
257346,Action
1194963,Horror
1194963,Thriller
9728,Horror
9728,Thriller
77951,Animation
77951,Family
77951,Adventure
16094,Comedy
167032,Horror
167032,Thriller
571125,Unknown
1139566,Romance
1139566,Drama
1139566,Comedy
1571594,Horror
1571594,Thriller
869741,Drama
869741,Music
193610,Comedy
193610,Romance
4281,Thriller
4281,Crime
4281,Mystery
4281,Drama
1254624,Drama
1254624,Crime
1254624,Thriller
1061798,Animation
1061798,Comedy
9884,Action
9884,Thriller
9884,Drama
340402,Comedy
340402,Drama
18480,Comedy
964960,Romance
964960,Drama
11891,Comedy
11891,Action
11891,Adventure
5820,Action
5820,Thriller
5820,Crime
513736,Animation
513736,Family
513736,Action
513736,Comedy
12150,Crime
12150,Drama
12150,Romance
2116,Thriller
2116,Crime
2116,Drama
631708,Unknown
10447,Action
10447,Drama
10447,Science Fiction
10447,Thriller
2103,Drama
2103,Science Fiction
2103,Mystery
228194,Drama
228194,Comedy
299,Crime
299,Comedy
299,Thriller
1117898,Animation
1117898,Comedy
1117898,Adventure
1117898,Fantasy
1117898,Family
72571,Horror
72571,Mystery
75674,Action
75674,Thriller
75674,War
7520,Romance
7520,Drama
7520,Comedy
5336,Horror
5336,Drama
11916,Western
168903,Animation
168903,Family
4808,Comedy
4808,Mystery
4808,Romance
3604,Science Fiction
3604,Adventure
3604,Action
9030,Drama
9030,Horror
9030,Thriller
9663,Science Fiction
9663,Drama
9663,Romance
850920,Horror
850920,Comedy
9530,Family
9530,Comedy
9530,Adventure
1262815,Comedy
1262815,Drama
1262815,Music
2642,Romance
2642,Comedy
413387,Unknown
430231,Science Fiction
430231,Horror
430231,Thriller
406761,Science Fiction
406761,Crime
406761,Action
406761,Thriller
406761,Drama
13490,Comedy
13490,Drama
13490,Family
614587,Adventure
614587,Animation
614587,Comedy
614587,Crime
614587,Mystery
2155,Thriller
2155,Action
2155,Crime
773185,Unknown
1001811,Comedy
1001811,Romance
48340,Action
48340,Thriller
11092,Mystery
11092,Crime
11092,Thriller
1248251,Comedy
1248251,Drama
13683,Animation
13683,Family
13683,Adventure
713607,Romance
1188482,Unknown
419116,Drama
419116,Romance
10329,Action
10329,Adventure
10329,Science Fiction
611914,Action
611914,Thriller
611914,Adventure
611914,Crime
16672,Drama
16672,Thriller
24150,Horror
14435,Horror
14435,Thriller
4032,Comedy
4032,Drama
11576,Adventure
11576,Comedy
11576,Crime
53565,Animation
53565,Comedy
8491,Comedy
8491,Crime
1371185,Music
1371185,Romance
1371185,Drama
82424,Animation
82424,Comedy
82424,Family
82424,Adventure
1753467,Drama
42941,Horror
42941,Thriller
476292,Animation
476292,Drama
476292,Fantasy
1059128,Drama
1059128,Romance
1092329,Family
1092329,Drama
766475,Mystery
766475,Comedy
766475,Crime
463329,Documentary
13830,Action
13830,Adventure
13830,Crime
13830,Drama
13184,Action
13184,Crime
13184,Thriller
9087,Drama
9087,Romance
219318,Comedy
87826,Comedy
87826,Action
87826,Drama
4836,Drama
4836,Thriller
4836,Crime
705,Drama
814338,Drama
814338,Romance
67198,Drama
67198,Romance
134597,Horror
134597,Thriller
429474,Drama
1499,Action
1499,Adventure
1499,Comedy
1499,Family
1499,Fantasy
1499,Science Fiction
9386,Action
9386,Drama
9386,Thriller
9386,Crime
9386,Mystery
9029,Comedy
9029,Romance
1613,Thriller
1613,Action
1613,Comedy
1613,Crime
231164,Drama
231164,Crime
8838,Action
8838,Crime
8838,Drama
8838,Thriller
109431,Comedy
109431,Crime
806704,Mystery
806704,Drama
806704,Crime
8984,Thriller
8984,Drama
8984,Crime
9304,Comedy
9304,Fantasy
9304,Science Fiction
9304,Romance
645757,Animation
645757,Comedy
645757,Family
645757,Fantasy
645757,Adventure
8408,Horror
8408,Drama
8408,Mystery
1293162,Crime
1293162,Thriller
1293162,Western
1293162,Action
10535,Comedy
10535,Action
842942,Crime
842942,Drama
842942,Thriller
1751503,Documentary
605116,Action
605116,Crime
605116,Science Fiction
605116,Thriller
736732,Drama
11812,Romance
11812,Comedy
672582,Horror
672582,Mystery
89492,Comedy
95610,Drama
95610,Comedy
95610,Romance
6646,Adventure
6646,Family
16664,Drama
16664,Crime
11880,Horror
11880,Action
11880,Thriller
2055,Western
1683,Horror
923939,Fantasy
923939,Adventure
923939,Drama
1307373,Crime
1307373,Drama
1307373,Thriller
894169,Action
894169,Crime
13291,Drama
13291,Action
13291,Thriller
13291,Crime
14166,Comedy
929563,Animation
929563,Family
929563,Comedy
929563,TV Movie
929563,Science Fiction
929563,Adventure
1130022,Crime
1130022,Drama
1130022,Thriller
1739186,Documentary
713364,Horror
713364,Mystery
713364,Thriller
522518,Family
522518,Adventure
522518,Drama
268920,Action
268920,Comedy
10906,Horror
354216,Horror
354216,Thriller
180894,Action
180894,Crime
180894,Thriller
62630,Drama
62630,Action
62630,Thriller
62630,Crime
62630,War
4643,Action
4643,Adventure
4643,Drama
1001414,Horror
1001414,Mystery
823625,Action
823625,Thriller
823625,Adventure
891,Drama
891,Mystery
891,Thriller
123109,Horror
123109,Thriller
1195631,Action
1195631,Adventure
1195631,Drama
1195631,History
16690,Adventure
16690,Fantasy
16690,Animation
16690,Family
15357,Action
15357,Thriller
15357,Crime
526007,Thriller
526007,Crime
526007,Drama
1469354,Action
1469354,Thriller
512196,Comedy
512196,Horror
512196,Science Fiction
463570,Drama
581852,Comedy
581852,Romance
1397201,Action
1397201,Drama
1397201,History
1397201,Adventure
1245833,Music
1359685,Thriller
1359685,Horror
528549,Romance
9488,Family
9488,Action
9488,Adventure
9488,Comedy
9488,Science Fiction
1323784,Thriller
1323784,Drama
1323784,Romance
636706,Science Fiction
636706,Adventure
636706,Drama
738652,Thriller
738652,Crime
738652,Action
93828,Action
93828,Adventure
93828,Crime
571055,Horror
571055,Thriller
571055,TV Movie
10435,Drama
758537,Unknown
1203329,Animation
1203329,Fantasy
1203329,Action
6081,Comedy
6081,Crime
6081,Mystery
12122,Thriller
12122,Horror
12122,Science Fiction
347671,Drama
100241,Horror
100241,Thriller
72477,Drama
72477,Thriller
72477,Crime
38303,Comedy
38303,Romance
9623,Thriller
9623,Crime
9706,Fantasy
9706,Horror
9706,Mystery
9706,Thriller
643215,Family
643215,Comedy
643215,Adventure
643215,Fantasy
9494,Comedy
9494,Romance
480672,Drama
379291,Science Fiction
379291,Action
379291,Animation
9932,Comedy
9932,Crime
11299,Action
11299,Animation
11299,Science Fiction
347031,Comedy
347031,Drama
347031,Romance
347031,Fantasy
347031,Adventure
31602,Crime
31602,Drama
1317088,Science Fiction
1317088,Drama
1317088,Thriller
10396,Thriller
10396,Crime
10396,Romance
416234,Horror
416234,Thriller
1737989,Music
467824,Science Fiction
467824,Action
467824,Thriller
467824,Drama
12094,Action
12094,Comedy
12094,Documentary
8409,Action
8409,Drama
8409,Crime
5551,Action
5551,Adventure
5551,Thriller
10647,Drama
4474,Comedy
4474,Science Fiction
4474,Romance
492101,Drama
492101,Romance
1249,Crime
1249,Drama
1249,Mystery
1749317,Unknown
576784,Adventure
576784,Fantasy
533444,Romance
533444,Drama
1002185,Drama
1002185,History
1610840,Comedy
1610840,Romance
1610840,Family
68924,Drama
307663,Thriller
307663,Science Fiction
307663,Action
307663,Adventure
633604,Horror
633604,Comedy
44244,Comedy
44244,Music
44244,TV Movie
1693436,TV Movie
1693436,Romance
415561,Music
415561,Adventure
415561,Comedy
10314,Comedy
10314,Romance
7229,Comedy
7229,Crime
171713,Drama
11442,Horror
11442,Thriller
408648,Adventure
408648,Animation
408648,Comedy
408648,Crime
408648,Action
396900,Documentary
386874,Drama
306215,Unknown
275331,Documentary
146223,Mystery
146223,Drama
146223,Crime
146223,Thriller
10466,Comedy
10466,Romance
1232667,Drama
2539,Drama
2539,Comedy
2539,Romance
1489931,Drama
1489931,Horror
1489931,Fantasy
1489931,Thriller
426563,Comedy
426563,Mystery
426563,Crime
10339,Adventure
10339,Drama
8873,Comedy
8873,Music
10400,Drama
12277,Action
12277,Comedy
614696,Action
614696,Horror
614696,Science Fiction
1093995,Action
1093995,Thriller
10876,Drama
14337,Science Fiction
14337,Drama
14337,Thriller
261392,Action
261392,Comedy
501,Documentary
254473,Action
254473,Crime
254473,Drama
11113,Comedy
11113,Romance
11113,Music
1104586,Action
932420,Science Fiction
932420,Action
932420,Crime
649668,Documentary
457232,Drama
457232,History
405892,Comedy
405892,Drama
9064,Horror
9064,Thriller
1165369,History
1165369,Drama
450162,Romance
1631,Romance
1631,Drama
11820,Drama
11820,History
11820,Romance
255343,Thriller
255343,Romance
643532,Drama
643532,Thriller
643532,Crime
4169,Drama
4169,Thriller
4169,Crime
4169,History
13394,Adventure
13394,Animation
13394,Comedy
13394,Fantasy
13394,Family
1048923,Comedy
1048923,Drama
6023,Drama
6023,Romance
32823,Adventure
32823,Comedy
32823,Music
485681,Comedy
1996,Adventure
1996,Action
1996,Fantasy
1662317,Documentary
1662317,Crime
1247601,Drama
1247601,Music
10538,Action
10538,Adventure
10538,Thriller
332,Action
332,Adventure
332,Comedy
332,Family
522417,Action
522417,Adventure
522417,Fantasy
1688,Action
1688,Science Fiction
415826,Drama
415826,Horror
415826,Thriller
780,Drama
780,History
42994,Fantasy
42994,Animation
42994,Science Fiction
55465,Comedy
287722,Documentary
10160,Horror
10160,Thriller
13004,Animation
13004,Family
1445276,Romance
1445276,Animation
597890,Science Fiction
597890,Thriller
2759,Drama
2759,Comedy
506281,Romance
506281,Drama
506281,Western
1043446,Fantasy
157849,Thriller
142061,Science Fiction
142061,Action
142061,Animation
142061,Mystery
10537,Music
10537,Drama
445954,Thriller
445954,Action
445954,Drama
1155828,Drama
10868,Crime
10868,Drama
1151334,Action
1151334,Comedy
1151334,Crime
1151334,Drama
1151334,Thriller
438747,Adventure
438747,Animation
438747,Comedy
438747,Family
438747,Fantasy
438747,TV Movie
227700,Thriller
227700,Drama
11298,Horror
1662,Drama
1662,Crime
1662,Thriller
299820,Documentary
41215,Drama
41215,History
41215,Horror
10413,Action
10413,Drama
10413,Thriller
12090,Romance
12090,Comedy
167073,Drama
167073,History
167073,Romance
523139,Horror
595413,Documentary
1215532,Animation
1215532,Adventure
1215532,Comedy
1215532,Family
427719,Documentary
1750744,Unknown
34179,Drama
34179,Action
34179,Thriller
990412,Unknown
928270,Thriller
928270,Drama
228205,Drama
228205,Romance
9454,Drama
9454,Romance
9454,Comedy
80280,Horror
1551,Drama
1551,Science Fiction
1551,Horror
321757,Comedy
64685,Drama
45722,Drama
45722,Romance
230179,Action
230179,Adventure
230179,Thriller
230179,Comedy
24873,Action
24873,Crime
24873,Drama
24873,Thriller
463173,Music
11835,Action
11835,Crime
11835,Drama
11835,Thriller
1623568,Action
1623568,Adventure
1623568,Science Fiction
211387,Adventure
211387,Action
211387,Science Fiction
10975,Action
10975,Adventure
10975,Crime
10975,Thriller
9948,Adventure
9948,Animation
9948,Comedy
9948,Family
1400357,Crime
1400357,Comedy
403092,Documentary
11439,Thriller
11439,Mystery
284536,Thriller
284536,Crime
284536,Drama
702525,Animation
702525,Adventure
702525,Family
505600,Comedy
35056,Comedy
35056,Action
35056,Adventure
688302,Romance
10157,Comedy
10157,Crime
60747,Action
60747,Thriller
367056,Drama
862965,Crime
862965,Drama
862965,Thriller
381138,Drama
1049762,Documentary
371462,Drama
1568027,Comedy
1244557,Music
48572,Horror
48572,Action
48572,Thriller
1587964,Drama
1587964,Action
68812,Thriller
68812,Crime
68812,Drama
81803,Drama
81803,Romance
81803,Comedy
301875,Drama
301875,Romance
301875,Science Fiction
537971,Drama
8489,Drama
15577,Crime
15577,Drama
391907,Romance
257943,Unknown
14136,Comedy
14136,Family
14136,Fantasy
129123,Horror
5,Comedy
877183,Animation
877183,Comedy
877183,Fantasy
20083,Drama
20083,Action
20083,Thriller
20083,Crime
763164,Action
763164,Thriller
763164,Science Fiction
614,Drama
1420733,Horror
1420733,Thriller
391926,Drama
808023,Thriller
808023,Crime
808023,Action
1040159,Documentary
494407,Animation
494407,Family
494407,Adventure
494407,Fantasy
38319,Comedy
38319,Fantasy
38319,Adventure
38319,Action
38319,Romance
505707,Drama
505707,History
256730,Drama
12088,Action
12088,Thriller
12088,Science Fiction
7249,Animation
7249,Comedy
7249,Science Fiction
7249,Romance
2196,Comedy
2196,Drama
3603,Horror
3603,Comedy
1410082,Action
1410082,Thriller
13962,Comedy
13962,Family
3036,Drama
3036,Horror
3036,Science Fiction
3036,Romance
11533,Adventure
11533,Family
11533,Fantasy
647,Animation
647,Action
647,Adventure
647,Fantasy
647,Science Fiction
886921,Action
6620,Comedy
6620,Romance
6620,Drama
67171,Animation
67171,Comedy
96724,Drama
96724,Romance
96724,History
140638,Comedy
13335,Comedy
13335,Adventure
6522,Comedy
6522,Crime
662702,Romance
415541,Comedy
415541,Drama
1227877,Comedy
1227877,Science Fiction
1227877,Crime
11979,Fantasy
11979,Horror
11979,Romance
10488,Adventure
10488,Comedy
10488,Family
10488,Fantasy
11425,Adventure
11425,Comedy
11425,Family
11425,Science Fiction
9455,Action
9455,Crime
9455,Thriller
9455,Drama
1616268,Horror
1616268,Thriller
12085,Comedy
12085,Action
12085,Crime
396,Drama
3902,Drama
3902,Music
24405,Comedy
24405,Romance
9410,Comedy
9410,Drama
9410,Romance
395458,Thriller
395458,Crime
395458,Drama
395458,Mystery
1339876,Action
1339876,Crime
1339876,Thriller
932086,Western
932086,Drama
454227,Action
454227,History
454227,War
9701,Drama
9443,Drama
9443,History
1241755,Drama
13922,Action
13922,History
13922,War
1626188,Documentary
447543,Documentary
1099639,Romance
1099639,Drama
637787,Drama
14533,Romance
14533,Drama
521122,Documentary
440703,Comedy
123338,Comedy
123338,Romance
123338,Drama
1731494,Documentary
9270,Drama
9270,Mystery
9270,Crime
326359,Animation
326359,Family
326359,Comedy
326359,Fantasy
1337562,Comedy
1337562,Romance
489243,Thriller
489243,Drama
986054,Comedy
1209290,Animation
1209290,Science Fiction
1209290,Action
1519320,Unknown
24804,Comedy
24804,Action
9516,Drama
9516,Crime
9516,Thriller
615904,Romance
615904,Comedy
615904,Music
1752242,Drama
1752242,Thriller
67342,Action
67342,Comedy
67342,Horror
11202,War
11202,Drama
11202,History
1725116,Animation
1725116,Comedy
1725116,Crime
464889,Action
2575,Drama
2575,Thriller
396461,Crime
396461,Drama
396461,Mystery
554241,Family
554241,Comedy
13150,Crime
13150,Drama
13150,Mystery
13150,Thriller
12117,Drama
12117,Thriller
505948,Science Fiction
505948,Thriller
10877,Action
10877,Crime
10877,Thriller
883,Comedy
883,Drama
1077347,Unknown
945694,Drama
945694,Romance
17467,Action
17467,Science Fiction
17467,Horror
28874,Animation
28874,Science Fiction
276624,Action
276624,Horror
276624,Drama
489925,Comedy
489925,Drama
270010,Comedy
270010,Drama
164457,Thriller
164457,Drama
164457,Crime
455839,Science Fiction
455839,Adventure
668482,Family
668482,Comedy
668482,Fantasy
11393,Drama
440762,Comedy
440762,Action
440762,Adventure
756361,Documentary
4255,Comedy
4255,Drama
239529,Animation
239529,Action
239529,Thriller
8286,Crime
8286,Drama
8286,Thriller
1639,Action
1639,Thriller
48231,Drama
405775,War
405775,Thriller
405775,Drama
405775,Action
1119090,Animation
1119090,Fantasy
1119090,Horror
1119090,Adventure
1119090,Family
706503,Action
706503,Thriller
706503,Crime
706503,Drama
99,Comedy
99,Drama
174,Science Fiction
174,Action
174,Adventure
174,Thriller
11797,Comedy
11797,Horror
2018,Comedy
2018,Romance
23730,Horror
23730,Science Fiction
1021579,Romance
1021579,Drama
605804,Horror
605804,Mystery
605804,Thriller
10436,Drama
10436,Romance
460555,Action
460555,Thriller
460555,War
460555,Adventure
1687,Action
1687,Science Fiction
37933,Animation
37933,Fantasy
37933,Adventure
739466,Unknown
20771,Animation
20771,Adventure
20771,Family
20771,Action
20771,Comedy
20771,Science Fiction
20771,TV Movie
535,Drama
535,Romance
294793,Thriller
294793,Mystery
520172,Romance
520172,Comedy
1712587,Drama
121875,Comedy
121875,Drama
121875,Mystery
121875,Thriller
185261,Drama
185261,Comedy
976419,Comedy
976419,Drama
1134463,Romance
1134463,Thriller
1134463,Drama
9333,Action
9333,Crime
9333,Drama
9333,Western
914215,Horror
914215,Science Fiction
914215,Thriller
419478,Romance
419478,Drama
83771,Documentary
83771,Mystery
316152,Action
316152,Drama
316152,History
316152,War
283454,Drama
283454,War
283454,Fantasy
12140,Animation
12140,Drama
12140,Science Fiction
8999,Drama
8999,Thriller
419835,Mystery
419835,Crime
419835,Thriller
124157,Action
124157,Crime
12227,Action
12227,Adventure
12227,Drama
12227,Family
72358,Drama
72358,Comedy
72358,Fantasy
28422,Comedy
28422,Drama
28422,Romance
971606,Drama
971606,Family
38142,Animation
38142,Romance
38142,Drama
1108211,Mystery
1108211,Crime
1108211,Thriller
7007,Action
7007,Drama
7007,Thriller
1437511,Crime
1437511,Thriller
36819,Family
36819,Fantasy
36819,Science Fiction
36819,Adventure
36819,Comedy
802663,Unknown
44729,Action
44729,Animation
44729,Comedy
44729,Adventure
44729,Fantasy
10747,Western
28118,Animation
28118,Family
28118,TV Movie
761053,Romance
761053,Drama
9558,Thriller
9558,Crime
20763,Drama
92060,Horror
92060,Music
92060,Thriller
38643,Documentary
38643,History
1701775,Unknown
907,Drama
907,Romance
907,War
913673,Horror
913673,Drama
262841,Action
262841,Comedy
262841,Science Fiction
10021,Comedy
1589888,Thriller
576712,Documentary
9788,Comedy
625064,Drama
625064,Romance
2289,War
2289,History
2289,Adventure
2289,Romance
146238,Crime
146238,Thriller
146238,Drama
9560,Drama
9560,Romance
3600,Horror
3600,Mystery
3600,Thriller
1613789,Action
1613789,Adventure
1613789,Science Fiction
360107,Unknown
397500,Drama
509730,Family
509730,Animation
509730,Comedy
9080,Comedy
9080,Adventure
2056,Drama
2056,Comedy
509733,Animation
509733,Adventure
509733,Comedy
509733,Family
992003,Unknown
370365,Horror
59861,Comedy
59861,Romance
59861,Drama
957304,Comedy
957304,Crime
9538,Science Fiction
9538,Horror
527660,Drama
527660,Comedy
338676,Horror
338676,Science Fiction
338676,Thriller
1232493,Documentary
431530,Comedy
24740,Horror
24740,Mystery
24740,Thriller
12919,Comedy
12919,Romance
793313,Science Fiction
11357,Horror
11357,Thriller
1033462,Action
1033462,Adventure
1033462,Science Fiction
1751002,Comedy
1751002,Drama
10577,Horror
2067,Science Fiction
2067,Adventure
2067,Mystery
722860,Documentary
326,Action
326,Adventure
326,Crime
326,Horror
326,Thriller
2114,Action
2114,Adventure
2114,Animation
2114,Fantasy
2114,Science Fiction
934641,Thriller
934641,Crime
934641,Drama
11646,War
11646,History
11646,Drama
16907,Comedy
16907,Action
16907,Animation
16907,Adventure
3432,Crime
3432,Thriller
4349,Thriller
4349,Action
4349,Drama
254981,Drama
44982,Drama
44982,Thriller
960139,Drama
960139,Comedy
960139,Fantasy
1650804,Romance
1650804,Drama
449756,Drama
449756,Thriller
2395,Fantasy
2395,Adventure
2395,Comedy
2395,Family
717980,Crime
717980,Thriller
1746465,TV Movie
1746465,Comedy
228970,Drama
1500099,Animation
1500099,Family
1500099,Drama
1500099,Fantasy
291881,Animation
291881,Adventure
291881,Comedy
199373,Thriller
199373,Crime
44945,Crime
44945,Drama
44945,Thriller
1883,Drama
1883,History
432301,History
432301,Drama
432301,Thriller
33273,Action
33273,Thriller
33273,Drama
13156,Family
13156,Comedy
13156,Drama
1684226,Comedy
1684226,Romance
1684226,Family
1413097,Documentary
353618,Documentary
2525,Adventure
2525,History
2525,Drama
13416,Drama
10664,Thriller
10664,Horror
1249562,Comedy
1249562,Romance
16161,Crime
16161,Drama
16161,Romance
16161,Thriller
523777,Animation
523777,Action
523777,Adventure
523777,Comedy
523777,Family
523777,Science Fiction
877,Crime
877,Action
877,Drama
877,Thriller
1741690,Drama
1741690,History
1741690,Comedy
1211472,Thriller
1211472,Drama
1211472,History
639412,Romance
863873,Mystery
863873,Science Fiction
863873,Thriller
9357,Drama
9357,Thriller
9945,Action
9945,Fantasy
9945,Horror
9038,Comedy
9038,Romance
9576,Comedy
9576,Romance
999644,Comedy
999644,Drama
55341,Horror
17100,Horror
17100,Science Fiction
17100,Thriller
17100,Action
17100,TV Movie
23943,Comedy
10991,Adventure
10991,Fantasy
10991,Animation
10991,Action
10991,Family
1130276,Horror
1130276,Thriller
1426964,Action
1426964,Thriller
1426964,Crime
1426964,Drama
10861,Action
10861,Thriller
10861,Crime
8870,Thriller
8870,Action
8870,Science Fiction
1244944,Horror
1244944,Mystery
1244944,Fantasy
6280,Comedy
6280,Science Fiction
41387,Action
41387,Comedy
29979,Action
29979,Thriller
29979,Crime
29979,Horror
504827,Animation
504827,Comedy
504827,Crime
504827,Mystery
376134,Drama
376134,Romance
376134,Science Fiction
376134,Thriller
376134,Mystery
67395,Action
67395,Thriller
12403,Thriller
12403,Mystery
12403,Adventure
18190,Drama
18190,Mystery
18190,Thriller
78383,Horror
78383,Thriller
430040,Action
430040,Adventure
430040,Crime
430040,Thriller
315846,Drama
8193,Comedy
269,Drama
269,Crime
269,Romance
1440718,Documentary
1440718,Music
806368,Drama
18129,Crime
18129,Drama
15139,Family
15139,Fantasy
15139,Animation
43552,Mystery
43552,Horror
43552,Thriller
1306816,Comedy
1306816,Drama
10547,Science Fiction
10547,Thriller
10547,Mystery
1382406,Action
1382406,Crime
1382406,Thriller
1382406,Drama
758949,Comedy
7183,Thriller
7183,Crime
7183,Mystery
11167,Horror
11167,Thriller
11167,Crime
545752,Documentary
140823,Comedy
140823,Drama
140823,History
26662,Animation
26662,Mystery
26662,Science Fiction
394291,Unknown
11931,Comedy
11931,Drama
11931,Romance
250574,Horror
250574,Thriller
19101,Drama
19101,Family
19101,Fantasy
581526,Crime
581526,Action
581526,Drama
11687,Fantasy
11687,Comedy
370567,Animation
370567,Family
370567,Comedy
370567,Adventure
370567,Mystery
2332,Action
2332,Comedy
2332,Adventure
2332,Crime
11428,Horror
11428,Fantasy
11428,Thriller
12160,Western
12160,Drama
1753082,Action
10130,Drama
10130,History
615667,Drama
615667,Music
10640,Action
10640,Adventure
10640,Science Fiction
10640,Thriller
13466,Drama
13466,History
13466,Family
590995,Horror
590995,Drama
590995,Fantasy
608478,Documentary
520023,Comedy
520023,Mystery
520023,Horror
1537,Thriller
1537,Drama
1235192,Science Fiction
1235192,Horror
1235192,Adventure
34806,Comedy
34806,Romance
814776,Comedy
8965,Fantasy
8965,Animation
8965,Science Fiction
8965,Family
8965,Action
9058,Romance
9058,Comedy
11134,Action
11134,Crime
11134,Thriller
852096,Horror
852096,Comedy
1591771,Adventure
1591771,Animation
1591771,Comedy
1591771,Family
53168,Comedy
53168,Drama
53168,Romance
611698,Fantasy
611698,Action
611698,Adventure
611698,Drama
38358,Horror
38358,Thriller
38358,Mystery
10390,Drama
10390,Romance
9980,Horror
9980,Action
9980,Science Fiction
637693,Adventure
637693,Animation
637693,Family
637693,Western
117560,Drama
117560,Horror
117560,Fantasy
117560,Thriller
300681,Science Fiction
300681,Thriller
300681,Drama
2486,Fantasy
2486,Action
2486,Adventure
2486,Family
10136,Action
10136,Adventure
10136,Comedy
1040,Drama
990252,Drama
990252,Fantasy
6217,Fantasy
6217,Horror
13249,Western
13249,Action
13249,Drama
959429,Romance
959429,Drama
500682,Crime
500682,Drama
500682,Thriller
766798,Drama
615677,Family
615677,Action
615677,Fantasy
615677,Comedy
1020047,Drama
1020047,Crime
1020047,Thriller
16619,Drama
175,Romance
175,Adventure
175,Drama
1148713,Thriller
1148713,Crime
7452,Crime
7452,Drama
331697,Drama
1580,Thriller
1580,Crime
1580,Drama
472451,Drama
70345,Horror
70345,Science Fiction
457136,Drama
457136,History
98357,Thriller
98357,Crime
98357,Drama
56288,Family
56288,Comedy
56288,Action
56288,Adventure
1985,Drama
1985,Mystery
1985,Thriller
683412,Documentary
291276,Action
291276,Thriller
1574129,Horror
1574129,Fantasy
1199869,Horror
524659,Crime
524659,Drama
524659,Action
811075,Drama
811075,Comedy
64807,Comedy
1159206,Comedy
1159206,Drama
839688,Drama
1287729,Documentary
724109,Romance
739542,Animation
739542,Action
739542,Comedy
704673,Action
30020,Drama
578871,Unknown
10730,Adventure
10730,Fantasy
10730,Horror
9464,Drama
9464,Romance
9464,Comedy
6552,Comedy
6552,Horror
6552,Fantasy
223,Mystery
223,Romance
223,Thriller
2517,Drama
438794,Drama
16237,Animation
16237,Action
16237,Science Fiction
16237,TV Movie
14367,Comedy
1367575,Action
1367575,Thriller
8386,Comedy
43959,Family
43959,Drama
518896,Drama
518896,Action
518896,Science Fiction
14405,Comedy
14405,Family
14405,Adventure
14405,Romance
1748731,Unknown
2768,Crime
2768,Drama
2768,Mystery
15487,Drama
22582,Animation
22582,Comedy
22582,Family
664416,Music
664416,Documentary
1365683,Music
1365683,Drama
1365683,History
251783,Drama
251783,Thriller
350499,Family
350499,Adventure
350499,Animation
350499,Action
350499,Fantasy
848439,Drama
848439,History
848439,Thriller
16353,Adventure
16353,Action
16353,Thriller
1756174,Unknown
239241,Action
660982,Comedy
479787,Romance
1476928,Drama
1476928,Family
3033,Drama
10560,Drama
10560,Music
10440,Comedy
10440,Mystery
270473,Comedy
270473,Romance
1015296,Unknown
8398,Crime
8398,Horror
8398,Thriller
916405,Drama
417870,Comedy
417870,Romance
417870,Adventure
14239,Animation
14239,Comedy
14239,Fantasy
1596291,Documentary
1739671,Drama
1739671,History
1739671,Music
39900,Action
39900,Adventure
39900,Fantasy
39900,Horror
4250,Comedy
869565,Drama
897374,Documentary
84214,Drama
9296,Science Fiction
9296,Comedy
9296,Drama
9296,Romance
8327,Drama
1128717,Documentary
601844,Thriller
601844,Horror
601844,Action
575322,Science Fiction
575322,Thriller
13994,Comedy
13994,Music
13994,Romance
419743,Drama
419743,Romance
259694,Comedy
259694,Romance
427564,Animation
427564,Family
427564,Mystery
427564,Comedy
427564,Western
427900,Comedy
427900,Drama
427900,Romance
458737,Drama
2275,Thriller
2275,Mystery
2275,Crime
683340,Comedy
683340,Mystery
683340,Thriller
39108,Animation
39108,Action
39108,Science Fiction
992482,Unknown
835113,Crime
835113,Drama
835113,Thriller
11830,Comedy
223319,Horror
223319,Science Fiction
15767,Action
15767,Adventure
15767,Science Fiction
15767,Fantasy
15767,Thriller
10351,Horror
10351,Fantasy
863951,Documentary
374908,Comedy
374908,Drama
374908,Romance
520946,Animation
520946,Family
520946,Fantasy
520946,Adventure
9899,Comedy
220,Drama
9540,Thriller
9540,Horror
581387,Action
581387,Adventure
581387,Thriller
530723,Drama
530723,Crime
530723,History
9416,Action
9416,Comedy
9416,Crime
9416,Thriller
232,Crime
232,Drama
232,Romance
1329471,Crime
1329471,Drama
1329471,Romance
1329471,Thriller
480042,Action
480042,Thriller
480042,Crime
1753377,Horror
433501,Crime
433501,Thriller
433501,Drama
1302916,Horror
1302916,Romance
1302916,Comedy
1015724,Adventure
1015724,Mystery
1015724,Comedy
1015724,Animation
1015724,Family
28528,Drama
8881,Drama
8881,History
8881,War
456327,Drama
456327,Action
456327,War
429473,Action
429473,Thriller
832,Drama
832,Thriller
832,Crime
878728,Drama
586863,Crime
586863,Drama
586863,Thriller
50780,Drama
1521346,Drama
1195518,Western
1195518,Adventure
1195518,Crime
333354,Action
333354,Adventure
333354,Crime
333354,Drama
333354,Thriller
568467,Romance
568467,Drama
1418217,Drama
1418217,Mystery
1046090,Crime
1046090,Drama
1046090,Thriller
41662,Drama
30943,Drama
30943,Mystery
24831,Horror
24831,Science Fiction
24831,Comedy
9959,Thriller
9959,Crime
9959,Mystery
14553,Drama
14553,Romance
22536,Drama
22536,Horror
22536,Thriller
390051,Drama
390051,Thriller
1403903,Drama
1403903,Thriller
1403903,Romance
59897,Comedy
59897,Romance
938008,Action
938008,Crime
938008,Thriller
785398,Drama
785398,Adventure
387839,Drama
387839,Romance
15804,Crime
15804,Drama
15804,Romance
750695,Drama
15157,Music
15157,Comedy
15157,Romance
15157,Family
119727,Adventure
119727,Documentary
13009,Comedy
13009,Horror
13009,Science Fiction
1058699,Documentary
784610,Drama
784610,Romance
2661,Action
2661,Comedy
2661,Crime
179144,Drama
17101,Action
17101,Animation
17101,Thriller
16269,Action
16269,Comedy
16269,Drama
843416,Drama
15016,Animation
15016,Family
42006,Drama
42006,Romance
42006,History
11152,Horror
157,Science Fiction
157,Action
157,Adventure
157,Thriller
9972,Action
9972,Crime
9972,Drama
9972,Thriller
1722,Drama
1722,Romance
1722,War
10987,Horror
10987,Thriller
941966,Unknown
280002,Thriller
280002,Horror
615665,Comedy
615665,Romance
429300,Thriller
429300,Romance
429300,Adventure
582913,Horror
582913,Drama
582913,Mystery
582913,Science Fiction
375846,Thriller
375846,TV Movie
1241634,Romance
1241634,Drama
1241634,Music
417644,Action
417644,Comedy
417644,Crime
13377,Animation
13377,Family
13377,Comedy
2657,Fantasy
2657,Comedy
2657,Drama
10406,Comedy
54186,Drama
54186,Thriller
54186,Mystery
327164,Drama
327164,Action
327164,Western
9385,Family
9385,Animation
9385,Comedy
9385,Adventure
828613,Romance
828613,Comedy
989730,Animation
989730,Fantasy
989730,Mystery
421223,Drama
1461519,Family
1461519,Fantasy
1461519,Comedy
1461519,Adventure
99099,Horror
99099,Drama
11829,Comedy
11829,Western
1231576,Comedy
1231576,Horror
444654,Horror
1109255,Drama
634524,Western
449985,Thriller
449985,Action
10669,Drama
10669,Adventure
10669,Thriller
1075536,Drama
1151534,Thriller
1151534,Drama
175168,Comedy
175168,Horror
11499,Drama
11499,History
1340110,Science Fiction
1340110,Thriller
1340110,Horror
1340110,Crime
11127,Adventure
11127,Science Fiction
11127,Action
11258,Thriller
11258,Crime
11258,Action
11568,Action
11568,Comedy
11568,Crime
1688652,Drama
1688652,Comedy
41515,Comedy
41515,Family
41515,Animation
41515,Adventure
398,Crime
398,Drama
12610,Action
12610,Adventure
12610,Animation
12610,Comedy
12610,Family
12610,Science Fiction
476968,Drama
476968,History
333667,Animation
333667,Adventure
333667,Comedy
333667,Family
333667,Music
418879,Drama
418879,History
143667,Crime
143667,Drama
638507,Animation
638507,Fantasy
638507,Adventure
638507,Family
26578,Thriller
26578,Drama
26578,Crime
443852,Drama
9085,Comedy
9085,Crime
9085,Drama
1755888,Drama
1755888,History
11804,Drama
11804,Horror
11804,Thriller
9794,Comedy
9794,Romance
5851,Action
5851,Comedy
660779,Music
1428862,Thriller
1428862,Drama
924482,Thriller
924482,Adventure
808396,Thriller
808396,Action
808396,Crime
808396,Horror
1628071,Action
257785,Drama
257785,Romance
1022964,Comedy
1022964,Fantasy
1022964,Family
1041430,Documentary
988078,Romance
988078,Drama
988078,Comedy
10652,War
10652,Action
10652,Drama
1181107,Adventure
1181107,Animation
1181107,Family
1181107,Fantasy
156717,Action
156717,Science Fiction
156717,Thriller
1329336,Animation
1329336,Comedy
723369,Documentary
1254896,Horror
1254896,Thriller
295699,Comedy
359246,Horror
359246,Mystery
620705,Science Fiction
620705,Action
620705,Adventure
620705,Family
1751004,Comedy
15575,Fantasy
15575,Animation
15575,Science Fiction
13483,Thriller
13483,Crime
13483,Mystery
58767,War
58767,Action
58767,Thriller
58767,Drama
681297,Documentary
112949,Romance
112949,Thriller
463684,Thriller
463684,Mystery
463684,Horror
330947,Romance
330947,Drama
992,Action
992,Comedy
992,Mystery
404733,Thriller
404733,Action
404733,Mystery
393457,Drama
1158915,Comedy
1158915,Drama
10633,Crime
10633,Drama
10633,Mystery
10633,Thriller
204407,Drama
204407,Romance
580,Adventure
580,Thriller
580,Horror
90934,Crime
90934,Thriller
90934,Comedy
577,Drama
577,Comedy
577,Crime
638449,Drama
638449,Romance
13279,Drama
13279,Crime
13279,Thriller
1160003,Horror
1160003,Mystery
1160003,Thriller
407375,Action
407375,Drama
407375,War
152747,Action
152747,Adventure
152747,Drama
475430,Adventure
475430,Fantasy
475430,Science Fiction
475430,Family
1406696,Unknown
1571221,Unknown
11983,Thriller
11983,Action
11983,Drama
10025,Comedy
10025,Fantasy
10025,Romance
13552,Comedy
13552,Drama
13552,Crime
10649,Crime
10649,Action
10649,Thriller
10649,Drama
6537,Horror
6537,Drama
6537,Thriller
47909,Drama
736146,Crime
736146,Drama
1749993,Drama
616446,Action
616446,Comedy
616446,Crime
145220,Comedy
145220,Adventure
145220,Crime
145220,Family
12103,Thriller
12103,Mystery
12103,Crime
1492,Action
1492,Adventure
1492,Drama
1492,History
22954,Drama
22954,History
59678,Action
59678,Comedy
59678,Science Fiction
32629,Horror
32629,Comedy
32629,Drama
11706,War
11706,Romance
11706,Drama
11706,History
421,Adventure
421,Comedy
421,Drama
10934,Romance
10934,Comedy
10246,Comedy
942238,Drama
485400,Unknown
10712,Drama
10712,Romance
316154,Action
316154,Horror
316154,Science Fiction
316154,Thriller
316154,Romance
1716450,Mystery
1716450,Fantasy
1252428,Adventure
1252428,Horror
491472,Drama
491472,History
32856,Comedy
32856,Romance
1516391,Documentary
1516391,History
1076366,Documentary
1076366,Comedy
574,Thriller
574,Mystery
574,Drama
533256,Drama
533256,Thriller
1172676,Comedy
1172676,Drama
1172676,Thriller
11697,Western
344112,Drama
344112,Crime
1753681,Drama
1753681,Romance
485942,Animation
485942,Action
485942,Science Fiction
16614,Comedy
16614,Drama
16614,Romance
42536,Drama
42536,History
42536,War
414095,Unknown
243683,Romance
243683,Drama
243683,Music
17332,Drama
17332,Music
9731,Horror
9731,Thriller
1235431,Drama
1235431,Music
1235431,Fantasy
611291,Music
611291,Documentary
11305,Comedy
719128,Romance
719128,Drama
9991,Comedy
9991,Drama
638535,Documentary
732203,Animation
732203,Action
732203,Science Fiction
732203,Comedy
966220,War
966220,Action
966220,Drama
823,Animation
823,Thriller
823,Science Fiction
11398,Action
11398,Thriller
11398,Crime
717196,Animation
717196,Family
717196,Fantasy
616251,Comedy
616251,Romance
437375,Thriller
437375,Mystery
546488,Unknown
14359,Drama
1715492,Documentary
1528721,Comedy
1528721,Drama
998846,Music
998846,History
998846,Drama
4823,Drama
4823,Thriller
4823,Romance
14624,Romance
14624,Drama
14624,Family
6933,Horror
6933,Mystery
6933,Thriller
8010,Fantasy
8010,Action
8010,Adventure
8010,Science Fiction
399850,Drama
15906,Animation
15906,Family
15906,Romance
4946,Drama
4946,Thriller
421186,Comedy
10766,Horror
10766,Thriller
8649,Drama
831946,Action
831946,Thriller
831946,Adventure
1600,Drama
1600,Fantasy
1268609,Romance
1268609,Drama
1074156,Unknown
14372,Adventure
14372,Horror
14372,Thriller
14372,Science Fiction
290751,Thriller
290751,Mystery
290751,Crime
529983,Thriller
529983,Crime
51481,Comedy
14168,Western
14168,Drama
14168,Thriller
805320,Horror
805320,Science Fiction
805320,Thriller
11823,Comedy
11823,Romance
1234000,Drama
787781,Comedy
46261,Fantasy
46261,Horror
46261,Thriller
1038263,History
1038263,Drama
1038263,Music
2011,Animation
2011,Drama
619725,Comedy
619725,Action
44865,Action
44865,Drama
44865,History
369192,Drama
369192,Comedy
369192,History
27958,Crime
27958,Mystery
27958,Thriller
23566,Animation
23566,Family
833339,Horror
833339,Thriller
833339,Drama
392301,Comedy
392301,Drama
392301,Romance
1747922,Drama
428707,Animation
428707,Comedy
7873,Crime
7873,Drama
7873,Thriller
7873,Action
1716,Drama
1716,Romance
1716,War
11449,Horror
1077280,Comedy
1077280,Action
1077280,Thriller
46498,Adventure
46498,Comedy
46498,Fantasy
137321,Drama
137321,Fantasy
137321,Mystery
137321,Romance
10611,Comedy
10611,Drama
4551,Comedy
4551,Crime
10336,Action
10336,Adventure
10336,Fantasy
10336,Horror
10336,Science Fiction
10336,Thriller
9549,Drama
9549,History
10733,History
10733,War
10733,Drama
2841,Drama
2841,Romance
2841,War
38407,Drama
38407,Thriller
38407,Mystery
10787,Horror
10787,Science Fiction
1541802,Comedy
1541802,Crime
1541802,Music
12620,Romance
12620,Comedy
514439,Drama
447541,History
465545,Adventure
465545,Action
10683,Comedy
10683,Drama
10281,Horror
10281,Thriller
369557,Romance
369557,Drama
369557,Music
369557,Comedy
138402,Comedy
41582,Comedy
41582,Family
9423,Horror
9423,Action
9423,Science Fiction
262338,Thriller
262338,Crime
262338,Action
14943,Action
14943,Comedy
14943,Crime
758336,Romance
758336,Drama
758336,Comedy
356414,Documentary
957314,Drama
957314,Thriller
1143319,Comedy
1143319,Romance
1589713,Action
1589713,Drama
1589713,Horror
1589713,Fantasy
1589713,Thriller
17295,Drama
17295,War
17295,History
10016,Action
10016,Horror
10016,Science Fiction
606870,History
606870,Action
606870,Drama
77805,Drama
15144,Comedy
15144,Romance
109,Comedy
109,Drama
109,Mystery
8880,Drama
8880,History
8880,War
336,Western
249,Comedy
249,Drama
781732,Action
781732,Crime
781732,Drama
692018,Documentary
34134,Animation
34134,Family
34134,Fantasy
397099,Documentary
80295,Comedy
80295,Romance
801937,Horror
801937,Thriller
3073,Horror
3073,Comedy
583083,Comedy
583083,Romance
391387,Comedy
345200,Drama
345200,Comedy
324560,Thriller
324560,Western
324560,Drama
324560,Horror
1448497,Documentary
239571,Drama
239571,Romance
91417,Animation
91417,Comedy
91417,Adventure
91417,Family
7797,Fantasy
7797,Drama
7797,Mystery
50435,Drama
50435,Romance
584313,Drama
405177,Comedy
405177,Drama
2293,Romance
2293,Comedy
426631,Drama
16538,Comedy
16538,Romance
298382,Drama
298382,Comedy
1249289,Action
1249289,Crime
1249289,Thriller
1099766,Documentary
1123550,Unknown
285234,Drama
11232,Romance
11232,Comedy
11232,Fantasy
270082,Unknown
11980,Thriller
11980,Horror
11980,Action
11980,Fantasy
11980,Drama
1658217,Drama
560008,Drama
560008,History
294795,Mystery
294795,Thriller
14365,Thriller
14365,Crime
513691,Action
513691,Comedy
17993,Romance
5723,Drama
5723,Music
5723,Romance
9415,Action
9415,Drama
9415,Mystery
9415,Thriller
9415,Crime
859882,Unknown
1259983,Drama
1259983,Thriller
245698,Thriller
245698,Drama
246,Adventure
246,Drama
246,Action
76489,Comedy
14202,Romance
14202,Drama
26715,Drama
26715,Action
26715,Comedy
26715,Thriller
26715,Crime
1631917,Drama
1631917,Romance
1631917,Comedy
14113,Family
14113,Comedy
14113,Adventure
14113,Action
14113,Science Fiction
1744819,Horror
1744819,Thriller
12157,Comedy
12157,Romance
12157,Drama
13825,Drama
13825,Thriller
380912,Drama
1091385,Romance
1371151,Action
1371151,Thriller
7735,Drama
7735,Thriller
241257,Horror
241257,Mystery
241257,Thriller
1530510,Comedy
1530510,History
1530510,Drama
437899,Adventure
437899,Family
664767,Animation
664767,Action
664767,Fantasy
1059073,Romance
1059073,Drama
1255788,Action
1255788,Comedy
987917,Comedy
1364608,Drama
10226,Horror
10226,Thriller
10226,Mystery
2259,Romance
2259,Drama
539892,Science Fiction
539892,Thriller
127984,Comedy
14175,Family
14175,Animation
14175,Adventure
14175,Comedy
14175,War
10376,Drama
10376,Music
10684,Drama
10684,Thriller
10684,Mystery
10684,War
13785,Comedy
263341,Action
263341,Adventure
263341,Drama
18256,Thriller
18256,Drama
18256,Horror
18256,Mystery
24411,Action
24411,Crime
24411,Thriller
2428,Drama
2428,History
387893,Animation
387893,Comedy
387893,Family
387893,TV Movie
1557848,Action
1557848,Thriller
1557848,Drama
9952,Adventure
9952,Drama
9952,War
774100,Family
774100,Comedy
21296,Crime
242685,Drama
429203,Comedy
429203,Crime
429203,Drama
1206008,Comedy
1206008,Drama
459910,Drama
459910,Action
459910,Thriller
10546,Action
10546,Fantasy
10546,Thriller
408220,Animation
408220,Action
408220,Adventure
408220,Fantasy
408220,Science Fiction
408220,Horror
680593,Horror
437109,Action
437109,Thriller
85446,Music
85446,Drama
85446,Romance
20762,Action
20762,Crime
20762,Drama
20762,Thriller
15613,Science Fiction
15613,Mystery
15613,Thriller
15613,Drama
1386827,Horror
1386827,Comedy
25196,Drama
25196,Music
25196,Romance
9612,Comedy
9612,Science Fiction
611213,Romance
611213,Comedy
14282,Fantasy
14282,Animation
14282,Action
14282,Horror
14282,History
759175,Action
759175,Fantasy
9824,Adventure
9824,Fantasy
9824,Action
9824,Comedy
9824,Science Fiction
6283,Comedy
6283,Family
29264,Comedy
29264,Drama
29264,Fantasy
272693,Romance
272693,Comedy
1587950,Documentary
625450,Comedy
625450,Drama
625450,Romance
508081,Drama
652679,Documentary
947891,Drama
947891,Comedy
9405,Action
9405,Science Fiction
1036255,Comedy
2086,Thriller
2086,Crime
2086,Action
40205,Fantasy
40205,Drama
40205,Family
22094,Drama
22094,Action
22094,Crime
1281826,Action
1281826,Drama
1281826,Romance
1364953,Horror
1364953,Drama
1364953,Mystery
1275151,Drama
1275151,Thriller
1214684,Romance
1214684,Drama
1214684,Thriller
1214684,Music
84332,Comedy
84332,Romance
84332,Science Fiction
976720,Science Fiction
976720,Drama
976720,Adventure
976720,Fantasy
17689,Drama
17689,Action
17689,Crime
17689,Thriller
1756198,Drama
491283,Drama
491283,History
491283,Music
435239,Documentary
17918,Horror
17918,Science Fiction
803,Documentary
803,History
492719,Animation
492719,Science Fiction
1699820,Thriller
573531,Animation
573531,War
573531,Action
573531,Science Fiction
347969,Western
347969,Comedy
347969,Action
347969,Adventure
2185,Action
2185,Comedy
2185,Thriller
2185,Mystery
2185,Crime
5725,Comedy
1513010,Drama
97614,Crime
97614,Drama
97614,Thriller
177,Comedy
177,Drama
862976,Documentary
467062,Documentary
586,Comedy
586,Drama
295011,Horror
295011,Thriller
295011,Action
295011,Drama
3591,Adventure
3591,Fantasy
5137,Science Fiction
5137,Adventure
11968,Action
11968,Thriller
11968,Adventure
11968,Crime
842934,Thriller
842934,Crime
11589,Adventure
11589,Comedy
11589,War
530079,Animation
530079,Romance
530079,Comedy
530079,Drama
530079,Fantasy
39486,Drama
13459,Animation
13459,Family
10707,Comedy
10707,Drama
8373,Science Fiction
8373,Action
8373,Adventure
9356,Romance
9356,Comedy
377264,Horror
377264,Science Fiction
377264,Thriller
9290,Adventure
9290,Comedy
570,Drama
770254,Family
770254,Animation
770254,Adventure
770254,Comedy
11260,Comedy
11260,Science Fiction
11260,Adventure
11260,Family
86829,Drama
86829,Music
587412,Action
587412,Thriller
587412,Adventure
587412,Crime
111969,Drama
111969,Comedy
111969,Romance
500916,Action
500916,Adventure
500916,Thriller
385360,Drama
1252,Drama
1252,Thriller
1252,Crime
1252,Romance
14362,Action
14362,Crime
14362,Drama
14362,Thriller
451945,Drama
15805,Animation
15805,Action
15805,Crime
11638,Comedy
11638,Romance
37056,Comedy
37056,Drama
37056,Romance
485226,Documentary
40224,Comedy
56832,Horror
56832,Action
56832,Science Fiction
38368,Drama
38368,Fantasy
923877,Unknown
16551,Comedy
1182387,Action
1182387,Crime
1182387,Thriller
429471,Science Fiction
429471,Action
429471,Thriller
1435092,Drama
437626,Crime
437626,Comedy
10304,Adventure
10304,Horror
10304,Action
10304,Science Fiction
13285,Animation
13285,Family
13285,Adventure
13285,Fantasy
665251,Animation
665251,Science Fiction
13195,Crime
13195,Drama
13195,Thriller
331576,Action
331576,Crime
331576,Thriller
331576,Adventure
331576,Drama
75624,Thriller
75624,Animation
75624,Action
75624,Comedy
75624,Horror
75624,Mystery
438,Mystery
438,Science Fiction
438,Thriller
11887,Comedy
11887,Drama
11887,Family
2334,Action
2334,Comedy
2334,Crime
934763,Unknown
430447,Animation
430447,Adventure
430447,Family
430447,Fantasy
606679,Romance
606679,Comedy
606679,Music
606679,Drama
238215,Fantasy
238215,Comedy
238215,Drama
416148,Documentary
1245398,Horror
257743,Comedy
16340,Adventure
16340,Animation
16340,Comedy
16340,Family
16340,Romance
532067,Animation
532067,Comedy
532067,Fantasy
1295026,Animation
1295026,Drama
1449400,Action
1449400,Comedy
1449400,Crime
1449400,Thriller
416144,Thriller
416144,History
416144,Drama
416144,Action
10996,Family
10996,Adventure
10996,Comedy
9381,Action
9381,Adventure
9381,Science Fiction
9381,Thriller
14635,Drama
14635,Family
13596,Romance
13596,Comedy
396806,Science Fiction
396806,Crime
396806,Mystery
396806,Thriller
13355,Fantasy
13355,Animation
13355,Comedy
13355,Family
13355,Mystery
13355,Adventure
9086,Western
9086,Adventure
1030641,Unknown
1562032,Action
1562032,Crime
1562032,Thriller
1240224,Drama
1240224,Crime
7304,Action
7304,Crime
7304,Drama
7304,Thriller
9425,Science Fiction
9425,Action
9425,Drama
2085,Action
2085,Crime
2085,Thriller
340613,Drama
49953,Animation
49953,Family
227359,Action
227359,Crime
40894,Comedy
40894,Romance
26371,Drama
26371,Romance
57157,Comedy
57157,Drama
892,Comedy
892,Science Fiction
892,Fantasy
378,Comedy
378,Crime
363,Drama
363,Romance
83770,Adventure
83770,Drama
1045938,Action
1045938,Mystery
1045938,Drama
952217,Animation
952217,Comedy
952217,Family
952217,Adventure
952217,Fantasy
952217,Mystery
4954,Action
4954,Thriller
4954,Crime
26598,Fantasy
26598,Drama
26598,Comedy
12253,Action
12253,Drama
1125701,Drama
491480,Drama
491480,History
12225,Drama
12225,Comedy
12225,Romance
448095,Thriller
448095,Fantasy
448095,Mystery
11128,Drama
11128,Action
11128,Thriller
11374,Comedy
1222248,War
1222248,History
1222248,Drama
1276704,Comedy
1276704,Drama
331962,Drama
331962,Crime
331962,Thriller
331962,Mystery
108,Drama
779816,Drama
779816,War
345793,Unknown
931097,Drama
931097,Family
31767,Drama
31767,History
31767,Horror
941890,Documentary
620725,Comedy
308188,Comedy
13815,Crime
13815,Drama
13815,Thriller
621587,Comedy
621587,Drama
294652,Action
294652,Crime
294652,Drama
294652,Thriller
1591834,Family
1591834,Comedy
1376415,History
1376415,Drama
1376415,Crime
10307,Horror
10307,Thriller
802219,Music
802219,History
802219,Drama
11088,Action
11088,Crime
11088,Drama
11088,Thriller
300439,Comedy
14317,Family
14317,Comedy
14317,Adventure
14317,Animation
1440769,Action
1440769,Crime
1440769,Thriller
736125,Drama
76494,Romance
76494,Comedy
76494,Drama
14695,Crime
14695,Drama
1755957,Drama
333623,Animation
333623,Music
333623,Comedy
836225,Horror
836225,Crime
836225,Drama
836225,Fantasy
9586,Comedy
9586,Drama
669671,Horror
669671,Thriller
669671,Action
544431,Drama
544431,Mystery
544431,Crime
3536,War
3536,Action
3536,Adventure
1327690,Action
1327690,Crime
479649,Romance
479649,Drama
25050,Drama
25050,Family
508747,Drama
508747,Romance
647912,Comedy
647912,Drama
411728,History
411728,Drama
411728,Mystery
411728,Thriller
259207,Drama
259207,History
9501,Action
9501,Crime
327,Crime
327,Drama
327,Thriller
610375,Drama
610375,Documentary
406785,Animation
406785,Family
406785,Comedy
25239,Horror
13820,Comedy
13820,Science Fiction
486589,Animation
486589,Fantasy
486589,Family
486589,Comedy
486589,Romance
486589,Adventure
221,Drama
911835,Romance
25941,Thriller
25941,Crime
25941,Drama
25941,Action
536326,Documentary
482040,Romance
482040,Drama
104524,Drama
104524,Horror
33689,Comedy
33689,Family
33689,Romance
1432474,Comedy
1432474,Music
400214,Drama
400214,Crime
24589,Animation
24589,Comedy
24589,Family
1021337,Unknown
1542352,Comedy
1542352,Romance
1542352,Drama
730251,Drama
730251,Science Fiction
12573,Comedy
12573,Drama
853028,Drama
853028,Mystery
853028,Thriller
1118622,Unknown
11826,Crime
11826,Thriller
11826,Drama
540,Action
540,Comedy
540,Romance
44363,Thriller
1231924,Romance
552095,Adventure
552095,Animation
552095,Family
552095,Action
1307078,Romance
1307078,Comedy
1307078,Drama
1030598,Drama
1030598,Thriller
671074,Romance
228203,Drama
228203,Family
9715,Romance
9715,Drama
9715,Comedy
573730,Animation
573730,Adventure
573730,Fantasy
573730,Mystery
798021,Comedy
798021,Fantasy
798021,Family
959894,Action
959894,Drama
1656018,Music
1656018,Documentary
13969,Family
13969,Comedy
13969,Drama
13969,Romance
13461,Drama
862968,Drama
1480,Crime
1480,Thriller
1480,Drama
758679,Thriller
758679,Drama
242900,Drama
27029,Drama
353141,Comedy
2134,Thriller
2134,Adventure
2134,Fantasy
2134,Science Fiction
2134,Romance
144336,Action
144336,Drama
144336,Thriller
144336,Crime
344842,Documentary
1290930,Horror
1290930,Comedy
1715820,Horror
1715820,Drama
51999,Drama
51999,Science Fiction
51999,Romance
1754410,Family
1754410,Science Fiction
50671,Thriller
50671,Mystery
846250,Comedy
846250,Romance
2755,Drama
2755,Comedy
11342,Horror
11342,Fantasy
11342,Action
1599090,Adventure
1599090,Documentary
12480,Drama
12480,Romance
12480,Comedy
10627,Drama
1221404,Animation
1221404,Adventure
1221404,Comedy
1221404,Family
19265,Comedy
19265,Romance
447362,Drama
447362,Romance
5471,Action
5471,Adventure
5471,Drama
5471,Fantasy
334889,Thriller
334889,Drama
1648678,Documentary
1648678,Family
11948,Drama
11948,History
11948,War
110930,Unknown
10493,Thriller
10493,Drama
10493,Horror
39105,Action
39105,Animation
39105,Science Fiction
508570,Family
508570,Comedy
508570,Drama
929826,History
691052,Unknown
12435,Comedy
12435,Drama
12435,Romance
8438,Crime
8438,Drama
381890,Comedy
381890,Fantasy
381890,Romance
234004,Action
234004,Adventure
234004,Animation
234004,Family
484437,Horror
46929,Animation
46929,Family
46929,Fantasy
46929,Comedy
46929,Adventure
21309,Crime
21309,Drama
21309,Thriller
146779,Comedy
32221,Drama
9903,Comedy
9903,Drama
1145462,Comedy
11553,Drama
41222,Comedy
10768,Horror
10768,Mystery
10768,Thriller
28355,Horror
28355,Mystery
28355,Thriller
10540,Science Fiction
10540,Action
10540,Thriller
10540,Crime
10540,Western
19929,Documentary
59421,Thriller
59421,Crime
59421,Drama
59421,Horror
1339658,Romance
1339658,Comedy
1339658,Thriller
4203,Comedy
4203,Drama
55787,Drama
55787,Romance
984184,Drama
1629369,Documentary
1629369,Crime
1628367,Crime
1628367,Drama
1628367,Thriller
1421982,Animation
1421982,Adventure
1421982,Comedy
1421982,Fantasy
1421982,Family
1421982,Music
1365,Drama
1365,Romance
10411,Comedy
13312,Horror
15567,Animation
15567,Family
15567,Comedy
15567,Science Fiction
10808,Comedy
10808,Family
10808,Romance
10808,Fantasy
526044,Unknown
11966,Comedy
11966,Family
11966,Science Fiction
11966,Drama
426793,Science Fiction
426793,Fantasy
426793,Horror
9978,Adventure
9978,Action
9978,Family
575604,Thriller
575604,Mystery
575604,Science Fiction
168098,Horror
168098,Science Fiction
168098,Thriller
2009,Drama
541134,Drama
541134,Crime
541134,Mystery
5000,Drama
5000,War
9491,Thriller
1688454,Documentary
17657,Thriller
17657,Adventure
11223,Thriller
11223,Mystery
11223,Horror
388664,Comedy
1306525,Horror
1306525,Thriller
1190266,Unknown
9044,Drama
9044,Romance
449512,Documentary
576,Western
21575,Crime
21575,Drama
844185,Comedy
844185,History
1754613,Thriller
1754613,Horror
1754613,Comedy
1185528,Action
1185528,Drama
1185528,History
1400336,Comedy
1400336,Romance
15655,Animation
15655,Family
15655,Comedy
11597,Comedy
11597,Drama
11597,Science Fiction
73567,Crime
73567,Thriller
73567,Drama
826914,Comedy
826914,Family
826914,TV Movie
360310,Mystery
360310,Horror
339967,Drama
339967,Fantasy
339967,Science Fiction
256522,Horror
256522,Comedy
996,Crime
996,Thriller
394091,Documentary
70578,Thriller
70578,Crime
70578,Drama
837335,Drama
837335,Fantasy
837335,Comedy
602147,Drama
602147,Mystery
602147,Thriller
1247002,Action
1247002,Mystery
1247002,Drama
532,Family
532,Animation
532,Comedy
1092936,Horror
1092936,Thriller
1092936,Drama
1755734,Horror
1755734,Fantasy
14811,Drama
14811,Romance
1072876,Comedy
1072876,Thriller
777515,Unknown
1044142,Documentary
1251717,Horror
1251717,Thriller
823610,Animation
823610,Family
4477,Crime
4477,Thriller
4477,Drama
19345,Thriller
37703,Drama
37703,Comedy
37703,Romance
307692,Drama
629028,Comedy
629028,Action
629028,Thriller
10708,Comedy
10708,Family
1504901,Drama
1504901,Documentary
508763,Drama
508763,Adventure
508763,Family
819876,Science Fiction
819876,Horror
819876,Thriller
6346,Crime
6346,Drama
549294,Horror
549294,Science Fiction
549294,Thriller
295693,Animation
295693,Comedy
295693,Family
852930,Horror
852930,Comedy
16186,Drama
16186,Romance
16186,Comedy
11415,Comedy
11415,Horror
11415,Fantasy
11064,Comedy
1076708,Documentary
1076708,Music
1158996,Drama
394349,Documentary
698948,Drama
698948,Thriller
698948,History
1631504,Animation
1631504,Science Fiction
1631504,Action
574451,Drama
574451,Romance
257274,Documentary
64639,Drama
64639,Thriller
252522,Drama
300673,Action
300673,Drama
300673,History
300673,Thriller
10657,Drama
10657,Horror
1213898,Action
1213898,Drama
1213898,War
452507,Horror
452507,Crime
452507,Drama
12590,Thriller
12590,Horror
12590,Mystery
1852,Drama
1852,History
1852,Thriller
6644,Western
6644,Drama
940452,Documentary
407445,Drama
407445,Romance
38357,Drama
38357,Comedy
38357,Romance
11595,Action
11595,Comedy
11595,Crime
346709,Thriller
346709,Crime
346709,Action
9448,Action
9448,Comedy
9448,Crime
243352,Drama
203739,Comedy
203739,Action
203739,Fantasy
11077,Comedy
13681,Drama
1011064,Horror
889580,Horror
889580,Drama
544152,Drama
410199,Science Fiction
410199,Thriller
643,Drama
643,History
643,War
410554,Action
410554,Thriller
410554,Crime
9929,Family
9929,Animation
9929,Adventure
9929,Comedy
972791,Unknown
8090,Thriller
8090,Crime
8090,Mystery
8090,Drama
8090,Horror
1146972,Animation
1146972,Science Fiction
1146972,Action
1146972,Drama
1313668,Drama
1313668,Thriller
37931,Action
37931,Comedy
241843,Comedy
241843,Horror
241843,Action
241843,Science Fiction
241843,Thriller
464733,Drama
16314,Family
16314,Action
16314,Adventure
16314,Comedy
475094,War
475094,Drama
475094,History
126280,Animation
126280,Comedy
146724,Drama
146724,Romance
146724,Comedy
910,Mystery
910,Crime
910,Thriller
10784,Music
10784,Romance
10784,Drama
1508564,Romance
1508564,Comedy
390734,Animation
390734,Science Fiction
390734,Action
16085,Comedy
16085,Drama
16085,Romance
376995,Comedy
958968,Comedy
1123093,Animation
1123093,Comedy
1123093,Family
414001,Drama
414001,Adventure
1318917,Romance
1649,Adventure
1649,Comedy
1649,Science Fiction
1128655,Drama
1128655,Thriller
10806,Comedy
9890,Comedy
9890,Science Fiction
9890,Horror
11837,Adventure
11837,Animation
11837,Drama
881164,Crime
881164,Mystery
881164,Thriller
77985,Drama
77985,Romance
9885,Horror
9885,Thriller
17134,Action
17134,Thriller
17134,Crime
10518,Thriller
10518,Crime
10518,Drama
873281,Unknown
1331375,Action
1331375,Thriller
168530,Action
168530,Comedy
9923,Action
9923,Drama
9923,Crime
9923,Thriller
209403,Comedy
12657,Comedy
20921,Action
555457,Family
555457,Fantasy
1743022,Fantasy
1743022,Documentary
12594,Fantasy
12594,Horror
1555331,Action
1555331,Comedy
350312,Action
350312,Adventure
350312,Fantasy
11426,War
11426,Romance
11426,Drama
178,Action
1233069,Thriller
1233069,Action
58224,Comedy
58224,Family
396263,Animation
396263,Science Fiction
396263,Action
396263,Drama
1754901,Drama
1160164,Music
41382,Comedy
10333,Drama
10333,Romance
1811,Comedy
1811,Drama
1811,Science Fiction
43519,War
43519,Action
43519,Drama
41505,Horror
41505,Mystery
41505,Thriller
7457,Crime
7457,Drama
7457,Thriller
271360,Documentary
10762,Comedy
10762,Action
10762,Adventure
10762,Mystery
2088,Crime
2088,Drama
2088,Romance
10849,Fantasy
10849,Comedy
10849,Romance
42700,Thriller
42700,Mystery
42700,War
42700,Crime
541,Drama
541,Crime
2302,Drama
1007560,Unknown
10552,Horror
10552,Thriller
12502,Drama
446696,Drama
446696,Romance
373774,Documentary
373774,History
373774,TV Movie
1611789,Comedy
1611789,Drama
1008102,Animation
1008102,Family
1008102,Comedy
33613,Action
33613,Thriller
33613,Crime
33613,Mystery
188166,Crime
188166,Thriller
119675,Drama
119675,Romance
848791,Thriller
848791,Crime
848791,Drama
676710,Animation
676710,Adventure
676710,Comedy
676710,Family
676710,Fantasy
408051,Drama
13477,Comedy
13477,Fantasy
13477,Romance
13022,Action
13022,Horror
13022,Thriller
1718061,Unknown
974663,Animation
974663,Adventure
974663,Fantasy
974663,Family
974663,Action
974663,Comedy
2312,Adventure
2312,Fantasy
788929,Drama
788929,Fantasy
788929,Horror
157370,Drama
157370,Romance
157370,Thriller
994,Thriller
994,Drama
994,Crime
60672,Action
60672,Thriller
60672,Crime
13531,Comedy
13531,Drama
13531,Romance
790459,Romance
790459,Science Fiction
790459,Drama
1284186,Adventure
1284186,Comedy
1284186,Action
597316,Animation
597316,Family
597316,Fantasy
597316,Comedy
597316,Adventure
452558,Action
452558,Crime
452558,Drama
452558,Thriller
24734,Thriller
24734,Action
24734,Adventure
24734,Drama
508664,War
508664,Action
508664,Drama
508664,History
402331,Action
402331,Thriller
699225,Documentary
302,Crime
302,Thriller
1370814,Drama
1370814,Thriller
1043565,Mystery
1043565,Thriller
1043565,Crime
480001,Comedy
480001,Thriller
480001,Drama
480001,Mystery
465136,Romance
465136,Fantasy
467952,Drama
467952,War
467952,Thriller
467952,History
1497348,Drama
1497348,Horror
1497348,Mystery
11692,Action
11692,Comedy
11692,Science Fiction
169219,Thriller
169219,Mystery
69735,Action
69735,Animation
69735,Crime
69735,Drama
69735,Thriller
1418657,Horror
1418657,Thriller
10275,Action
20829,Comedy
20829,Drama
10033,Comedy
10033,Romance
342521,Action
342521,Comedy
342521,Crime
3127,Horror
3127,Science Fiction
315189,Animation
1209288,Animation
1209288,Science Fiction
1209288,Action
9059,Horror
9059,Comedy
9059,Thriller
46517,Comedy
9074,Action
9074,Comedy
9074,Crime
1042657,Science Fiction
1042657,Thriller
1042657,Horror
373314,Drama
373314,Thriller
746346,Science Fiction
11655,Drama
11655,Horror
11655,Thriller
15596,Comedy
379170,Crime
379170,Drama
379170,Mystery
379170,Thriller
379170,TV Movie
11712,Drama
11712,Action
11712,Comedy
9449,Adventure
9449,Fantasy
9449,Action
9449,Comedy
9449,Family
245703,Adventure
245703,Drama
245703,Science Fiction
121876,Thriller
121876,History
10212,Adventure
10212,Western
10212,Horror
10212,Comedy
10212,Drama
257679,Drama
667183,Comedy
989662,Comedy
989662,Drama
15384,Action
15384,Adventure
15384,Drama
15384,History
15384,War
24226,Drama
227348,Horror
227348,Thriller
24752,Action
24752,Animation
24752,Science Fiction
1081012,Action
1081012,Thriller
48773,Drama
48773,Action
335788,Thriller
335788,Action
335788,War
17335,Drama
17335,Thriller
462183,Drama
462183,Romance
462183,Thriller
390303,Documentary
114478,Animation
114478,Action
114478,Science Fiction
40978,Drama
40978,Romance
14052,Comedy
63493,Drama
63493,Thriller
1026880,War
1026880,Drama
1026880,History
788973,Documentary
788973,History
11484,Science Fiction
11484,Action
486898,Drama
486898,Mystery
1755121,Drama
1079691,Unknown
387843,Drama
387843,Romance
337844,Drama
11647,Action
11647,Thriller
11647,Crime
1227816,Crime
1227816,Action
1227816,Thriller
844398,Thriller
844398,Horror
844398,Crime
844398,Mystery
1636891,Action
1636891,Drama
1476740,Horror
1476740,Thriller
113082,Animation
113082,Action
113082,Adventure
113082,Fantasy
113082,Drama
113082,Horror
10122,Family
10122,Science Fiction
10122,Adventure
374205,Action
374205,Animation
374205,Adventure
374205,Comedy
623117,Unknown
363358,Unknown
8348,Comedy
8348,Adventure
8348,Crime
1572017,Romance
1572017,Comedy
641284,Unknown
351694,Fantasy
351694,Animation
351694,Comedy
1675042,Animation
1675042,Music
42067,Animation
42067,Drama
42067,Fantasy
12107,Comedy
12107,Science Fiction
12705,Action
12705,Comedy
11543,Comedy
1754855,Horror
1754855,Mystery
13378,Animation
13378,Comedy
13378,Family
13378,Fantasy
797,Drama
1527163,Comedy
1527163,Romance
1527163,Fantasy
197158,Drama
197158,Horror
197158,Fantasy
197158,Comedy
19256,Action
19256,Animation
19256,Science Fiction
19256,War
123719,Unknown
438590,Science Fiction
438590,Action
438590,Adventure
438590,Family
343213,Drama
330483,Drama
330483,Romance
12151,Comedy
200085,Action
200085,Science Fiction
200085,Thriller
11076,Adventure
11076,Drama
11076,Family
609819,Drama
8427,Action
8427,Adventure
8427,Comedy
8427,Thriller
442567,Documentary
392216,Animation
392216,Comedy
392216,Family
392216,Science Fiction
392216,Adventure
392216,TV Movie
392216,Action
627290,Horror
1510769,Romance
1510769,Comedy
1510769,Drama
1534,Adventure
1534,Action
1049,Drama
1049,Thriller
1049,Mystery
1049,Romance
333348,Comedy
333348,Family
333348,Drama
4173,Drama
1746651,Thriller
912,Crime
912,Romance
912,Drama
912,Thriller
440918,Music
440918,Drama
542836,Crime
542836,Action
542836,Thriller
919207,Drama
919207,Thriller
919207,Action
919207,War
919207,History
919207,Crime
86828,Comedy
86828,Science Fiction
530896,Drama
530896,War
530896,History
75317,Horror
75317,Thriller
75317,Fantasy
22787,Action
22787,Crime
22787,Mystery
22787,Thriller
290864,Action
290864,Thriller
290864,Crime
290864,Adventure
1089834,Documentary
348056,Comedy
70513,Action
70513,Crime
70513,Thriller
5375,Action
5375,Comedy
5375,Drama
7979,Drama
1404404,Animation
1404404,Adventure
1404404,Comedy
283682,Unknown
1119853,Unknown
887357,Animation
887357,Science Fiction
887357,Action
1137047,Romance
972614,Action
972614,Crime
972614,Drama
972614,Thriller
537140,Drama
1264805,Romance
1264805,Drama
302429,Music
302429,Animation
302429,Family
302429,Fantasy
130925,Family
130925,Animation
130925,Comedy
536869,Fantasy
536869,Comedy
536869,Drama
1353117,Horror
1353117,Fantasy
1353117,Thriller
1353117,Mystery
1353117,Action
1359607,Animation
1359607,Comedy
1359607,Fantasy
1649591,Mystery
9726,Comedy
9726,Drama
9726,Romance
487680,Action
487680,Crime
487680,Drama
1290938,Animation
1290938,Comedy
1290938,TV Movie
375107,Animation
375107,Family
375107,Adventure
375107,Comedy
908135,Documentary
13078,Drama
498248,Adventure
498248,Family
498248,Drama
528085,Science Fiction
2405,Adventure
2405,Drama
2405,TV Movie
366924,Science Fiction
366924,Action
366924,Animation
366924,Adventure
366924,Crime
541502,Documentary
190502,Comedy
530442,Drama
530442,Thriller
530442,TV Movie
741074,Adventure
741074,Animation
741074,Comedy
741074,Family
741074,Fantasy
45132,Comedy
45132,Action
45132,Drama
12138,Action
12138,Adventure
12138,Comedy
12138,Crime
12138,Thriller
773655,Comedy
154547,Crime
9641,Comedy
9641,Family
9641,Adventure
2013,Drama
2013,History
961651,Documentary
21316,TV Movie
21316,Animation
21316,Family
21316,Comedy
21316,Science Fiction
301351,Drama
301351,Music
301351,Romance
301351,Comedy
481879,Action
481879,Comedy
481879,Romance
1124928,Comedy
1124928,Drama
37632,Adventure
37632,Action
37632,Comedy
10477,Action
10477,Drama
39828,Action
39828,Crime
703845,Comedy
703845,Fantasy
369942,Drama
721934,Documentary
70074,Action
70074,Crime
70074,Thriller
57737,Animation
57737,Family
57737,Fantasy
13980,Action
13980,Animation
13980,History
2900,Drama
2900,Science Fiction
2900,Thriller
845659,Drama
845659,Romance
19542,Drama
19542,Romance
1902,Drama
1902,Thriller
1902,Science Fiction
11866,Action
11866,Adventure
11866,Drama
487358,Crime
487358,Drama
13486,Action
13486,Adventure
13486,Fantasy
420426,Action
420426,Fantasy
420426,Adventure
10044,Action
10044,Comedy
864168,Comedy
1190012,Animation
1190012,Comedy
1190012,Science Fiction
1190012,TV Movie
1481609,Thriller
283587,Drama
283587,War
9787,Drama
990691,Thriller
18725,Action
18725,Crime
18725,Thriller
245916,Crime
245916,Drama
245916,Mystery
245916,Thriller
245916,History
1462229,Drama
1462229,Comedy
44935,Horror
44935,Thriller
17360,Drama
17360,War
62029,Comedy
1533222,Thriller
429417,Horror
429417,Drama
14291,Drama
5916,Action
5916,Crime
5916,Drama
5916,Thriller
1753614,Documentary
236399,Drama
236399,Mystery
236399,Thriller
236399,TV Movie
728761,War
728761,Drama
1610418,Horror
449503,Action
449503,Crime
1753495,Comedy
10388,Crime
10388,Drama
10388,Thriller
949581,Animation
1130782,Romance
1130782,Drama
273895,History
273895,Drama
38410,Horror
38410,Mystery
38410,Crime
38410,Thriller
221902,Drama
8285,Action
8285,Fantasy
8285,Crime
8285,Thriller
912916,Romance
912916,Drama
912916,Comedy
515724,Action
515724,Drama
1753088,Drama
88794,Drama
88794,Crime
88794,History
10218,Comedy
10218,Drama
18771,Drama
18771,War
31606,Thriller
31606,Action
26963,Animation
26963,Family
26963,Fantasy
27465,Crime
27465,Comedy
27465,Mystery
470888,Drama
25983,Horror
25983,Mystery
11037,Action
16520,Romance
16520,History
16520,Drama
29077,Drama
29077,Horror
29077,Romance
29077,Science Fiction
9873,Action
9873,Thriller
1245,Drama
1245,Romance
41791,Drama
41791,Romance
11377,Horror
852448,Crime
852448,Thriller
1060185,Documentary
995989,Documentary
995989,Adventure
157155,Comedy
157155,Drama
13159,Drama
13159,Comedy
13159,Romance
1020696,Horror
1020696,Thriller
1754427,Horror
1469164,Drama
1469164,Western
4515,Action
4515,Adventure
4515,Drama
4515,History
411976,Drama
869025,Drama
869025,Comedy
999582,Comedy
794734,Comedy
1477104,Animation
1477104,Comedy
1477104,Family
1477104,Adventure
1477104,Horror
39412,Drama
39412,Romance
1308553,Romance
1308553,Comedy
13001,Action
13001,Adventure
13001,Science Fiction
13001,TV Movie
1747780,Unknown
1639398,Thriller
1639398,Horror
11654,Horror
11654,Drama
1631485,Comedy
1631485,Drama
456750,Action
456750,Comedy
931642,Action
931642,Thriller
357096,Horror
8952,Comedy
8952,Crime
8952,Drama
8952,Romance
1650556,Comedy
1650556,History
609313,Unknown
1171462,Action
1171462,Adventure
1171462,Comedy
1748379,Drama
215269,Family
215269,Comedy
15854,Animation
15854,Family
15854,Action
1477108,Drama
1477108,Thriller
987400,Animation
987400,Action
987400,Fantasy
1200320,Thriller
1200320,Western
939979,Thriller
939979,Crime
939979,Drama
11252,Horror
11252,Mystery
11252,Thriller
988,Drama
988,Thriller
522459,Drama
277547,Comedy
277547,Romance
1501523,Comedy
479226,Crime
479226,Thriller
479226,Mystery
479226,Drama
15916,Animation
15916,Fantasy
15916,Mystery
15916,Science Fiction
492008,Action
492008,Drama
492008,History
1737119,Unknown
825597,Family
825597,Animation
825597,Comedy
825597,Science Fiction
15379,Action
15379,Adventure
15379,Thriller
15379,War
10852,Action
10852,Comedy
10852,Fantasy
10852,Thriller
14830,Action
14830,Animation
14830,Fantasy
14830,Science Fiction
63492,Comedy
63492,Romance
1426518,Documentary
2752,Comedy
2752,Romance
1585476,Documentary
1585476,Drama
15849,Horror
15849,Fantasy
869291,Horror
869291,Mystery
869291,Thriller
9422,Drama
38921,Crime
38921,Comedy
5651,Comedy
1016011,Romance
11372,Adventure
11372,Drama
11372,Action
11372,Thriller
11372,War
3980,Comedy
3980,Horror
3980,Science Fiction
1301994,Drama
1754265,Horror
428352,Drama
1750935,Drama
1750935,Romance
550353,Drama
538335,Romance
653851,War
653851,Drama
653851,History
6951,Action
6951,Comedy
6951,Thriller
6951,Crime
6951,Family
451520,Documentary
5335,Mystery
5335,Drama
585378,Science Fiction
585378,Drama
667257,Family
667257,Drama
68817,Drama
68817,Music
68817,Romance
782622,Documentary
1447392,Drama
1447392,Romance
428449,Drama
428449,Fantasy
428449,Romance
1103257,Drama
6878,Adventure
6878,Comedy
6878,Family
106021,Action
106021,Thriller
11227,Romance
11227,Comedy
11227,Drama
11227,Fantasy
10348,Action
10348,Thriller
33380,Comedy
33380,Science Fiction
1586573,Drama
1586573,Family
483411,Comedy
483411,Drama
9073,Family
9073,Adventure
9073,Drama
9073,Comedy
67913,Action
67913,Comedy
67913,Thriller
67913,Crime
127493,Action
127493,Crime
127493,Thriller
1748764,Unknown
1710,Thriller
1710,Crime
1710,Mystery
341012,Comedy
341012,Music
960292,Romance
960292,Drama
502682,Romance
502682,Comedy
502682,Drama
586047,Science Fiction
586047,Action
586047,Thriller
586047,Mystery
189312,Crime
189312,Drama
1435447,Documentary
1435447,History
10836,Fantasy
10836,Horror
10836,Thriller
1006033,Drama
1006033,Romance
115782,Drama
115782,History
814340,Comedy
814340,Drama
814340,Romance
15413,Comedy
2453,Action
2453,Thriller
463555,Drama
463555,Mystery
14510,Horror
14510,Science Fiction
27585,Drama
2433,Romance
2433,Comedy
2433,Drama
202960,Drama
202960,Thriller
24230,Science Fiction
24230,Thriller
24230,Action
26263,Crime
26263,Action
26263,Thriller
26263,Drama
17455,Horror
17455,Thriller
950643,Documentary
985602,Comedy
985602,Drama
81672,Drama
163011,Family
163011,Fantasy
86255,Comedy
86255,Romance
21422,Animation
21422,Crime
21422,Mystery
21422,Adventure
718444,Action
718444,Adventure
16558,Romance
16558,Comedy
16558,Crime
4985,Comedy
4985,Drama
4985,Crime
187596,Comedy
1391239,Music
1391239,Comedy
1391239,Drama
1262983,Horror
1262983,Thriller
21057,Animation
21057,Drama
21057,Romance
21057,TV Movie
661231,War
661231,History
661231,Drama
1290424,Drama
1290424,History
10155,Crime
10155,Drama
10155,Thriller
10155,Romance
339,Comedy
339,Drama
10838,Horror
10838,Science Fiction
13350,Animation
13350,Family
13350,TV Movie
13350,Mystery
13350,Fantasy
11817,Action
11817,Comedy
11817,Fantasy
272108,Animation
272108,Horror
272108,Science Fiction
1312150,Comedy
1574042,Science Fiction
1574042,Action
15003,Action
15003,Crime
18905,Comedy
18905,Adventure
465086,Horror
465086,Mystery
9568,Thriller
9568,Horror
1225572,Horror
1225572,Comedy
860159,Comedy
860159,Romance
604872,Action
604872,Adventure
397722,Drama
397722,Thriller
1443762,Thriller
1443762,Crime
1443762,Drama
916728,Science Fiction
916728,Thriller
1032372,Thriller
1032372,Horror
581032,Drama
581032,Western
581032,Adventure
29912,Drama
29912,History
675025,Thriller
1728056,Documentary
49948,Animation
49948,Family
49948,Music
36576,Comedy
36576,Crime
36576,Mystery
500561,Animation
1748218,Music
1748218,Drama
1030110,Unknown
170028,Comedy
11361,Horror
11361,Thriller
149509,Drama
149509,Fantasy
149509,Thriller
727333,Comedy
727333,Drama
630699,Drama
773804,Drama
773804,Romance
11524,Crime
11524,Thriller
11524,Drama
10956,Adventure
10956,Comedy
3172,Comedy
3172,Crime
11293,Comedy
11293,Crime
11293,Drama
27526,Drama
27526,Thriller
1748007,Animation
1748007,Adventure
14207,Adventure
14207,Action
14207,Fantasy
13398,Animation
13398,Drama
13398,Comedy
809297,Drama
26953,Horror
75233,Drama
415976,Drama
588921,Adventure
588921,Animation
588921,Family
588921,Fantasy
307752,History
307752,Drama
27902,Romance
27902,Comedy
76589,Action
76589,Animation
76589,Science Fiction
76589,Fantasy
10743,Action
10743,Comedy
10743,Thriller
10743,Crime
10743,Mystery
151024,Comedy
171424,Adventure
171424,Horror
9622,Comedy
9622,Action
10622,Crime
10622,Action
10622,Comedy
460321,Action
460321,Adventure
460321,Thriller
280019,Action
280019,Crime
280019,Thriller
853987,Romance
853987,Fantasy
575813,Drama
575813,Crime
575813,Romance
1754221,Drama
1754221,History
638597,Family
638597,Comedy
14035,Comedy
101731,Drama
101731,Comedy
1105602,Drama
1105602,Romance
585244,Music
585244,Drama
585244,Romance
800497,Horror
800497,Comedy
53848,Unknown
41961,Drama
41961,Romance
406436,Comedy
406436,Drama
1141182,Horror
1141182,Thriller
1141182,Science Fiction
111485,Comedy
111485,Fantasy
111485,Family
111485,TV Movie
1755232,Unknown
514593,Horror
514593,Thriller
157834,Drama
157834,Fantasy
157834,Science Fiction
47423,Action
47423,Comedy
47423,Thriller
47423,Crime
11549,Science Fiction
11549,Horror
11549,Thriller
11546,Comedy
11546,Crime
524348,Drama
26171,Drama
1854,Comedy
388284,Mystery
388284,Drama
388284,Horror
34320,Comedy
142093,Romance
142093,Drama
1032185,Horror
570480,Animation
570480,Adventure
570480,Family
570480,Comedy
570480,Music
698067,Documentary
1024604,Adventure
1024604,Animation
1024604,Family
1024604,Fantasy
10885,Horror
10885,Mystery
10885,Thriller
460846,Action
460846,Thriller
460846,Crime
760883,Horror
760883,Thriller
760883,Action
568435,Documentary
11531,Horror
11531,Mystery
10152,Comedy
1244517,Drama
1119779,Documentary
267192,History
267192,Drama
152599,Drama
152599,Romance
824392,Drama
824392,Romance
3179,Animation
3179,Comedy
3179,Adventure
3179,Crime
3179,Music
293768,Action
293768,Thriller
13250,Crime
13250,Drama
13250,Thriller
339121,Documentary
401905,Drama
401905,Science Fiction
401905,Thriller
21733,Action
21733,Comedy
21733,Romance
19918,Comedy
19918,Romance
750253,Thriller
750253,Crime
750253,Drama
25137,Thriller
347984,Action
347984,Drama
347984,History
347984,Thriller
819681,Documentary
9090,Comedy
9090,Drama
829166,Documentary
12535,Comedy
12535,Mystery
12535,Thriller
12535,Crime
343674,Horror
343674,Thriller
343674,Drama
651045,Drama
651045,Romance
2577,Drama
2577,Science Fiction
2577,Thriller
30061,Animation
30061,Science Fiction
30061,Fantasy
1040656,Unknown
829799,Action
829799,Crime
829799,Thriller
64269,Drama
64269,Family
64269,Romance
64269,TV Movie
1407861,Thriller
1407861,Horror
1407861,Action
294016,Drama
212162,Mystery
212162,Animation
212162,Fantasy
82505,Horror
82505,Thriller
643661,Drama
1276073,Action
1276073,Thriller
1276073,Crime
1276073,Drama
20694,Family
20694,Comedy
20694,Adventure
20694,Animation
20694,Fantasy
16608,Western
16608,Drama
741228,Comedy
741228,Crime
741228,Romance
1624564,Comedy
1001865,Animation
1001865,Family
1001865,Fantasy
1145840,Drama
515042,Documentary
515042,Adventure
20677,Animation
20677,Crime
20677,Drama
20677,Mystery
20677,Adventure
594342,Documentary
594342,Drama
1748841,Horror
1748841,Action
1748841,Science Fiction
1244416,Drama
1188258,Romance
1188258,Drama
2148,Crime
2148,Drama
10618,Action
10618,Comedy
829051,Comedy
762770,Documentary
342878,Drama
342878,Romance
741485,Drama
10035,Comedy
10035,Drama
10035,Romance
77185,Romance
77185,Drama
77185,Comedy
827931,Horror
827931,Science Fiction
827931,Thriller
514921,Adventure
514921,Drama
514921,Romance
1675418,Thriller
983,Adventure
983,Drama
407962,Drama
12761,Drama
12761,Music
122705,Drama
122705,Romance
713301,Documentary
1541932,Documentary
436343,Drama
436343,Romance
436343,Fantasy
13435,Drama
13435,History
13435,Romance
7514,Crime
7514,Drama
7514,Music
407448,Drama
407448,Thriller
407448,History
1611977,Horror
1611977,Science Fiction
1611977,Thriller
814757,Drama
814757,Romance
76544,Action
76544,Drama
264656,Western
264656,Drama
489430,Horror
9271,Action
9271,Crime
9271,Science Fiction
9271,Thriller
481327,Drama
287,Comedy
287,Romance
33196,Action
33196,Drama
33196,Thriller
1737292,Horror
1737292,Comedy
94365,Horror
668640,Comedy
668640,Drama
8270,Crime
8270,Drama
8270,Thriller
1226299,Drama
278774,TV Movie
278774,Comedy
278774,Family
3089,Western
591275,Mystery
591275,Horror
1600028,Drama
340357,Thriller
340357,Adventure
340357,Animation
340357,Comedy
340357,Fantasy
340357,Science Fiction
2269,Fantasy
2269,Action
2269,Adventure
2269,Horror
2269,Thriller
10163,Science Fiction
10163,Horror
1619,Action
1619,Crime
1619,Drama
1619,Thriller
8592,Adventure
8592,Comedy
8592,Crime
1418709,Comedy
1179684,Action
1179684,Thriller
1179684,Horror
1530349,Drama
10135,Action
10135,Thriller
196254,Animation
196254,Family
196254,Fantasy
1363879,Romance
1363879,Comedy
222936,Drama
222936,Comedy
222936,Romance
11708,Family
11708,Adventure
11708,Fantasy
11708,Comedy
271116,Drama
43209,Action
43209,Adventure
43209,History
429469,Drama
283984,Action
283984,Animation
283984,Drama
283984,Fantasy
283984,Romance
683739,Unknown
1753297,Unknown
13572,Action
13572,Adventure
13572,Crime
13572,Drama
13572,Thriller
10242,Drama
10242,Horror
10242,Thriller
428777,Documentary
411840,Animation
411840,Family
411840,Comedy
550231,Drama
550231,Romance
728142,Drama
18674,Drama
18674,Action
18674,Thriller
10606,Science Fiction
10606,Adventure
10606,Thriller
397539,Crime
397539,Drama
397539,Romance
408542,Drama
850,Comedy
850,Family
1529419,Comedy
9777,Drama
9777,Mystery
343749,Thriller
343749,Drama
343749,Mystery
430682,Action
430682,Adventure
430682,Comedy
430682,Crime
430682,Thriller
1549709,Comedy
1549709,Horror
1426297,Horror
1753397,Unknown
1753053,Horror
1753053,Thriller
1753053,Comedy
16082,Drama
16082,Thriller
1536433,Drama
107811,Comedy
14092,Action
14092,Animation
14092,Crime
14092,Science Fiction
10551,Crime
10551,Drama
10551,Comedy
70057,Drama
70057,Action
70057,Thriller
813726,Romance
813726,Comedy
557564,Documentary
1410,Comedy
1410,Science Fiction
759902,Horror
759902,Thriller
759902,Mystery
339404,Comedy
339404,Romance
1658214,Drama
9666,Horror
9666,Thriller
16083,Drama
16083,Thriller
1235746,Thriller
1235746,Action
21452,Animation
21452,Crime
21452,Mystery
21452,Adventure
293646,Drama
293646,History
823766,Drama
823766,Mystery
10349,Mystery
10349,Horror
11123,Action
11123,Drama
11123,Thriller
378111,Animation
378111,Family
378111,Fantasy
378111,Adventure
378111,Comedy
216471,Romance
216471,Drama
1731348,Comedy
13465,Horror
13465,Fantasy
13465,Animation
13465,Family
853269,Unknown
259072,Horror
35690,Drama
35690,Family
35690,Romance
659940,Thriller
659940,Crime
107827,Comedy
672647,Fantasy
672647,Romance
2742,Crime
2742,Drama
9585,Drama
9585,Thriller
2212,Drama
2212,Horror
2212,Thriller
4688,Drama
4688,Romance
4688,Fantasy
426814,Horror
426814,Thriller
598553,Drama
598553,Romance
26612,Adventure
26612,Family
26612,TV Movie
8197,Mystery
8197,Crime
8197,Drama
11034,Drama
11034,Romance
203696,Family
203696,Adventure
203696,Animation
203696,Comedy
203696,Mystery
323676,Comedy
736073,Animation
736073,Mystery
736073,Action
736073,Crime
666154,Animation
666154,Adventure
666154,Family
471676,Comedy
471676,Drama
471676,Music
471676,Romance
401371,Science Fiction
401371,Mystery
401371,Thriller
433738,Unknown
493192,Unknown
270531,Unknown
41472,Drama
41472,Romance
41472,Thriller
41472,Horror
41472,Mystery
14756,Drama
14756,Action
14756,History
8851,Horror
8851,Science Fiction
27769,Horror
27769,TV Movie
848123,Action
848123,Thriller
848123,Crime
848123,Drama
10951,Adventure
10951,Action
10951,Comedy
10951,Romance
176467,Unknown
1458215,Action
1458215,Crime
1458215,Thriller
1585657,Comedy
1585657,Drama
1236419,Animation
1236419,Music
1236419,Documentary
338155,Comedy
338155,Drama
290764,Action
1623376,Action
1623376,Drama
17443,Drama
1373198,Horror
1373198,Thriller
778855,Animation
778855,Adventure
778855,Comedy
778855,Family
778855,Fantasy
481093,Drama
524216,Fantasy
524216,Horror
1146344,Action
1146344,Crime
1146344,Thriller
363992,Crime
363992,Drama
363992,TV Movie
9021,Fantasy
9021,Comedy
9021,Family
1530875,Thriller
1530875,Crime
1530875,Mystery
1847,Mystery
1847,Drama
1847,Crime
523781,Drama
523781,Romance
531,Animation
531,Comedy
531,Family
1383750,Action
1383750,Crime
1383750,Thriller
10164,Comedy
10164,Drama
10164,Crime
216527,Science Fiction
216527,Adventure
216527,Action
16633,Drama
16633,Fantasy
16633,Romance
39850,Drama
39850,Romance
12516,Fantasy
12516,Drama
596,Drama
95661,Comedy
16225,Action
16225,Adventure
16225,Animation
16225,Fantasy
16225,Science Fiction
34803,Comedy
830764,Horror
1712326,Action
1712326,War
7289,Drama
900379,Drama
900379,Romance
900379,Comedy
1164355,Horror
1164355,Thriller
458344,Comedy
458344,Drama
458344,Romance
1754204,Drama
12593,Animation
12593,Comedy
12593,Drama
13767,Comedy
13767,Family
13767,Adventure
188813,Crime
188813,Horror
716612,Drama
1013601,Crime
1013601,Drama
1013601,History
336004,Action
336004,Crime
336004,Thriller
336004,Drama
336004,TV Movie
64,Drama
64,Romance
485767,Comedy
485767,Adventure
318781,Drama
318781,History
660000,Drama
660000,Romance
660000,History
1324402,Drama
938150,Thriller
938150,Crime
1931,Drama
1931,Music
452,Comedy
452,Drama
505283,Romance
505283,Drama
974808,Documentary
141123,Drama
141123,Science Fiction
12763,Drama
12763,Music
642363,Adventure
642363,Music
1047020,Crime
1047020,Drama
1047020,Thriller
1433330,Comedy
1433330,Music
1433842,Romance
1433842,Comedy
204,Drama
204,Thriller
204,Adventure
9009,Horror
9009,Mystery
91010,TV Movie
91010,Drama
91010,Comedy
91010,History
1037858,Animation
1037858,Comedy
1037858,Family
1338799,Animation
1338799,Action
1338799,Fantasy
11566,Comedy
1742084,Horror
16620,Drama
16620,Music
531499,Action
531499,Crime
531499,Drama
347541,Documentary
455411,Animation
455411,Comedy
455411,Family
455411,Adventure
455411,Fantasy
11157,Comedy
505225,Drama
505225,Thriller
337676,Romance
337676,Drama
35044,Drama
35044,TV Movie
435615,Horror
435615,Thriller
435615,Science Fiction
990,Drama
990,Romance
11867,Science Fiction
11867,Action
11867,Adventure
662708,Animation
662708,Adventure
662708,Family
662708,Fantasy
455383,Documentary
1748666,Unknown
36592,Comedy
36592,Music
1013860,Fantasy
1013860,Action
1013860,Comedy
1753227,Horror
476,Drama
476,Crime
435901,Romance
435901,Drama
435901,Thriller
1465685,Thriller
10658,Comedy
10658,Adventure
10658,Science Fiction
2469,Comedy
2469,Romance
2469,Drama
16643,Comedy
16643,Drama
16643,Romance
651114,Drama
1403003,Comedy
1403003,Music
956491,Drama
956491,Horror
930600,Horror
930600,Thriller
800510,Thriller
800510,Mystery
800510,Crime
13944,Drama
13944,Mystery
13944,Thriller
13944,Romance
922965,Documentary
633168,Documentary
1005693,Comedy
1005693,Drama
342173,Comedy
11344,Action
11344,Drama
11344,Crime
1263421,Animation
1263421,Action
1263421,Fantasy
450460,Drama
450460,Music
795811,Drama
795811,Romance
16198,Animation
16198,Comedy
16198,Family
1299652,Animation
1299652,Mystery
1299652,Science Fiction
1299652,Drama
448312,Documentary
511785,Comedy
511785,Drama
39206,Animation
39206,Adventure
600323,Drama
28764,Animation
28764,Crime
28764,Mystery
28764,Thriller
1533029,Romance
1533029,Drama
1007847,Unknown
842544,Crime
842544,Action
842544,Drama
403346,Animation
403346,Fantasy
403346,Romance
2071,Mystery
2071,Thriller
1127879,Documentary
294163,Unknown
302349,Action
302349,Comedy
302349,Fantasy
302349,Science Fiction
195590,Thriller
195590,Action
523773,Comedy
523773,Romance
136234,Unknown
2084,Comedy
2084,Crime
2084,Thriller
883954,Western
883954,Drama
247,Crime
247,Thriller
247,Drama
676547,Horror
676547,Thriller
615658,Drama
615658,Science Fiction
615658,Thriller
1437256,Drama
13851,Action
13851,Crime
13851,Animation
13851,Drama
13851,Science Fiction
1507573,Drama
1507573,Comedy
1667364,Unknown
20334,Comedy
20334,Drama
20334,Romance
77987,Drama
77987,Thriller
77987,Crime
517691,Drama
58633,Drama
52526,Adventure
52526,Romance
333456,Unknown
207508,Comedy
701219,Unknown
506072,Science Fiction
15657,Adventure
15657,Animation
15657,Family
298026,Science Fiction
298026,Crime
298026,Horror
14576,Action
14576,Thriller
14576,Crime
962091,Animation
11853,Romance
11853,Western
67883,Drama
67883,Action
67883,Crime
1264397,Horror
417590,Unknown
1627045,Romance
1627045,Drama
1627045,Comedy
500852,Action
12554,Crime
12554,Drama
451624,Horror
1494809,Documentary
366668,Family
366668,Animation
366668,Comedy
366668,Adventure
366668,Fantasy
334521,Action
334521,Crime
334521,Mystery
29039,Action
29039,Adventure
724406,Drama
724406,TV Movie
486947,Thriller
486947,Drama
486947,Crime
70626,Documentary
1596248,Drama
821881,Drama
821881,History
1922,Drama
663260,Mystery
663260,Thriller
663260,Drama
927107,Action
927107,Thriller
15775,Drama
15775,Romance
15775,Fantasy
58395,Music
58395,Documentary
1234054,Animation
1234054,Family
1003733,Drama
39464,Science Fiction
39464,Action
39464,Horror
92694,Drama
92694,Action
92694,Thriller
92694,Horror
23706,Comedy
22897,Comedy
22897,Romance
336009,Documentary
65496,Drama
17663,Family
17663,Drama
11085,Adventure
11085,Drama
11085,History
1239447,Drama
1039690,Thriller
1039690,Action
1039690,Crime
1039690,Drama
18248,Action
18248,Thriller
10635,Comedy
10635,Drama
10635,Romance
9694,Horror
9694,Mystery
9694,Fantasy
45454,Action
45454,Comedy
45454,Science Fiction
15071,Action
15071,Adventure
15071,Drama
15071,Thriller
19576,Action
19576,Animation
19576,Adventure
19576,Comedy
19576,Fantasy
74513,Action
74513,Drama
74513,War
21453,Animation
21453,Fantasy
21453,Horror
718400,Thriller
718400,Horror
718400,Crime
718400,Action
234200,Drama
234200,Comedy
1217602,Action
1217602,Crime
1217602,Comedy
1100848,Unknown
198672,Drama
1595481,Documentary
1595481,Crime
1235761,Comedy
397560,Thriller
39101,Action
39101,Animation
39101,Science Fiction
39101,TV Movie
547341,Drama
857800,Documentary
857800,Music
42814,Comedy
42814,Crime
42814,Drama
42814,Romance
1235304,History
1235304,Drama
1235304,Comedy
1235304,Romance
802217,Family
802217,Comedy
401246,Drama
10714,Family
10714,Adventure
10714,Drama
357469,Adventure
463580,Drama
10073,Comedy
10073,Romance
11860,Romance
11860,Drama
11860,Comedy
931035,Drama
17965,Horror
17965,Comedy
13701,Drama
13701,Music
13701,Romance
209242,Documentary
209242,TV Movie
1375831,Horror
564147,Action
564147,Thriller
564147,Adventure
564147,Crime
12211,Action
12211,Adventure
12211,Fantasy
118406,Animation
118406,Fantasy
118406,Action
36492,Drama
36492,Romance
36492,Comedy
1744866,Unknown
1756547,Drama
104755,Horror
104755,Thriller
637599,Unknown
31176,Comedy
2928,Comedy
2928,Drama
2928,Fantasy
864959,Comedy
864959,Horror
430583,Documentary
430583,Drama
128241,Thriller
128241,Drama
128241,Crime
610892,Drama
610892,Fantasy
610892,Animation
1354795,Drama
696157,Music
696157,Drama
1735711,Drama
505058,Horror
86983,Drama
1247019,Horror
1247019,Thriller
1247019,Action
700199,Romance
845222,Drama
845222,Fantasy
845222,Thriller
7012,Science Fiction
7012,Drama
7012,TV Movie
595586,Drama
14289,Action
14289,Thriller
523172,Comedy
523172,Drama
332062,Unknown
559064,Horror
559064,Thriller
38541,Horror
38541,Science Fiction
38541,Thriller
10480,Comedy
10480,Crime
10480,Thriller
10480,Drama
451955,Romance
451955,Thriller
451955,Drama
409916,Documentary
11027,Crime
11027,Romance
11027,Drama
11027,Thriller
162215,Drama
162215,Romance
162215,Science Fiction
262391,Comedy
408978,Drama
17165,Action
17165,Animation
17165,Fantasy
17165,Drama
734002,Animation
734002,History
734002,Drama
798559,Fantasy
4889,Thriller
878361,History
878361,Drama
14447,Family
14447,Animation
14447,Comedy
14447,Mystery
14447,Romance
452557,War
452557,Action
12797,Comedy
12797,Romance
12797,Drama
12797,Fantasy
888321,Drama
888321,History
326501,Documentary
43231,Drama
43231,Romance
884184,Horror
884184,Thriller
12710,Comedy
1531626,Music
666243,Animation
666243,Action
666243,Fantasy
359412,Action
359412,Adventure
359412,Crime
359412,Thriller
442065,Drama
442065,Action
442065,War
10053,Horror
10053,Mystery
1728566,Crime
1728566,Action
9318,Family
9318,Animation
9318,Adventure
9318,Comedy
733442,Animation
429245,Romance
429245,Drama
429245,Fantasy
1116490,Action
1116490,Thriller
1395035,Thriller
1286185,Horror
1286185,Fantasy
1014661,Horror
1014661,Mystery
7874,Drama
879689,Drama
879689,Thriller
879689,Horror
879689,Comedy
879689,Mystery
811941,Action
811941,Drama
604282,Drama
575094,Adventure
575094,Fantasy
575094,Mystery
34067,Family
34067,Adventure
34067,Animation
34067,Fantasy
34067,Action
34067,Science Fiction
530,Family
530,Animation
530,Comedy
530,Science Fiction
530,Adventure
708442,Comedy
27374,Horror
27374,Thriller
2331,Adventure
2331,Drama
2331,TV Movie
21450,Drama
21450,Comedy
555974,Horror
555974,Mystery
555974,Thriller
378059,Drama
724282,Drama
20210,Action
20210,Comedy
20210,Adventure
1123276,Drama
1061990,Action
1061990,Comedy
789213,Comedy
12613,Animation
12613,Action
10364,War
10364,Comedy
675319,Science Fiction
675319,Thriller
675319,Mystery
112336,Drama
139567,Action
139567,Crime
139567,Drama
139567,Thriller
485415,Action
485415,Horror
1225943,Adventure
1225943,Action
1225943,Science Fiction
1225943,Music
1225943,Crime
125157,Drama
125157,Romance
921452,Drama
921452,History
921452,Romance
14620,Drama
14620,Science Fiction
14620,Thriller
458083,Romance
10679,Action
10679,Comedy
10679,Science Fiction
63197,Drama
63197,Horror
63197,Thriller
368528,Drama
107748,Crime
107748,Drama
9474,Comedy
9474,Western
1610413,Documentary
1075519,Thriller
1075519,Mystery
1075519,Action
1075519,Crime
1075519,Drama
664850,Animation
664850,Family
573364,Animation
573364,Crime
573364,Mystery
573364,TV Movie
573364,Comedy
5910,Crime
5910,Drama
221731,Action
221731,Adventure
221731,Drama
221731,Fantasy
346094,Comedy
388202,Thriller
388202,Crime
888867,Unknown
250124,Drama
250124,Romance
250124,Comedy
32029,Thriller
32029,Action
11689,Action
11689,Comedy
811631,Adventure
811631,Drama
811631,Mystery
811631,Thriller
4193,Thriller
4193,Crime
4193,Mystery
4193,Drama
853376,Drama
425650,Romance
425650,Drama
425148,Adventure
425148,Crime
425148,Family
425148,Comedy
46169,Drama
46169,Family
46169,Fantasy
46169,TV Movie
11780,Adventure
11780,History
11780,Drama
11780,Action
11780,War
3084,Drama
3084,Romance
32847,Romance
32847,Drama
1473148,Drama
1105407,Action
1105407,Drama
1105407,Thriller
1105407,Crime
83686,Drama
83686,Thriller
390678,Action
390678,Drama
511817,Animation
511817,Comedy
511817,Fantasy
511817,Adventure
511817,Horror
1241934,Crime
1241934,Drama
14609,Action
14609,Animation
14609,Family
14609,Adventure
14609,Science Fiction
198911,Drama
811342,Animation
811342,Documentary
23488,Fantasy
23488,Drama
23488,Thriller
40885,Drama
40885,Romance
236751,Drama
1944,Drama
1461201,Animation
1461201,Drama
1461201,Mystery
1461201,Fantasy
588367,Drama
521034,Family
521034,Fantasy
521034,Drama
38093,Romance
38093,Comedy
1262426,Drama
1262426,Comedy
876619,Horror
12690,Drama
12690,Western
12690,Crime
1727650,Drama
1727650,Romance
452848,Thriller
12228,Documentary
12228,History
330397,Drama
330397,War
878380,Unknown
10019,Comedy
10019,Romance
10019,Fantasy
435601,Crime
435601,Thriller
435601,Action
385332,Crime
385332,Drama
385332,Thriller
385332,Action
385332,Comedy
385332,Mystery
1628123,Music
1628123,Documentary
13576,Music
13576,Documentary
9683,Comedy
9683,Adventure
9683,Romance
409994,Unknown
715503,Comedy
1121070,Drama
1121070,Comedy
11086,Drama
11086,Romance
1556783,Comedy
1556783,Drama
807339,Horror
807339,Thriller
249511,Documentary
45752,Animation
45752,Comedy
45752,Family
45752,Mystery
19673,Science Fiction
19673,Adventure
19673,Comedy
1589891,Comedy
1589891,Action
157772,Comedy
157772,Romance
717082,Documentary
297725,Adventure
297725,Comedy
976584,Adventure
976584,Comedy
976584,Drama
1147710,Action
1147710,Thriller
1147710,Crime
8512,Thriller
8512,Crime
8512,Drama
8512,Mystery
10117,Action
10117,Comedy
997791,Drama
931493,Drama
931493,Thriller
77887,Animation
77887,Family
77887,Comedy
517093,Drama
517093,Action
517093,War
80623,Unknown
725223,Thriller
725223,Horror
1134433,Horror
1134433,Thriller
1753905,Drama
419446,Drama
43436,Romance
43436,Drama
43436,Family
259475,Drama
259475,History
21734,Thriller
21734,Mystery
21734,Crime
37292,Western
37292,Drama
37292,Romance
220286,Thriller
220286,Mystery
11888,Comedy
11888,Family
11888,Adventure
10644,Drama
10644,Romance
10616,Action
10616,Comedy
10616,Thriller
9490,Comedy
9490,Crime
73358,Mystery
73358,Thriller
73358,Drama
130270,Documentary
1087040,Documentary
362113,Unknown
879805,Documentary
879805,Music
740952,Action
740952,Thriller
18861,Adventure
18861,Animation
18861,Action
1975,Horror
1975,Thriller
15136,Action
15136,Thriller
1748382,Drama
354859,History
354859,Romance
354859,Drama
91342,Animation
91342,Family
286457,Drama
30829,Comedy
30829,Romance
30829,Horror
740356,Animation
785545,Animation
785545,Comedy
785545,Family
525554,Action
525554,Drama
525554,Thriller
511142,Animation
351901,Action
351901,Thriller
351901,Crime
98008,Drama
98008,Comedy
1020399,Documentary
1674898,Drama
271749,Drama
25676,Drama
25676,Action
25676,Comedy
118957,Horror
1470329,Animation
1470329,Drama
1470329,Fantasy
1008779,Action
505579,Thriller
505579,Crime
1109774,Family
1309012,Science Fiction
1309012,Action
15516,Horror
15516,Crime
25678,Action
18500,Family
18500,Comedy
13190,Animation
13190,Horror
13190,Science Fiction
13190,Thriller
681604,Unknown
514207,Science Fiction
514207,Drama
514207,Action
1254388,Horror
1254388,Thriller
572164,Action
572164,Comedy
821,Drama
821,History
1753608,Drama
802143,Drama
12715,Action
12715,Adventure
12715,Comedy
355838,Drama
447759,Comedy
447759,Drama
447759,Romance
1121575,Animation
1121575,Science Fiction
1121575,Action
1121575,Adventure
1364271,History
1364271,Action
748853,Horror
748853,Science Fiction
748853,Thriller
46528,Adventure
46528,Fantasy
46528,Action
46528,Western
46528,Thriller
476709,Unknown
266617,Drama
1596260,Drama
1596260,Thriller
1127175,Thriller
1127175,Horror
11323,Drama
11323,Comedy
11323,Crime
13807,Action
13807,Crime
13807,Thriller
76122,Adventure
76122,Fantasy
76122,Science Fiction
76122,Action
799715,Drama
471474,Thriller
471474,Action
471474,Animation
471474,Science Fiction
13401,Comedy
13401,Romance
837271,Science Fiction
837271,Horror
754032,Unknown
42246,Animation
42246,Comedy
42246,Family
42246,Action
980401,Drama
560050,Animation
560050,Adventure
560050,Family
560050,Fantasy
4965,Action
4965,Science Fiction
4965,Thriller
21334,Drama
21334,Family
8289,Thriller
8289,Crime
8289,Drama
8289,Mystery
9687,Comedy
260528,Drama
260528,War
786338,Drama
1029880,Horror
1029880,Thriller
1029880,Mystery
704,Comedy
704,Music
21647,Romance
21647,Comedy
38543,Romance
38543,Adventure
38543,Action
38543,History
438170,Documentary
63574,Comedy
63574,Music
519010,Drama
9682,Horror
9682,Science Fiction
9682,Mystery
9682,Drama
59902,Action
59902,Drama
59902,Crime
739547,Animation
739547,Fantasy
739547,Family
21610,Action
21610,Crime
21610,Thriller
1620682,Romance
1620682,Comedy
3780,Drama
896453,Romance
896453,Comedy
896453,Action
653481,Documentary
1325541,Horror
690,Crime
690,Drama
567797,Crime
567797,Thriller
567797,Mystery
50357,Horror
50357,Science Fiction
50357,Thriller
449118,Documentary
449118,War
17835,War
17835,Drama
17835,Science Fiction
39781,Comedy
39781,Drama
8293,Drama
8293,Romance
38778,Comedy
29259,Drama
29259,Thriller
29259,Crime
1696533,Drama
1696533,Fantasy
185341,Thriller
185341,Horror
141670,Drama
27154,Drama
27154,Romance
9024,Comedy
9024,Romance
39107,Animation
39107,Action
39107,Science Fiction
10587,Comedy
10587,Crime
421792,Horror
421792,Mystery
421792,Thriller
421792,Fantasy
421792,Drama
931,Thriller
931,Drama
931,Horror
389053,Action
389053,Adventure
389053,Comedy
389053,Mystery
1751906,Comedy
1751906,Drama
9445,Drama
9445,Thriller
1276774,Horror
551271,Action
551271,Drama
551271,History
308032,Thriller
308032,Drama
308032,History
1388694,Crime
1388694,Thriller
207282,Drama
1748388,Comedy
1748388,Drama
16436,Adventure
16436,Drama
16436,Action
16436,History
16436,Thriller
453133,Drama
10562,Thriller
10562,Crime
10562,Drama
294993,Drama
294993,Action
1461254,Horror
1461254,Thriller
1134055,Action
465603,Romance
465603,Drama
795853,Horror
795853,Fantasy
795853,Drama
441384,Comedy
441384,Drama
130787,Comedy
3291,Drama
3291,History
676581,Animation
676581,Drama
676581,Music
33005,Horror
33005,Science Fiction
33005,Thriller
997113,Drama
997113,Thriller
997113,Romance
42888,Comedy
42888,Drama
42888,Romance
452310,Crime
452310,Romance
41428,Horror
41428,Science Fiction
11542,Horror
11542,Science Fiction
11542,Thriller
1140692,Action
1140692,Drama
1140692,Thriller
1140692,Crime
1241894,Fantasy
1241894,Family
15544,Comedy
1753593,Unknown
11054,Comedy
11054,Music
11054,Romance
416185,Drama
416185,Romance
1278853,Fantasy
1278853,Family
1278853,Adventure
980078,Horror
26337,Mystery
26337,Thriller
26337,Crime
1115009,Drama
1115009,Music
1115009,Family
929569,Music
929569,Family
929569,Comedy
517088,Drama
517088,History
11026,Horror
336455,Drama
336455,Horror
336455,Science Fiction
287193,Documentary
387820,Romance
387820,Drama
77459,Adventure
77459,Animation
77459,Family
77459,Fantasy
984324,Action
45202,Thriller
45202,Drama
1749090,Unknown
218890,Music
218890,Fantasy
15659,Comedy
15659,Mystery
15659,Thriller
26505,Adventure
26505,Fantasy
26505,Animation
26505,Family
13649,Comedy
13649,Family
13649,TV Movie
102780,Drama
102780,Fantasy
102780,Thriller
516806,Science Fiction
516806,Thriller
139341,Mystery
139341,Drama
139341,Romance
500904,Thriller
500904,Drama
1659209,Drama
1659209,Romance
1575943,Drama
1575943,Action
4485,Action
4485,Drama
4485,Thriller
1278263,Drama
1278263,Thriller
1278263,Crime
471498,Science Fiction
471498,Thriller
471498,Horror
1717,Drama
1717,Thriller
122385,Drama
9096,Adventure
9096,Drama
9096,Romance
12498,Drama
44629,Crime
44629,Drama
1628,Drama
1628,Romance
557948,Drama
325789,Crime
325789,Drama
325789,Thriller
391757,Drama
391757,Action
266396,Action
266396,Drama
266396,Crime
38117,Romance
38117,Fantasy
38117,Drama
449444,Unknown
1186350,Action
1186350,Crime
1186350,Thriller
374461,Drama
77949,Horror
77949,Thriller
77949,Mystery
338,Comedy
338,Drama
346220,Documentary
309833,Drama
309833,War
4507,Comedy
4507,Drama
4507,Romance
646251,Documentary
391717,Horror
391717,Drama
1069986,Animation
11315,Action
11315,Thriller
11315,Crime
628534,Drama
628534,Crime
628534,Mystery
167346,Comedy
167346,Drama
1450379,Adventure
1450379,Science Fiction
9406,Horror
9406,Comedy
9406,Fantasy
170657,Action
170657,Fantasy
170657,Adventure
170657,Comedy
11306,Drama
11306,Thriller
720557,Action
720557,Adventure
720557,Thriller
1034196,Drama
1034196,Comedy
18747,Crime
18747,Drama
18747,Thriller
1113798,Documentary
197082,Drama
1129104,Family
1129104,Adventure
1129104,Mystery
1129104,Comedy
81870,Action
81870,Adventure
81870,Drama
303841,Drama
829402,Animation
829402,Science Fiction
829402,Family
829402,Action
8844,Adventure
8844,Fantasy
8844,Family
893712,Animation
893712,Action
893712,Fantasy
893712,Science Fiction
986425,Drama
10207,Romance
10207,Drama
650524,Science Fiction
650524,Action
650524,Comedy
9893,Family
9893,Comedy
451863,Romance
409328,Comedy
21915,Comedy
421255,Comedy
421255,Fantasy
421255,Romance
401200,Drama
401200,History
401200,Thriller
401200,Action
449200,Documentary
14912,Comedy
4413,Crime
4413,Drama
4413,Thriller
740966,Thriller
740966,TV Movie
526811,Romance
526811,Drama
1049638,Comedy
1049638,Romance
1575588,Drama
1575588,Comedy
1575588,Action
1575588,Romance
70868,Romance
70868,Comedy
11522,Romance
11522,Drama
2355,Drama
840871,Unknown
401898,Drama
401898,Mystery
401898,Thriller
116613,Action
116613,Crime
100271,Comedy
100271,Fantasy
100271,Animation
100271,Drama
100271,Family
24248,History
24248,Drama
24248,Adventure
492106,Drama
492106,Romance
1879,Drama
1879,Romance
119569,Science Fiction
119569,Action
119569,Fantasy
28162,Romance
28162,Fantasy
28162,Drama
28162,Comedy
1321439,Romance
1321439,Comedy
14283,Drama
14283,Thriller
14283,Mystery
14283,Music
14283,Romance
11400,Drama
11400,History
11400,Romance
1141839,Unknown
423532,Drama
125695,Documentary
1399914,Animation
1399914,Comedy
22620,Mystery
22620,Comedy
22620,Fantasy
1003813,Mystery
1003813,Thriller
1003813,Romance
2321,Comedy
2321,Crime
2321,Romance
964819,Drama
1601082,Documentary
11443,Crime
11443,Drama
11443,Action
827837,Documentary
641662,Drama
237,Drama
237,Thriller
237,Crime
237,Romance
21832,Animation
21832,Drama
21832,Science Fiction
14637,Drama
14637,Thriller
137227,Animation
137227,Adventure
137227,Family
137227,Science Fiction
137227,Fantasy
137227,Comedy
1226841,Documentary
1226841,Music
1648660,Documentary
169209,Action
169209,Drama
2290,Comedy
2290,Drama
2290,History
841755,Animation
841755,Action
841755,Fantasy
957567,Drama
19120,Comedy
19120,Drama
19120,Fantasy
26850,Crime
26850,Thriller
515641,Documentary
855732,Unknown
110410,Action
110410,Drama
110410,Crime
433247,War
433247,Drama
433247,History
1749932,Unknown
1268053,Horror
1268053,Thriller
1268053,Science Fiction
11772,Horror
1368172,Horror
250366,Drama
253935,Drama
253935,Science Fiction
1230368,Drama
1230368,Music
11982,Romance
11982,Comedy
11982,Family
1016178,Drama
218784,Science Fiction
218784,Comedy
218784,Horror
34314,Action
34314,Thriller
34314,Crime
11456,Thriller
11456,Crime
11456,Mystery
6524,Comedy
18032,Adventure
18032,Fantasy
18032,Romance
10052,Drama
10052,Thriller
10052,Fantasy
736074,Animation
736074,Mystery
736074,Action
736074,Crime
2639,Comedy
2639,Drama
982294,Drama
872583,Unknown
324542,Action
324542,Crime
324542,Thriller
932430,Comedy
932430,Romance
932430,TV Movie
1365865,Horror
1365865,Drama
635891,Comedy
635891,Drama
1136381,Unknown
10757,Comedy
10757,Drama
773867,Action
773867,Crime
773867,Comedy
4911,Crime
4911,Thriller
4911,Drama
11562,Comedy
11562,Drama
11562,Crime
100683,Action
100683,Drama
942199,Science Fiction
942199,Thriller
477804,Drama
289727,Romance
289727,Comedy
254201,Thriller
1421903,Horror
1421903,Fantasy
1722815,Horror
1540365,Horror
1128505,Comedy
1128505,War
1128505,Drama
539517,Fantasy
539517,Animation
539517,Horror
539517,Action
1165,Drama
1165,History
9828,Mystery
9828,Thriller
16270,Romance
16270,Comedy
246286,Documentary
1655768,Horror
1078249,Thriller
1078249,Crime
484468,Thriller
484468,Action
484468,Adventure
1088615,Drama
1088615,Romance
470459,Family
470459,Drama
36728,Action
36728,Adventure
36728,Comedy
36728,Drama
36728,Fantasy
36728,Animation
1354627,TV Movie
1354627,Family
1354627,Comedy
1354627,Horror
1354627,Animation
287604,Drama
336050,War
336050,Drama
336050,Thriller
1487116,Animation
66550,Drama
1000866,Comedy
1000866,Drama
1000866,Music
25405,Drama
25405,War
25405,TV Movie
737568,Action
737568,Thriller
15765,Drama
15765,Music
15765,History
326313,Drama
286604,Drama
3513,Action
3513,War
3513,Adventure
3513,History
315035,Drama
85398,Animation
85398,Drama
85398,Fantasy
85398,Horror
527400,Fantasy
527400,Adventure
925196,Unknown
372559,Drama
12819,Animation
12819,Family
12819,Comedy
12819,Adventure
12819,Romance
597219,Comedy
597219,Romance
597219,Drama
97434,Comedy
97434,Crime
440361,Drama
440361,Romance
12658,Comedy
12658,Romance
411741,Comedy
411741,Drama
347866,Drama
347866,Crime
588182,Drama
510713,Documentary
2731,Drama
2731,Romance
1410937,Drama
1410937,Thriller
2335,Action
2335,Comedy
2335,Crime
369655,Drama
364341,Drama
397685,Thriller
44639,Documentary
44639,Crime
24266,Drama
24266,Romance
24266,Adventure
24266,Western
24266,Family
3110,Drama
3110,Western
242310,Action
242310,Crime
242310,Thriller
625,Drama
625,History
625,War
15267,War
15267,Drama
9442,Comedy
9442,Mystery
9442,Crime
15515,Action
15515,Adventure
15515,Family
15515,Fantasy
10490,Comedy
8868,Comedy
8868,Animation
8868,Family
8868,Adventure
280844,Crime
1561310,Unknown
10414,Comedy
10414,Drama
10414,Family
256569,Action
256569,Crime
256569,Drama
939335,Action
939335,Thriller
939335,TV Movie
261103,Family
261103,Animation
14003,Action
14003,Adventure
14003,Animation
14003,Drama
753453,Horror
753453,Thriller
79279,Comedy
1243460,Comedy
177494,Crime
177494,Drama
177494,Comedy
468224,War
468224,Drama
468224,Romance
420515,Comedy
927818,Documentary
630392,Horror
630392,Drama
630392,Thriller
1059264,Animation
1059264,Adventure
1059264,Comedy
1059264,Family
760517,Romance
760517,Comedy
261,Drama
1010182,Horror
1010182,Thriller
263773,Drama
51429,Action
51429,Crime
51429,Drama
51429,Thriller
281099,Unknown
30675,Science Fiction
30675,Animation
30675,Action
14817,Family
14817,Comedy
10426,Comedy
10426,Drama
14903,Animation
14903,Family
14903,Adventure
928333,Romance
173122,Horror
173122,Fantasy
173122,Drama
538207,Drama
538207,Action
538207,Crime
538207,Thriller
13613,Action
13613,Horror
13613,Science Fiction
13613,Thriller
10471,Comedy
18533,Drama
18533,Action
18533,Crime
202538,Western
202538,Drama
202538,History
22821,Action
22821,Thriller
22821,Crime
10032,Comedy
10032,Romance
265705,Drama
1547301,Science Fiction
1547301,Thriller
11637,Family
11637,Adventure
11637,Comedy
11637,Romance
468202,Mystery
468202,Thriller
468202,Crime
372439,Unknown
47017,Comedy
30159,Drama
30159,Thriller
30159,Crime
297021,Comedy
297021,Fantasy
297021,Romance
716594,Crime
716594,Drama
716594,Thriller
716594,History
11648,Romance
11648,Comedy
11044,Fantasy
11044,Comedy
11044,Drama
11044,Romance
254302,Drama
31506,Adventure
31506,Drama
31506,Fantasy
460648,Science Fiction
460648,Action
460648,Adventure
460648,Thriller
9826,Adventure
9826,Action
10511,Drama
583481,Documentary
290865,Crime
290865,Drama
41436,Horror
41436,Mystery
7181,Horror
13685,Comedy
13685,Crime
13685,Drama
944879,Documentary
944879,TV Movie
513302,Animation
513302,Adventure
513302,Family
513302,Comedy
609972,Horror
609972,Mystery
174343,Comedy
174343,Drama
15662,Mystery
15662,Drama
15662,Thriller
637254,Drama
340677,Crime
340677,Thriller
11010,Comedy
11010,Drama
11010,Romance
1422029,Documentary
965731,Action
121674,Drama
121674,Romance
1755360,Drama
110552,Action
1406887,Drama
1381087,Horror
1381087,Mystery
10615,Comedy
452970,Action
452970,Science Fiction
452970,Animation
753012,Drama
753012,Romance
1755583,Unknown
808561,Documentary
11050,Drama
11050,Comedy
398235,Drama
463843,Horror
1440049,Comedy
1211442,Drama
604605,Animation
604605,Romance
604605,Science Fiction
604605,Drama
1061498,Thriller
27062,Drama
27062,Romance
39691,Family
39691,Adventure
39691,Comedy
39691,Fantasy
39691,Action
253376,Horror
253376,Adventure
549514,Drama
549514,Thriller
810171,Comedy
810171,Romance
1429348,Drama
1429348,Crime
266294,Comedy
14030,Comedy
14030,Romance
774741,Animation
774741,Comedy
774741,Family
1738010,Fantasy
345009,War
345009,Thriller
3480,Drama
3480,History
178154,Action
178154,Drama
10685,Mystery
10685,Thriller
6073,Action
6073,Comedy
6073,Crime
6073,Romance
79224,Drama
79224,Action
79224,History
1496696,Horror
1496696,Thriller
441344,Unknown
50647,Comedy
50647,Romance
9969,Comedy
9969,Family
399796,Comedy
791348,Animation
791348,Action
791348,Adventure
791348,Horror
54065,Comedy
54065,Drama
481836,Drama
481836,Romance
360605,Fantasy
360605,Adventure
360605,Comedy
360605,TV Movie
199584,Action
199584,Drama
199584,Comedy
434552,Drama
434552,Fantasy
434552,Romance
251519,Animation
251519,Action
251519,Adventure
391423,Romance
462650,Family
462650,Fantasy
462650,Animation
462650,Comedy
462650,Adventure
1389149,Thriller
1389149,Mystery
1389149,Drama
463661,Unknown
492504,Comedy
22683,Drama
9624,Action
9624,Adventure
9624,Thriller
731165,Documentary
566872,Mystery
566872,Thriller
566872,Crime
1468057,Crime
1468057,Action
567587,Science Fiction
1629257,Documentary
1409389,Unknown
205724,Comedy
46198,Romance
46198,Comedy
16235,Horror
19761,Science Fiction
19761,Thriller
1581613,Romance
1581613,Drama
1037264,History
1037264,Drama
44835,Drama
12519,Comedy
12519,Drama
11548,Family
11548,Comedy
11548,Fantasy
11548,Science Fiction
307953,Unknown
489931,Drama
489931,Crime
489931,Documentary
1504421,Drama
606403,Action
606403,Crime
177888,Family
177888,Music
177888,TV Movie
177888,Comedy
177888,Fantasy
760868,Action
760868,Thriller
1567607,Horror
1567607,Drama
1567607,Thriller
82657,Thriller
82657,Horror
82657,Mystery
14636,Action
14636,Thriller
801582,Unknown
10641,Drama
10641,Romance
9662,Animation
9662,Comedy
9662,Drama
9662,Adventure
40213,Action
40213,Thriller
16140,Fantasy
16140,Thriller
16140,Mystery
14148,Crime
14148,Drama
14148,Mystery
14148,Thriller
110143,Drama
110143,Thriller
654550,Documentary
9570,Adventure
9570,Science Fiction
9570,Action
174751,Western
174751,Action
174751,Drama
30709,Comedy
30709,Drama
670266,Comedy
670266,Horror
670266,Science Fiction
921436,Action
921436,Drama
921436,Thriller
843905,Unknown
20235,Animation
20235,Fantasy
20235,Family
20235,Romance
581997,Animation
581997,Science Fiction
581997,Adventure
581997,Crime
581997,Comedy
581997,Action
433630,Crime
433630,Drama
433630,Thriller
865498,Comedy
865498,Family
865498,Drama
323677,Drama
323677,History
423600,Unknown
1753582,Drama
1753582,Thriller
961722,Documentary
1649758,Documentary
785845,Music
11483,Adventure
11483,Comedy
1261498,Unknown
266390,Action
266390,Drama
1389255,Thriller
1389255,Drama
1088766,Family
25296,Drama
25296,Comedy
15573,Western
15573,Adventure
15573,Drama
15573,Action
1261188,Drama
1261188,History
1261188,War
507532,Crime
507532,Drama
507532,Thriller
604333,Documentary
11355,Romance
11355,Comedy
11355,Drama
1116,Drama
1116,War
449573,Unknown
621321,Documentary
308,Comedy
308,Drama
308,Mystery
308,Romance
79548,Thriller
79548,Mystery
16180,Horror
16180,Mystery
396493,Horror
396493,Thriller
1510688,Comedy
1510688,Drama
54540,Comedy
54540,Family
69668,Mystery
69668,Drama
69668,Thriller
11137,Comedy
11137,Romance
2003,Drama
451342,Fantasy
451342,Drama
1265344,History
1265344,Drama
11841,Action
11841,Adventure
1242015,Drama
44453,Adventure
44453,Mystery
44453,Romance
436905,Unknown
45284,Action
45284,Crime
45284,Thriller
45284,Drama
25642,Action
25642,TV Movie
25642,Science Fiction
1476614,Drama
16938,Horror
16938,Mystery
16938,Crime
332855,Comedy
84278,Drama
861836,Drama
467632,Thriller
467632,Crime
467632,Horror
467632,Drama
494884,Comedy
1716269,Drama
1022356,Mystery
1022356,Science Fiction
748787,History
748787,Drama
748787,War
748787,Thriller
499088,Comedy
499088,Family
499088,Animation
499088,Adventure
24099,Drama
24099,Science Fiction
24099,Thriller
485409,Unknown
146239,Comedy
925786,Horror
925786,Mystery
536775,Documentary
1151766,Drama
1151766,Thriller
682153,Animation
682153,Adventure
682153,Family
682153,Fantasy
682153,Science Fiction
682153,Comedy
13092,Comedy
13092,Romance
13092,Drama
1427833,Family
1427833,Animation
1427833,Comedy
1748459,Drama
342610,Animation
342610,Science Fiction
342610,Adventure
68635,Drama
68635,Action
68635,Crime
517440,Comedy
258539,Comedy
39205,Animation
39205,Mystery
39205,Adventure
10498,Action
10498,Crime
10498,Thriller
1356670,Drama
689928,Drama
1909,Romance
1909,Drama
1909,Comedy
475215,Animation
475215,Family
475215,Fantasy
475215,Adventure
475215,Drama
296862,Unknown
803538,Unknown
11071,Science Fiction
11071,Horror
450890,Documentary
450890,History
450890,Drama
440597,Horror
440597,Thriller
1526100,Drama
24993,Action
24993,Adventure
317557,Drama
1155058,Animation
1155058,Drama
1155058,Science Fiction
466761,Comedy
457943,Comedy
457943,Horror
457943,Action
457943,Fantasy
11575,Comedy
11575,Adventure
11575,Action
11575,Romance
11575,Western
11575,Family
73245,Action
73245,Animation
73245,Fantasy
73245,Adventure
1009256,Unknown
365419,Drama
18329,Drama
18329,Romance
1755634,Unknown
513427,Drama
513427,TV Movie
950051,Unknown
381126,Documentary
274840,Comedy
35412,Science Fiction
35412,Drama
35412,Romance
12143,Crime
12143,Drama
1748912,Drama
443463,Drama
386227,Drama
1748736,Unknown
159932,Drama
159932,Crime
159932,Thriller
637676,Drama
170908,Comedy
170908,Drama
1020414,Horror
1020414,Thriller
1020414,Fantasy
522925,History
522925,Drama
76812,Thriller
76812,Mystery
76812,Drama
2375,Drama
2375,History
9819,Drama
283378,Drama
283378,Fantasy
283378,Romance
814216,Unknown
69315,Science Fiction
69315,Action
69315,Drama
69315,Thriller
69315,TV Movie
104819,Documentary
104819,Horror
279641,Comedy
279641,Drama
279641,War
478820,Drama
478820,Crime
478820,Thriller
25128,Comedy
25128,Drama
25128,Romance
401741,Romance
11184,Drama
898042,Unknown
4241,Comedy
4241,Drama
4241,Horror
4241,Thriller
425507,Drama
1154269,Drama
1154269,Romance
25961,Family
25961,Adventure
25961,Animation
25961,Fantasy
25961,Action
25961,Science Fiction
4972,Comedy
12584,Western
14223,Drama
14223,Horror
14223,Thriller
1747492,Drama
1747492,Family
2153,Crime
2153,Thriller
2153,Action
37185,Drama
37185,Romance
59468,Adventure
59468,Drama
17127,Drama
17127,Romance
1749484,Mystery
1749484,Science Fiction
1749484,Thriller
14621,Drama
11352,Romance
11352,Fantasy
11352,Drama
818356,Drama
818356,Romance
818356,Family
818356,Fantasy
205321,Action
205321,Comedy
205321,Horror
205321,Science Fiction
205321,TV Movie
301804,Drama
301804,Fantasy
301804,Horror
301804,Thriller
2463,Drama
2463,Action
2463,Thriller
2463,Crime
1735893,Thriller
455714,Drama
455714,Crime
455714,Thriller
455714,Comedy
657979,Romance
1560476,Unknown
9606,Animation
9606,Science Fiction
10236,Drama
10236,Romance
6916,Action
6916,Comedy
1753435,Horror
14208,Fantasy
14208,Action
14208,Adventure
509635,Horror
509635,Thriller
999243,Horror
999243,Comedy
999243,Mystery
450487,Thriller
450487,Science Fiction
369894,Drama
184125,Drama
184125,Thriller
184125,Action
869976,Drama
296100,Comedy
296100,Adventure
296100,Fantasy
10150,Fantasy
10150,Animation
10150,Family
10150,Adventure
2313,Comedy
2313,Drama
2313,Romance
11248,Drama
11248,Thriller
11248,Action
11248,TV Movie
11248,War
10694,Adventure
10694,Comedy
10694,Action
10694,Crime
625505,Horror
625505,Thriller
204553,Crime
204553,Action
204553,Thriller
413597,Comedy
413597,Drama
1360,Drama
1360,Romance
505706,Crime
505706,Thriller
505706,Horror
505706,Comedy
723234,Drama
723234,Horror
74160,Comedy
74160,Drama
9541,Comedy
9541,Romance
9541,Drama
17339,Drama
17339,Adventure
17339,War
529485,Drama
592230,Horror
436274,Thriller
436274,Drama
436274,Horror
1273196,Documentary
1329643,Action
1329643,Comedy
209361,Drama
209361,Comedy
209361,Music
26405,Drama
26405,Thriller
1752411,Horror
1752411,Comedy
50475,Crime
50475,Thriller
50475,Action
497814,Action
497814,Crime
497814,Thriller
11164,Comedy
11164,Action
11164,Family
11164,Drama
1572073,Horror
347717,Comedy
644538,Crime
644538,Drama
49022,Comedy
49022,Drama
49022,Romance
1045945,Unknown
1662127,Music
314860,Documentary
314860,Drama
9062,Romance
9062,Drama
808090,Horror
808090,Mystery
568271,Action
568271,Comedy
11101,Drama
11101,History
11101,War
240916,Crime
240916,Thriller
354282,Science Fiction
61891,Drama
61891,History
61891,Thriller
787052,Horror
58496,Documentary
10478,Romance
10478,Comedy
1239198,Drama
1239198,Romance
12914,Action
12914,Adventure
12914,Science Fiction
12914,TV Movie
67660,Comedy
67660,Romance
638134,Animation
638134,Family
638134,Adventure
638134,Comedy
292047,Drama
1319895,Action
1319895,Comedy
1319895,Thriller
1509364,Crime
1509364,Mystery
227300,Action
227300,Comedy
227300,Thriller
255404,Drama
50253,Animation
50253,Fantasy
11384,Action
11384,Comedy
11384,Crime
1513447,Unknown
7270,Comedy
7270,Drama
7270,Crime
7270,Thriller
1752610,Action
1752610,Crime
1752610,Comedy
1752610,Drama
715123,Horror
715123,Science Fiction
446345,Romance
446345,Comedy
15383,War
15383,Drama
15383,Thriller
15383,History
619278,Action
619278,Crime
619278,Thriller
489326,Action
489326,Fantasy
489326,Thriller
1039882,Romance
1039882,Drama
350716,Animation
1739499,Horror
1739499,Science Fiction
1739499,Comedy
1739499,Adventure
84348,Thriller
84348,Horror
81128,Action
81128,Romance
81128,Crime
145,Drama
145,Romance
15856,Horror
15856,Mystery
8766,Horror
8766,Science Fiction
8766,Thriller
623135,Comedy
623135,Drama
286620,Unknown
1753379,Unknown
1515899,Music
1515899,Documentary
455005,Fantasy
455005,Mystery
455005,Thriller
406994,Horror
406994,Thriller
406994,Comedy
316873,Animation
316873,Crime
316873,Adventure
316873,Mystery
6589,Family
6589,Action
6589,Adventure
6589,Comedy
6589,Fantasy
6589,Science Fiction
1901,Comedy
1901,Drama
1901,Romance
1373445,Horror
1373445,Thriller
444996,Crime
444996,Action
82390,Thriller
82390,Drama
82390,Mystery
51741,Documentary
740441,Thriller
740441,Crime
740441,Mystery
1555951,Thriller
1555951,Horror
1395724,Drama
1395724,Romance
26594,Documentary
688803,Unknown
487542,Unknown
35196,Drama
35196,Romance
1001117,Drama
11132,Comedy
15698,Comedy
15698,Crime
15698,Thriller
15698,Action
1367125,Drama
1367125,Horror
1367125,Fantasy
345567,Unknown
372873,Drama
37861,Adventure
37861,Drama
37861,Action
37861,Fantasy
10172,Family
10172,Comedy
1748693,Unknown
849869,Action
849869,Drama
849869,Thriller
849869,Crime
749274,Drama
749274,Western
520725,Fantasy
520725,Adventure
520725,Comedy
75978,Drama
75978,Crime
572154,Animation
572154,Romance
572154,Drama
572154,Fantasy
65765,Drama
805327,Romance
805327,Drama
805327,Comedy
811592,Action
811592,Thriller
811592,Crime
811592,War
81250,Comedy
81250,Drama
81250,Family
81250,TV Movie
6715,Drama
6715,Family
727740,Unknown
55685,Comedy
1742248,Unknown
890825,Documentary
1217690,Drama
39324,Animation
39324,Action
39324,Science Fiction
560144,Science Fiction
560144,Action
560144,Thriller
211292,Drama
211292,History
367976,TV Movie
367976,History
11178,Drama
11178,Comedy
11178,Romance
952713,Action
952713,Romance
952713,War
71670,Horror
24056,Horror
24056,Action
24056,Thriller
508935,War
508935,History
508935,Drama
508935,Action
24924,Horror
24924,Comedy
83,Horror
83,Thriller
472501,Drama
86003,Horror
219598,Adventure
219598,Comedy
219598,Family
523638,Action
523638,Fantasy
523638,Thriller
523638,Western
523638,Horror
670592,Drama
670592,Romance
866217,Drama
475946,Animation
475946,Science Fiction
475946,Thriller
215110,Drama
136,Drama
136,Horror
1085165,Drama
1716573,Horror
401,Comedy
401,Drama
401,Romance
9613,Drama
9613,Mystery
9613,Thriller
9039,Thriller
9039,Crime
1752799,Unknown
542692,Documentary
1335666,Drama
1335666,Comedy
1214130,Animation
1214130,Adventure
1214130,Family
1214130,Comedy
62206,Action
62206,Adventure
62206,Comedy
14787,Animation
14787,Comedy
14787,Family
14787,Fantasy
1594615,Drama
1594615,Mystery
1594615,Thriller
466,Thriller
466,Crime
466,Drama
589685,Unknown
1452827,Documentary
978796,Horror
978796,Thriller
481551,Unknown
1085055,Comedy
1085055,Drama
48180,Adventure
48180,Fantasy
48180,Action
397837,Drama
397837,Fantasy
331160,Unknown
10969,Action
10969,Science Fiction
10969,TV Movie
11191,Romance
11191,Drama
11191,Comedy
949132,Documentary
9430,Crime
9430,Comedy
9430,Thriller
1075259,Documentary
662092,Comedy
644092,Adventure
644092,Action
644092,Comedy
644092,Family
18837,Action
18837,Adventure
18837,Animation
18837,Science Fiction
610219,Drama
610219,History
94047,Drama
94047,Action
94047,History
94047,War
11563,Action
11563,Comedy
5764,Adventure
5764,Action
5764,TV Movie
9962,Drama
9962,Comedy
9962,Romance
351523,Romance
351523,Drama
1747727,Drama
1747727,Family
765119,Comedy
73134,Drama
73134,Romance
98339,Thriller
582596,Comedy
582596,Romance
10133,Thriller
10133,Science Fiction
960258,Horror
960258,Thriller
960258,Action
960258,Adventure
292280,Horror
292280,Thriller
1244531,Thriller
1244531,Action
1244531,War
1244531,Horror
11177,Drama
1753855,Unknown
1297028,Horror
455944,Romance
455944,Horror
589594,Horror
589594,Science Fiction
589594,Thriller
589594,Action
38842,Drama
38842,Comedy
38842,Crime
9393,Drama
9299,Horror
9299,Thriller
403605,Action
403605,Thriller
403605,Drama
21500,Comedy
21500,Drama
17182,Thriller
17182,Drama
751741,Adventure
751741,Animation
751741,Comedy
751741,Family
751741,Fantasy
859214,Romance
360301,Animation
460326,Documentary
699440,Documentary
617768,Drama
617768,Music
14746,Action
1469141,Drama
357407,Thriller
357407,Science Fiction
357407,Animation
357407,Action
357407,War
33320,Animation
33320,Drama
33320,Romance
65455,Comedy
65455,Science Fiction
243119,Crime
243119,Thriller
242090,Romance
242090,Comedy
242090,Drama
185648,Thriller
185648,Horror
1094473,Documentary
1094473,Family
1094473,Adventure
863306,Documentary
595766,Romance
323196,Comedy
146301,Horror
146301,Thriller
430384,Romance
430384,Family
430384,Drama
553168,Drama
553168,Thriller
1119293,Documentary
506734,Animation
506734,Action
506734,Family
26688,Horror
26688,Mystery
1075456,Music
1075456,Drama
1075456,Science Fiction
12280,Comedy
12280,Drama
686971,Documentary
37414,Crime
37414,Drama
37414,Thriller
669502,Drama
303903,Animation
303903,Family
303903,Adventure
303903,Action
303903,Comedy
303903,Drama
1501204,Drama
1501204,Romance
343224,Drama
232954,Fantasy
232954,Comedy
10675,Mystery
10675,Crime
10675,Drama
10675,Thriller
109535,War
109535,TV Movie
109535,Action
5241,Drama
5241,Romance
1608740,Drama
1608740,Fantasy
1608740,Mystery
289222,Drama
289222,History
289222,War
330313,Documentary
330313,Adventure
426613,Drama
232351,Documentary
24655,Horror
24655,Action
24655,Thriller
24655,Mystery
24655,Fantasy
304158,Drama
1007834,Unknown
1699155,Documentary
1699155,Crime
719410,Romance
719410,Drama
248087,War
248087,Drama
248087,Action
248087,Mystery
21481,Comedy
21481,Drama
21481,Family
21481,Fantasy
21481,TV Movie
496725,Comedy
381693,Animation
381693,Family
381693,Comedy
860747,Drama
860747,Romance
1641,Romance
1641,Comedy
243940,Horror
243940,Science Fiction
243940,Thriller
1036009,Action
4283,Adventure
4283,Horror
4283,Action
157843,Drama
157843,Adventure
157843,History
1154598,Animation
1154598,Action
1154598,Family
200403,Documentary
466876,Animation
466876,Family
466876,Adventure
466876,Comedy
466876,Fantasy
900536,Unknown
9642,Family
9642,Animation
9642,Comedy
9642,Adventure
12118,Comedy
12118,Crime
826942,Romance
826942,Comedy
436391,Drama
436391,War
1115395,Crime
1115395,Thriller
1115395,Mystery
1085103,Horror
1085103,Thriller
364116,Horror
364116,Thriller
1497017,Animation
1497017,Science Fiction
1497017,Drama
1497017,TV Movie
1077782,Action
1077782,Comedy
1077782,Crime
384677,Romance
384677,Comedy
45162,Science Fiction
45162,Action
45162,Adventure
45162,Animation
803839,Documentary
803839,Drama
1049574,Action
1049574,Crime
1049574,Thriller
1939,Drama
1939,Mystery
1161108,Comedy
1161108,Drama
127521,Thriller
127521,Action
127521,Crime
12545,Drama
12545,History
75948,Action
75948,Fantasy
332979,Drama
1307548,Documentary
1752685,Horror
1752685,Thriller
721895,Unknown
1816,Drama
1816,Music
1260952,Unknown
645689,Comedy
645689,Drama
645689,History
113558,Romance
90283,Drama
182,Drama
182,Mystery
182,Romance
182,Thriller
182,War
4597,Action
4597,Crime
4597,Drama
4597,Thriller
4597,Mystery
677115,Drama
677115,Romance
549590,Action
549590,Crime
549590,Thriller
549590,Mystery
826046,Unknown
10077,Thriller
10077,Science Fiction
10077,Adventure
10077,Action
1404684,Comedy
1404684,Drama
823951,Crime
823951,Drama
823951,Thriller
1382513,Adventure
1382513,Drama
232572,Adventure
232572,Comedy
232572,Drama
401561,Comedy
401561,Horror
401561,Thriller
1241262,Unknown
4587,Comedy
4587,Drama
4587,Romance
1607846,Documentary
1607846,History
807356,Horror
807356,Mystery
807356,Thriller
1741586,Drama
12703,Drama
21167,Drama
673309,Drama
673309,Family
1097641,Drama
1097641,Comedy
415312,Drama
415312,Science Fiction
1755500,Drama
1755500,Mystery
287590,Action
287590,Animation
287590,Fantasy
275492,Western
1754388,Unknown
408647,Science Fiction
408647,Animation
408647,Action
25539,Action
25539,Adventure
25539,Comedy
25539,Crime
1705,Action
1705,Science Fiction
115311,Comedy
115311,Drama
40357,Horror
1277988,Comedy
1277988,Drama
1303162,Adventure
1303162,Action
1303162,Comedy
1303162,Fantasy
1458084,Unknown
25998,War
25998,History
25998,Horror
981,Comedy
981,Romance
1317448,Romance
1317448,Comedy
848685,Thriller
848685,Drama
10132,Drama
10375,Thriller
10375,Horror
10375,Crime
8942,Drama
11318,Comedy
11318,Drama
11318,History
642224,Documentary
14400,Adventure
14400,Drama
14400,Action
14400,Thriller
6488,Comedy
6488,Horror
1441,Drama
1441,Action
1441,Thriller
1441,Crime
19316,Comedy
19316,Romance
19316,Drama
857541,Comedy
857541,Documentary
37495,Comedy
37495,Crime
37495,Drama
10367,Crime
10367,Drama
10367,Mystery
162903,Drama
162903,Thriller
12205,Horror
12205,Mystery
12205,Thriller
435129,Animation
435129,War
435129,Drama
789910,Drama
789910,Comedy
1597065,Drama
1597065,Romance
1597065,Mystery
429189,Drama
429189,Romance
10023,Action
10023,Comedy
10023,Crime
1445363,Music
1445363,Documentary
809107,Fantasy
809107,Comedy
809107,Family
809107,TV Movie
1371202,Thriller
1371202,Crime
1371202,Drama
662860,Documentary
662860,Music
662860,TV Movie
291692,Romance
291692,Action
291692,Drama
12900,History
12900,Drama
12900,War
12900,TV Movie
671757,Drama
552676,Drama
370576,Drama
370576,Thriller
370576,TV Movie
1751509,Science Fiction
1751509,Comedy
1751509,Action
1751509,Fantasy
1751509,Music
9656,Horror
9656,Mystery
492565,Western
492565,Drama
492565,Action
335462,Action
335462,War
10724,Science Fiction
10724,Action
10724,Thriller
10858,Drama
10858,History
1322752,Animation
1322752,Music
1322752,Drama
1322752,Science Fiction
417546,Drama
31007,Drama
10092,Horror
10092,Thriller
8738,War
8738,Action
8738,Science Fiction
7839,Comedy
7839,Romance
39264,Action
39264,Adventure
39264,Science Fiction
334376,Science Fiction
334376,Animation
152792,Crime
152792,Drama
152792,Thriller
471967,Drama
471967,TV Movie
25188,Drama
25188,Romance
1280444,Science Fiction
1280444,Drama
1280444,Thriller
763238,Drama
820232,Animation
820232,Action
820232,Fantasy
820232,Adventure
825385,Drama
825385,Mystery
825385,Fantasy
56377,Comedy
56377,TV Movie
10449,Drama
10449,Romance
494595,Comedy
242318,Documentary
173929,Unknown
250225,Drama
250225,Romance
411019,Documentary
696374,Romance
696374,Drama
784651,Action
784651,Drama
718778,Drama
718778,Thriller
1754000,Horror
1754000,Thriller
1754000,Mystery
125020,Thriller
1163258,Drama
86000,Romance
86000,Drama
472940,Action
472940,Thriller
1628249,Fantasy
9827,Horror
9827,Science Fiction
9827,Thriller
9431,Horror
9431,Comedy
1540544,Horror
1540544,Mystery
400414,Comedy
400414,Drama
184341,Drama
1750934,Documentary
1750934,TV Movie
10069,Horror
641607,Documentary
1361292,Horror
1361292,Thriller
445077,Documentary
628878,Thriller
628878,Action
9895,Comedy
9895,Romance
9895,Thriller
520720,Family
520720,Action
520720,Adventure
520720,Comedy
520720,TV Movie
312791,Horror
312791,Thriller
28176,Drama
18172,Romance
18172,Drama
68555,TV Movie
68555,Thriller
68555,Animation
68555,Crime
68555,Drama
68555,Fantasy
572400,Thriller
718838,Romance
718838,Drama
2436,Action
2436,Adventure
2436,Comedy
2436,Fantasy
2436,Science Fiction
562461,Drama
523077,Crime
523077,Drama
523077,Thriller
84394,Drama
84394,Action
84394,Thriller
365222,Action
365222,Drama
365222,History
146451,Comedy
10158,Comedy
10158,Drama
11899,Romance
11899,Comedy
11899,Family
84175,Drama
84175,Fantasy
84175,Adventure
1537627,Documentary
31346,Documentary
1752238,Drama
448990,War
448990,Drama
1371189,Romance
1371189,Drama
1371189,Music
653643,Horror
653643,Comedy
64586,Drama
64586,Romance
1427472,Drama
1427472,History
1427472,Comedy
872492,Fantasy
872492,Drama
700186,Romance
244458,Comedy
244458,Crime
244458,Horror
244458,Fantasy
573,Crime
573,Thriller
573,Horror
43549,Thriller
43549,Drama
10407,Comedy
10407,Romance
57988,Comedy
57988,Drama
676924,Unknown
7985,Fantasy
7985,Comedy
7985,Romance
7290,Comedy
7290,Science Fiction
7290,Action
1750272,Drama
844416,Thriller
844416,Action
4104,Comedy
4104,Drama
1556834,Action
1556834,Adventure
1556834,Thriller
1556834,War
595183,Drama
198287,Drama
198287,Fantasy
198287,Science Fiction
198287,Thriller
480213,Thriller
480213,Drama
18476,Crime
18476,Drama
18476,Horror
18476,Mystery
18476,Thriller
1542417,Documentary
11169,Mystery
11169,Action
11169,Drama
11169,Thriller
11169,Crime
1807,Crime
1807,Drama
44251,Animation
44251,Action
44251,Science Fiction
11457,Drama
1184696,Action
1184696,Thriller
128883,Comedy
128883,Animation
229677,Drama
229677,Romance
527776,Drama
14963,Comedy
14963,Romance
14963,Drama
1595325,Action
1595325,Adventure
1595325,Horror
1076027,Drama
12560,Comedy
12560,Drama
11564,Action
11564,Crime
11564,Drama
11564,Thriller
1750058,Drama
586592,Comedy
586592,Horror
586592,Mystery
586592,Thriller
371729,Drama
801688,Drama
801688,Action
801688,Fantasy
801688,Science Fiction
1999,Drama
1999,Thriller
297189,Animation
297189,Fantasy
297189,Adventure
720321,Action
720321,Science Fiction
720321,Mystery
720321,Thriller
398730,Comedy
202575,Family
202575,Fantasy
202575,Animation
202575,Adventure
74018,Comedy
74018,Family
74018,Romance
74018,Drama
10833,Comedy
10833,Romance
10833,Crime
11172,Comedy
11172,Music
11172,Romance
10210,Fantasy
10210,Comedy
10210,Romance
1187434,Unknown
959898,Science Fiction
1752368,Mystery
1752368,Drama
1752368,Thriller
458109,Thriller
458109,Mystery
458109,Crime
1301988,Drama
443085,Unknown
1389038,Animation
1389038,Adventure
1389038,Comedy
1389038,Family
18086,Horror
18086,Comedy
190292,Drama
190292,Romance
636255,Documentary
1078023,Action
1078023,Crime
1078023,Comedy
1078023,War
866331,Documentary
866331,History
50393,Animation
50393,Family
50393,TV Movie
50393,Comedy
50393,Fantasy
269316,Drama
180427,Adventure
180427,Romance
180427,Action
75622,Crime
75622,Drama
9573,Thriller
9573,Crime
9573,Action
9573,Mystery
9573,Drama
798141,Science Fiction
798141,Thriller
787925,Documentary
50723,Adventure
50723,Action
50723,Animation
315245,Unknown
472815,Comedy
14002,Documentary
1048979,Music
1155704,Horror
1155704,Mystery
1155704,Thriller
811943,Unknown
12395,Crime
12395,Mystery
12395,Thriller
392207,Thriller
392207,Crime
392207,Mystery
167064,Drama
224982,Crime
224982,Drama
1633264,Documentary
373305,Unknown
721983,Unknown
21793,Animation
21793,Family
21793,Adventure
21793,Comedy
21793,Music
12312,Comedy
12312,Romance
12312,Family
12312,Drama
10564,Comedy
10564,Drama
10564,Romance
1610901,Action
1610901,Crime
1610901,Comedy
2786,Drama
2786,Romance
2786,Crime
1528650,Documentary
1395353,Drama
13187,Animation
13187,Family
13187,Comedy
13187,TV Movie
1732385,Romance
1732385,Drama
78049,Action
78049,Adventure
78049,Fantasy
675531,Horror
675531,Fantasy
675531,Thriller
14900,Comedy
14900,Crime
14900,Family
14900,Mystery
14900,Romance
628922,Thriller
628922,Drama
484510,Adventure
484510,Animation
484510,Family
484510,Fantasy
44603,Drama
44603,Fantasy
10862,Drama
10862,Romance
784130,Romance
784130,Drama
85579,Horror
85579,Thriller
1753846,Science Fiction
1753846,Horror
1753846,Comedy
344617,Unknown
17600,Comedy
17600,Drama
9031,Action
9031,Adventure
9031,Comedy
26119,Western
