id,production_company
969681,Marvel Studios
969681,Columbia Pictures
969681,Pascal Pictures
969681,TSG Entertainment
1368337,Universal Pictures
1368337,Syncopy
1288445,Punch Palace Productions
1288445,MadRiver Pictures
1204680,Troll Court Entertainment
1204680,Keylight Pictures
1204680,Warner Animation Group
1204680,Warner Bros. Pictures
1285366,Legend Pictures
1621552,Draco Films
1516698,Amazon MGM Studios
1516698,Ethea Entertainment
1516698,Luber-Roklin Entertainment
1516698,Pitt Street Productions
1516698,Aquarius Films
1516698,The Last Sunrise
1386315,Amazon MGM Studios
1386315,Rockwood Pictures
1213243,KVN Productions
1213243,Monster Mind Creations
860508,AGBO
1339713,Tea Shop Productions
1339713,Under the Shell
1339713,Capstone Pictures
1339713,Blumhouse Productions
1232569,Jagged Edge Productions
1375646,Wow Point
1375646,Smilegate Entertainment
1375646,Midnight Studio
1323244,Lukra Films
1393326,Come and See Pictures
1393326,Rapi Films
1393326,Barunson E&A
1393326,Legacy Pictures
1084244,Pixar
1315772,Universal Pictures
1315772,Illumination
1108427,Walt Disney Pictures
1108427,Seven Bucks Productions
1108427,Flynn Picture Company
1108427,5000 Broadway Productions
1514682,Capstone Pictures
1514682,AF Films
1514682,Match Point
1560520,Warner Bros. Animation
1560520,DC
1130948,Kavac Film
1130948,The Match Factory
1130948,MUBI
1130948,Sur Film
1130948,Crybaby
1130948,The Apartment Pictures
1130948,Metafilms
1130948,In Bloom
1130948,UK Global Screen Fund
1130948,Cinema Inflámavel
1130948,Gold Rush Pictures
1130948,Fremantle
1130948,Rosebushpruning
1130948,SCoT(T)
634649,Marvel Studios
634649,Pascal Pictures
634649,Columbia Pictures
278,Castle Rock Entertainment
1083381,Atomic Monster
1083381,21 Laps Entertainment
1083381,A24
1083381,Phobos
1083381,The North Road Company
1275779,Universal Pictures
1275779,Amblin Entertainment
687163,Lord Miller
687163,Amazon MGM Studios
687163,Pascal Pictures
687163,Open Invite Entertainment
687163,Waypoint Entertainment
1284465,Lyrical Media
1284465,Ryder Picture Company
1384216,20th Century Studios
1384216,Scott Free Productions
1212461,Cartuna
1212461,True Friend
1212461,Ley Line Entertainment
1212461,Salem Street Entertainment
1212461,Spartan Media Acquisitions
1273221,Wayans Bros. Entertainment
1273221,Miramax
1432706,Delirium Pictures
1081003,DC Studios
1081003,Troll Court Entertainment
1081003,The Safran Company
1081003,Domain Entertainment
980431,Nickelodeon Movies
980431,Paramount Pictures
980431,Flying Bark Productions
980431,Studio Mir
980431,Avatar Studios
82023,Von Fiessbach Film
82023,teamWorx
755898,Universal Pictures
755898,Bazelevs
755898,Patrick Aiello Productions
299536,Marvel Studios
1599993,Star Distribution
24428,Marvel Studios
1127384,Magenta Light Studios
1127384,Arclight Films
1127384,Simmons/Hamilton Productions
1127384,Nostromo Pictures
1127384,Aristos Films
1127384,DW Film Holdings
1127384,Rabbits Black
1127384,Blue Rider Pictures
1631807,SF Studios
454639,Escape Artists
454639,Mattel Studios
454639,Amazon MGM Studios
83533,20th Century Studios
83533,Lightstorm Entertainment
83533,TSG Entertainment
1314481,20th Century Studios
1314481,Wendy Finerman Productions
87513,Stampede Ventures
87513,Gramercy Park Media
87513,Peachtree Media Partners
87513,Ace of Spades
87513,Syndicate Entertainment
87513,Third Man Records
87513,Black Bear Pictures
1698863,The Asylum
1311031,ufotable
1311031,Aniplex
1311031,Shueisha
1594914,Perfection Hunter Productions
1594914,Millennium Media
1594914,BondIt Media Capital
1288059,Black Bear Pictures
1288059,Desperate Pictures
1228710,Lucasfilm Ltd.
1228710,Fairview Entertainment
1284041,Chernin Entertainment
1284041,3 Arts Entertainment
1480574,Head Gear Films
1480574,Gemstone film
1480574,Highland Film Group
1101412,Tea Shop Productions
1101412,Capstone Pictures
1101412,Flawless Production
1101412,Cousin Jones
1101383,Warner Bros. Pictures
1101383,Domain Entertainment
1101383,Bad Robot
1101383,Jackson Pictures
1084242,Walt Disney Animation Studios
1084242,Walt Disney Animation Studios
569094,Columbia Pictures
569094,Sony Pictures Animation
569094,Lord Miller
569094,Pascal Pictures
569094,Arad Productions
569094,Marvel Entertainment
1212763,New Line Cinema
1212763,Screen Gems
1212763,Ghost House Pictures
936075,Lionsgate
936075,GK Films
936075,Optimum Productions
1291595,Blumhouse Productions
1291595,Screen Gems
1291595,Stage 6 Films
1291595,Atomic Monster
1291595,TSG Entertainment
967998,Perocini Filmes
967998,Encripta
264980,Romano Film
1226863,Illumination
1226863,Universal Pictures
1226863,Nintendo
1567937,广东珠影影视制作有限公司
1567937,广东联瑞木马影业有限公司
1567937,Zhejiang Hengdian Film Production
1567937,Pearl River Film Group 珠江电影集团
964849,Elokuvayhtiö Komeetta
964849,Getaway Films
964849,BlueLight
964849,Filmai LT
557,Marvel Enterprises
557,Laura Ziskin Productions
557,Columbia Pictures
1523145,All Media A Start Company
1523145,START Studio
1523145,Sverdlovsk Film Studio
1523145,"Yellow, Black & White"
1523145,Premier Studios
299534,Marvel Studios
155,Warner Bros. Pictures
155,Legendary Pictures
155,Syncopy
155,DC
238,Paramount Pictures
238,Alfran Productions
238,Albert S. Ruddy Productions
1419406,iQIYI Pictures （重复 同 iQiyi Motion Pictures）
1419406,Tao Piao Piao 淘票票
1419406,Hairun Pictures Company
1419406,Dong Fang Chen Xiang
1727780,"Gen1 Entertainment, LLC"
1439930,Marvel Studios
1439930,Kevin Feige Productions
53653,Cinema City Company Limited
441168,Sepia Films
441168,Just Singer Entertainment
441168,La Femme Erotic
441168,Lifetime
299710,Les Films du Lendemain
315635,Marvel Studios
315635,Pascal Pictures
315635,LStar Capital
315635,Columbia Pictures
533535,Marvel Studios
533535,Maximum Effort
533535,21 Laps Entertainment
533535,20th Century Studios
533535,Kevin Feige Productions
533535,TSG Entertainment
1003596,Marvel Studios
1003596,Kevin Feige Productions
1003596,AGBO
822119,Marvel Studios
822119,Kevin Feige Productions
1032863,MRC
1032863,Amazon MGM Studios
1032863,Small Victory Productions
1032863,The Cantillon Company
1723013,Vivamax
1731694,Lucasfilm Ltd.
1731694,The LEGO Group
27205,Legendary Pictures
27205,Syncopy
27205,Warner Bros. Pictures
1471168,About Entertainment
1471168,Infinity Hill
1471168,Amazon MGM Studios
872585,Syncopy
872585,Universal Pictures
872585,Atlas Entertainment
872585,Breakheart Films
872585,Peters Creek Entertainment
1110034,Handmade films in Norwegian Woods
1110034,Nordisk Film Norway
1280738,Edko Films
1280738,XYZ Films
1280738,Zhejiang Hengdian Film Production
1290821,Black Bear Pictures
1290821,Punch Palace Productions
1290821,CineMachine
1290821,Stampede Ventures
950028,Annapurna Pictures
950028,FilmNation Entertainment
950028,Permut Presentations
1307118,Blumhouse Productions
1307118,Atomic Monster
1307118,Universal Pictures
1514026,BoulderLight Pictures
1514026,Low Spark Films
1514026,SIPUR
1514026,SUBSTANCE
1506560,Paramount Television Studios
1327819,Pixar
1184918,DreamWorks Animation
49018,Alliance Films
49018,IM Global
49018,Haunted Movies
49018,FilmDistrict
931285,New Line Cinema
931285,Atomic Monster
931285,Broken Road Productions
931285,Fireside Films
931285,Domain Entertainment
1487861,Boutique Filmes
617126,Marvel Studios
617126,Kevin Feige Productions
1308972,OneFox Productions
1308972,Motion Picture Exchange
1729723,Gracie Films
1729723,20th Television Animation
862,Pixar
99861,Marvel Studios
324857,Columbia Pictures
324857,Lord Miller
324857,Pascal Pictures
324857,Sony Pictures Animation
324857,Arad Productions
324857,Marvel Entertainment
1564614,Causeway Films
1564614,Salmira Productions
1564614,Screen Australia
1564614,VicScreen
1564614,Arenamedia
1564614,Lazy Susan Films
120894,Motion Pictures International
120894,Krasne Entertainments
120894,American International Pictures
122,New Line Cinema
122,WingNut Films
122,The Saul Zaentz Company
1668364,Las películas del Apache
1668364,El Estudio
120,New Line Cinema
120,WingNut Films
120,The Saul Zaentz Company
1599191,Tencent Video
1599191,Build Dream
1599191,Ran Dong Yuzhou Studio Group
1007757,Skydance Animation
1007757,Skydance Animation
13,Paramount Pictures
13,The Steve Tisch Company
13,Wendy Finerman Productions
822653,SHAFT
822653,Aniplex
603,Village Roadshow Pictures
603,Groucho II Film Partnership
603,Silver Pictures
603,Warner Bros. Pictures
1301421,Working Title Films
1301421,Three Strange Angels
1301421,Amazon MGM Studios
672,Warner Bros. Pictures
672,Heyday Films
672,1492 Pictures
672,MIRACLE Productions
1234821,Universal Pictures
1234821,Amblin Entertainment
1314826,Yale Entertainment
429617,Marvel Studios
429617,Pascal Pictures
429617,Columbia Pictures
1481343,Amazon MGM Studios
1481343,Thunder Road
1481343,Lionsgate
1304313,Atomic Monster
1304313,Blumhouse Productions
1304313,New Line Cinema
1304313,Domain Entertainment
1304313,Wicked/Good
1304313,Wild Atlantic Pictures
447365,Marvel Studios
447365,Kevin Feige Productions
438631,Legendary Pictures
559,Laura Ziskin Productions
559,Marvel Studios
559,Columbia Pictures
448772,Eurofilm 91 S.r.l.
673,Warner Bros. Pictures
673,1492 Pictures
673,Heyday Films
673,P of A Productions
1054867,Warner Bros. Pictures
1054867,Ghoulardi Film Company
1054867,Domain Entertainment
1726,Marvel Studios
1726,Marvel Entertainment
1726,Fairview Entertainment
680,Miramax
680,A Band Apart
680,Jersey Films
550,Fox 2000 Pictures
550,Regency Enterprises
550,Linson Entertainment
550,20th Century Fox
550,Taurus Film
244786,Bold Films
244786,Blumhouse Productions
244786,Right of Way Films
1297842,Sony Pictures Animation
1297842,Unanimous Media
1297842,Modern Magic
1297842,Columbia Pictures
1297842,MACRO
1297842,TSG Entertainment
12445,Warner Bros. Pictures
12445,Heyday Films
1930,Marvel Entertainment
1930,Laura Ziskin Productions
1930,Columbia Pictures
1930,Matt Tolmach Productions
1930,Arad Productions
129,Studio Ghibli
129,Tokuma Shoten
129,Nippon Television Network Corporation
129,Mitsubishi
129,dentsu
129,TFC
129,The Walt Disney Company (Japan)
19995,Dune Entertainment
19995,Lightstorm Entertainment
19995,20th Century Fox
19995,Ingenious Film Partners
414906,6th & Idaho Motion Picture Company
414906,Dylan Clark Productions
414906,DC Films
414906,Warner Bros. Pictures
1061474,Troll Court Entertainment
1061474,The Safran Company
1061474,DC Studios
1061474,Domain Entertainment
76341,Warner Bros. Pictures
76341,Village Roadshow Pictures
76341,Kennedy Miller Mitchell
76341,RatPac Entertainment
1122573,C2 Motion Picture Group
1122573,Toff Guy Films
1122573,Black Bear Pictures
1122573,Red Sea Film Foundation
102382,Columbia Pictures
102382,Matt Tolmach Productions
102382,Arad Productions
102382,Marvel Entertainment
194117,Reteitalia
194117,Gierre Film
76600,20th Century Studios
76600,Lightstorm Entertainment
76600,TSG Entertainment
354912,Pixar
271110,Marvel Studios
1430077,Spooky Pictures
1430077,Image Nation Abu Dhabi
1430077,Cweature Features
1430077,Team Thrives
1430077,Tailored Films
1430077,Fís Éireann/Screen Ireland
693134,Legendary Pictures
218,Hemdale
218,Pacific Western
14836,LAIKA
14836,Pandemonium
361743,Skydance Media
361743,Don Simpson/Jerry Bruckheimer Films
361743,Paramount Pictures
269149,Walt Disney Animation Studios
390062,Screen Queensland
390062,Screen Australia
390062,Babber Films
390062,Cutting Edge Group
1423191,Constantin Film
1423191,Subconscious
1423191,Vertigo Entertainment
1423191,Davis Films
1423191,Columbia Pictures
1423191,PlayStation Productions
1423191,TriStar Pictures
1265609,Lionsgate
1265609,Hidden Pictures
1265609,Huge Film
1265609,Range Media Partners
497,Castle Rock Entertainment
497,Darkwoods Productions
912649,Columbia Pictures
912649,Pascal Pictures
912649,Matt Tolmach Productions
912649,Hutch Parker Entertainment
912649,Arad Productions
1413976,Event Film Distribution
1413976,Borvel Film
1413976,Bolu Filmproduktion und Verleih
1355228,Kathha Pictures
1355228,Outsiders Films
1368166,Lionsgate
1368166,Media Capital Technologies
1368166,Hidden Pictures
1368166,Pretty Dangerous Pictures
98,Universal Pictures
98,Scott Free Productions
98,Red Wagon Entertainment
98,Mill Film
98,DreamWorks Pictures
614479,Blumhouse Productions
614479,Stage 6 Films
614479,Screen Gems
807,New Line Cinema
807,Juno Pix
807,Arnold Kopelson Productions
496243,Barunson E&A
1538273,Rise East Entertainments Pvt Ltd
280,Carolco Pictures
280,Pacific Western
280,Lightstorm Entertainment
280,Le Studio Canal+
280092,Blumhouse Productions
280092,Entertainment One
192139,2521 Entertainment
192139,SK Global Entertainment
192139,Designed Epic
192139,Angel Studios
138843,Evergreen Media Group
138843,The Safran Company
138843,New Line Cinema
228150,Columbia Pictures
228150,QED International
228150,LStar Capital
228150,Le Grisbi Productions
228150,Crave Films
10681,Pixar
475557,Warner Bros. Pictures
475557,Joint Effort
475557,Village Roadshow Pictures
475557,Bron Studios
475557,DC Films
12444,Warner Bros. Pictures
12444,Heyday Films
406563,Stage 6 Films
406563,Blumhouse Productions
406563,Universal Pictures
1630409,Jungka Bangkok
562,Gordon Company
562,Silver Pictures
562,20th Century Fox
1724,Marvel Studios
1724,Valhalla Motion Pictures
1724,Marvel Entertainment
411,Walt Disney Pictures
411,Walden Media
411,C.S. Lewis Company
424,Amblin Entertainment
1087192,DreamWorks Animation
1087192,Marc Platt Productions
840464,STXfilms
840464,Anton
840464,Thunder Road
840464,G-BASE
840464,CineMachine
840464,Lionsgate
575265,Paramount Pictures
575265,Skydance Media
575265,TC Productions
8587,Walt Disney Pictures
8587,Walt Disney Feature Animation
986056,Marvel Studios
986056,Kevin Feige Productions
976912,Paranoid Android Films
976912,Proportion Productions
976912,Mutiny Pictures
976912,APL Film
121,New Line Cinema
121,WingNut Films
121,The Saul Zaentz Company
330457,Walt Disney Animation Studios
1294189,Code Entertainment
1294189,The Solution
240,Paramount Pictures
240,The Coppola Company
240,American Zoetrope
1226699,Nevermind
1226699,Point Grey Pictures
1226699,Savage Rose Films
1226699,NEON
1226699,100 Zeros
674,Warner Bros. Pictures
674,Heyday Films
674,Patalex IV Productions
112929,Cinema City Company Limited
502356,Universal Pictures
502356,Illumination
502356,Nintendo
552524,Walt Disney Pictures
552524,Rideback
1171145,Working Title Films
1171145,The Story Factory
1171145,RAW
1171145,Amazon MGM Studios
1171145,Wild State
1325734,A24
1325734,Square Peg
1325734,Dilemma Films
453395,Marvel Studios
453395,Kevin Feige Productions
1233413,Warner Bros. Pictures
1233413,Proximity Media
1233413,Domain Entertainment
1010581,Pokeepsie Films
1010581,Amazon Studios
106646,Red Granite Pictures
106646,Appian Way
106646,Sikelia Productions
106646,EMJAG Productions
49026,Syncopy
49026,Legendary Pictures
49026,Warner Bros. Pictures
49026,DC
12,Pixar
198663,Ingenious Media
198663,The Gotham Group
198663,Dayday Films
198663,Temple Hill Entertainment
198663,TSG Entertainment
198663,20th Century Fox
177572,Walt Disney Animation Studios
1408162,Sithara Entertainments
1408162,Srikara Studios
1408162,Fortune Four Cinemas
803796,Sony Pictures Animation
1168190,Amazon MGM Studios
1168190,On the Roam
1168190,Dogbone Entertainment
1168190,Henness Ridge Entertainment
1168190,6th & Idaho Motion Picture Company
1168190,Reunion Pacific Entertainment
1022789,Pixar
389,Orion-Nova Productions
933260,Working Title Films
933260,Blacksmith
933260,Working Title Films
348,Brandywine Productions
348,Twentieth Century-Fox Productions
348,Ronald Shusett Productions
22,Walt Disney Pictures
22,Jerry Bruckheimer Films
1497463,Versus Entertainment
1497463,LyO Media
1497463,Bixagu Entertainment
1497463,Elefantec Global
1497463,Crea4U
1497463,3SIX9 Studios
1218925,MAPPA
91586,Blumhouse Productions
91586,Stage 6 Films
91586,Entertainment One
91586,FilmDistrict
950387,Warner Bros. Pictures
950387,Legendary Pictures
950387,Mojang Studios
950387,Vertigo Entertainment
950387,On the Roam
950387,Domain Entertainment
808,Pacific Data Images
808,DreamWorks Animation
808,DreamWorks Pictures
1122030,Yash Raj Films
539972,Columbia Pictures
539972,Matt Tolmach Productions
539972,Arad Productions
539972,TSG Entertainment II
10138,Marvel Studios
10138,Fairview Entertainment
10138,Marvel Entertainment
1242898,20th Century Studios
1242898,Lawrence Gordon Productions
1242898,Davis Entertainment
1242898,Toberoff Productions
1242898,TSG Entertainment
20352,Illumination
20352,Universal Pictures
11,Lucasfilm Ltd.
585,Pixar
950396,Skydance Media
950396,Crooked Highway
950396,Apple Studios
150540,Pixar
911430,Plan B Entertainment
911430,Jerry Bruckheimer Films
911430,Dawn Apollo Films
911430,Apple Studios
911430,Monolith Pictures
335984,Alcon Entertainment
335984,Columbia Pictures
335984,Scott Free Productions
335984,Bud Yorkin Productions
335984,Torridon Films
335984,16:14 Entertainment
105,Universal Pictures
105,Amblin Entertainment
4935,Studio Ghibli
4935,Tokuma Shoten
4935,Nippon Television Network Corporation
4935,dentsu
4935,Walt Disney Japan
4935,d-rights
4935,TOHO
1712439,Nob Productions
1712439,Dream Maker Entertainment
14160,Pixar
1062185,Twinfurs Productions
10191,DreamWorks Animation
14161,Columbia Pictures
14161,Centropolis Entertainment
14161,Farewell Productions
14161,The Mark Gordon Company
425274,Lionsgate
425274,Cohen Pictures
425274,Media Capital Technologies
1698856,The Asylum
767,Warner Bros. Pictures
767,Heyday Films
1430698,Roundtable Entertainment
1430698,Laguna Six
1430698,Del Rey Films
1430698,Peak Distribution Partners
1430698,WeBros Entertainment
1430698,Cosmic Distribution
1430698,Architect
127585,Bad Hat Harry Productions
127585,The Donners' Company
127585,20th Century Fox
127585,Marvel Entertainment
127585,TSG Entertainment
127585,Genre Films
549509,Brookstreet Pictures
549509,Kaplan Morrison
549509,Intake Films
549509,Andrew Lauren Productions
549509,Lipsync Productions
549509,Richmond Pictures
549509,Meyohas Studio
549509,Carte Blanche
549509,Pierce Capital Entertainment
278154,Blue Sky Studios
278154,20th Century Fox Animation
324786,Summit Entertainment
324786,Pandemonium
324786,Cross Creek Pictures
324786,Permut Presentations
324786,Vendian Entertainment
324786,Argent Pictures
324786,IM Global
324786,AI Film
324786,Bliss Media
324786,Kylin Pictures
324786,Cosmos Filmed Entertainment
324786,Icon Productions
324786,Lionsgate
466420,Apple Studios
466420,Imperative Entertainment
466420,Sikelia Productions
466420,Appian Way
505642,Marvel Studios
350,Fox 2000 Pictures
350,Wendy Finerman Productions
350,Dune Entertainment
350,Major Studio Partners
857,DreamWorks Pictures
857,Paramount Pictures
857,Amblin Entertainment
857,Mutual Film Company
652,Warner Bros. Pictures
652,Plan B Entertainment
652,Radiant Productions
652,Helena Productions
675,Warner Bros. Pictures
675,Heyday Films
1613798,El Estudio
1613798,Amazon MGM Studios
210577,20th Century Fox
210577,Regency Enterprises
210577,TSG Entertainment
2062,Pixar
1266127,Searchlight Pictures
1266127,Mythology Entertainment
1266127,Radio Silence
1266127,Big Indie Pictures
1266127,Vinson Films
1656061,The Asylum
49521,Syncopy
49521,Peters Entertainment
49521,Warner Bros. Pictures
49521,DC
1318447,Chernin Entertainment
1318447,Ian Bryce Productions
1318447,Secret Menu
1318447,RVK Studios
6435,Di Novi Pictures
6435,Fortis Films
6435,Village Roadshow Pictures
6435,Warner Bros. Pictures
1318621,Suzanne Todd Productions
1318621,Potato Monkey Productions
1318621,GWave Productions
1318621,Disney Kids & Family
1318621,Bear Claw Productions
1185806,Spin Master
1185806,Nickelodeon Movies
1185806,Paramount Animation
205596,Bristol Automotive
205596,Black Bear Pictures
205596,FilmNation Entertainment
1316092,MRC
1316092,LuckyChap Entertainment
1316092,Lie Still
1316092,Warner Bros. Pictures
1316092,Domain Entertainment
1669051,Vivamax
1038392,New Line Cinema
1038392,Domain Entertainment
1038392,The Safran Company
1038392,Atomic Monster
436270,New Line Cinema
436270,Flynn Picture Company
436270,DC Films
436270,Seven Bucks Productions
436270,Warner Bros. Pictures
263115,Hutch Parker Entertainment
263115,The Donners' Company
263115,Genre Films
263115,20th Century Fox
263115,Marvel Entertainment
263115,TSG Entertainment
246655,The Donners' Company
246655,Bad Hat Harry Productions
246655,Genre Films
246655,Hutch Parker Entertainment
246655,20th Century Fox
246655,Marvel Entertainment
246655,TSG Entertainment
284053,Marvel Studios
58,Walt Disney Pictures
58,Jerry Bruckheimer Films
58,Second Mate Productions
109445,Walt Disney Animation Studios
572802,Warner Bros. Pictures
572802,The Safran Company
572802,Atomic Monster
572802,DC Films
572802,Domain Entertainment
111,Universal Pictures
111,Martin Bregman Productions
489,Lawrence Bender Productions
489,Be Gentlemen Limited Partnership
489,Miramax
315162,DreamWorks Animation
214756,Smart Entertainment
214756,Universal Pictures
214756,Fuzzy Door Productions
214756,Bluegrass Films
214756,MRC
1159559,Paramount Pictures
1159559,Spyglass Media Group
1159559,Project X Entertainment
301528,Pixar
1598766,TOHO
1598766,Shin-Ei Animation
1598766,Futabasha
1598766,TV Asahi
1598766,ADK Emotions
383498,Maximum Effort
383498,Genre Films
383498,20th Century Fox
383498,Marvel Entertainment
37165,Paramount Pictures
37165,Scott Rudin Productions
122917,New Line Cinema
122917,Metro-Goldwyn-Mayer
122917,WingNut Films
103,Bill/Phillips Productions
103,Columbia Pictures
385687,Universal Pictures
385687,Original Film
385687,One Race
385687,Perfect Storm Entertainment
1321008,Capstone Studios
1321008,Hammerstone Studios
1321008,Inzide Media
10193,Pixar
181808,Lucasfilm Ltd.
545611,IAC Films
545611,AGBO
545611,Ley Line Entertainment
545611,Year of the Rat
545611,A24
9806,Pixar
920,Pixar
68721,Marvel Studios
346698,LuckyChap Entertainment
346698,Heyday Films
346698,NB/GG Pictures
346698,Mattel
346698,Warner Bros. Pictures
1433367,Universal Pictures
1433367,Olive Bridge Entertainment
77338,Gaumont
77338,Quad Productions
77338,Chaocorp
77338,Ten Films
77338,TF1 Films Production
490132,Participant
490132,DreamWorks Pictures
490132,Cinetic Media
490132,Innisfree Pictures
1380291,Sunday Night Productions
1380291,Paramount Pictures
1380291,Big Indie Pictures
68718,The Weinstein Company
68718,Columbia Pictures
1333141,We Made a Thing Studios
1333141,South Australian Film Corporation
1333141,Screen Australia
1333141,Umbrella Entertainment
49051,New Line Cinema
49051,Metro-Goldwyn-Mayer
49051,WingNut Films
293660,20th Century Fox
293660,The Donners' Company
293660,Genre Films
293660,Marvel Entertainment
26827,Warner Bros. Pictures
26827,The Guber-Peters Company
1569947,Creativ Studios
1404304,Hideout Pictures
311,Embassy International Pictures
311,PSO
311,The Ladd Company
311,Rafran Cinematografica
1433568,WOWING Entertainment Group
1058424,Forged Films
1058424,Plus M Entertainment
1058424,Westworld Story
272,Warner Bros. Pictures
272,DC
272,Syncopy
272,Legendary Pictures
272,Patalex III Productions
286217,Genre Films
286217,TSG Entertainment
286217,20th Century Fox
286217,Scott Free Productions
408,Walt Disney Productions
863,Pixar
38757,Walt Disney Animation Studios
38757,Walt Disney Pictures
752,Virtual Studios
752,Anarchos Productions
752,Silver Pictures
752,Fünfte Babelsberg Film
752,Warner Bros. Productions
752,DC Vertigo
283995,Marvel Studios
772,20th Century Fox
772,Hughes Entertainment
372058,CoMix Wave Films
372058,TOHO
372058,KADOKAWA
372058,jeki
372058,AMUSE
372058,voque ting
372058,Lawson Entertainment
769,Winkler Films
769,Warner Bros. Pictures
207,A Steven Haft Production
207,Witt/Thomas Productions
207,Silver Screen Partners IV
207,Touchstone Pictures
260514,Pixar
497698,Marvel Studios
980477,Chengdu Coco Cartoon
980477,Beijing Enlight Pictures
980477,Beijing Enlight Media
980477,Chengdu Zizai Jingjie Culture Media
980477,Beijing Coloroom Technology
1241982,Walt Disney Animation Studios
1241982,Walt Disney Animation Studios
11324,Paramount Pictures
11324,Phoenix Pictures
11324,Sikelia Productions
11324,Appian Way
78,Shaw Brothers
78,The Ladd Company
78,Warner Bros. Pictures
49013,Pixar
49013,Walt Disney Pictures
566525,Marvel Studios
1062722,Double Dare You
1062722,Demilo Films
1062722,Bluegrass 7
16869,Universal Pictures
16869,The Weinstein Company
16869,A Band Apart
16869,Zehnte Babelsberg Film
16869,Visiona Romantica
1422,Warner Bros. Pictures
1422,Plan B Entertainment
1422,Initial Entertainment Group
1422,Vertigo Entertainment
1422,Media Asia Films
49519,DreamWorks Animation
429,United Artists
429,PEA
429,Arturo González PC
429,Constantin Film
1242332,Aperture Media Partners
1242332,QWGmire
1242332,OPE Partners
1242332,Le Foole
1242332,Tradecraft
1242332,Normal Films
1616131,Micromundo Producciones
1616131,Gato Grande Productions
508442,Pixar
1100988,Columbia Pictures
1100988,DNA Films
1100988,Decibel Films
1100988,TSG Entertainment
466272,Heyday Films
466272,Columbia Pictures
466272,Bona Film Group
11036,New Line Cinema
11036,Avery Pix
11036,Gran Via Productions
284054,Marvel Studios
10867,Medusa Film
10867,Miramax
10867,Pacific Pictures
10867,Tele+
845781,Seven Bucks Productions
845781,The Detective Agency
845781,Chris Morgan Productions
845781,Amazon MGM Studios
1119449,Constantin Film
1119449,Blind Wink
1119449,3 Arts Entertainment
1119449,North.Five.Six.
1078605,Subconscious
1078605,Vertigo Entertainment
1078605,BoulderLight Pictures
1078605,New Line Cinema
1078605,Domain Entertainment
939243,Paramount Pictures
939243,Original Film
939243,Marza Animation Planet
939243,SEGA
939243,Blur Studio
939243,SEGA of America
10195,Marvel Studios
10195,Marvel Entertainment
603692,Thunder Road
603692,87Eleven
603692,Studio Babelsberg
603692,Lionsgate
574475,New Line Cinema
574475,Practical Pictures
574475,Freshman Year
574475,Fireside Films
574475,Domain Entertainment
137106,Lin Pictures
137106,Vertigo Entertainment
137106,Village Roadshow Pictures
137106,The LEGO Group
137106,Animal Logic
137106,Warner Animation Group
137106,RatPac Entertainment
546554,MRC
546554,T-Street
694,Warner Bros. Pictures
694,Peregrine
694,Hawk Films
694,The Producer Circle Co.
82702,DreamWorks Animation
1676318,Wiedemann & Berg Television
1676318,DO Productions
1124,Warner Bros. Pictures
1124,Touchstone Pictures
1124,Newmarket Films
1124,Syncopy
1402,Escape Artists
1402,Relativity Media
1402,Columbia Pictures
1402,Overbrook Entertainment
359410,Silver Pictures
359410,Amazon MGM Studios
402431,Universal Pictures
402431,Marc Platt Productions
1865,Walt Disney Pictures
1865,Jerry Bruckheimer Films
1865,Moving Picture Company
493922,PalmStar Media
493922,Pulse Films
493922,Finch Entertainment
493922,Windy Hill Pictures
1306368,Artists Equity
101,Gaumont
101,Les Films du Dauphin
39254,DreamWorks Pictures
39254,Reliance Entertainment
39254,21 Laps Entertainment
39254,Montford / Murphy Productions
313369,Summit Entertainment
313369,Gilbert Films
313369,Impostor Pictures
313369,Marc Platt Productions
985939,Tea Shop Productions
985939,Capstone Pictures
985939,Eagle Films
580489,Columbia Pictures
580489,Pascal Pictures
580489,Matt Tolmach Productions
580489,Arad Productions
156022,Lonetree Entertainment
156022,Columbia Pictures
156022,Village Roadshow Pictures
156022,Escape Artists
156022,LStar Capital
156022,Mace Neufeld Productions
1391021,Bad Monkey (Shanghai) 上海坏猴子
1391021,梦将军（上海）影业有限公司
1391021,Alibaba Pictures Group
1391021,China Film Group Corporation
38365,Columbia Pictures
38365,Relativity Media
38365,Happy Madison Productions
10625,Broadway Video
10625,Paramount Pictures
10625,M.G. Films
28,American Zoetrope
77,Newmarket Films
77,Summit Entertainment
77,Team Todd
77,I Remember Productions
507086,Amblin Entertainment
507086,Universal Pictures
285,Jerry Bruckheimer Films
285,Second Mate Productions
285,Walt Disney Pictures
47971,Rox Productions
47971,Revolution Studios
47971,Maple Cage Productions
47971,Huahua Media
47971,Roth-Kirschenbaum Films
47971,Shanghai Film Group
47971,One Race
47971,Paramount Pictures
744,Paramount Pictures
744,Don Simpson/Jerry Bruckheimer Films
12153,Revolution Studios
12153,Wayans Bros. Entertainment
12153,Gone North Productions
1305781,Alibaba Pictures Group
1305781,DF Pictures
1305781,Damai Entertainment
1305781,Peace Film Production Co.
1305781,Huaxia Film Distribution
1305781,China Film Group Corporation
140607,Lucasfilm Ltd.
140607,Bad Robot
614945,Escape Artists
614945,Sony Pictures
539,Shamley Productions
18785,Legendary Pictures
18785,Green Hat Films
18785,Warner Bros. Pictures
329865,FilmNation Entertainment
329865,Lava Bear Films
329865,21 Laps Entertainment
24,Miramax
24,A Band Apart
24,Super Cool ManChu
519182,Universal Pictures
519182,Illumination
949,Warner Bros. Pictures
949,Regency Enterprises
949,Forward Pass
744275,Voltage Pictures
744275,Wattpad
744275,Vertical
744275,Ethea Entertainment
744275,CalMaple Films
2501,Universal Pictures
2501,Hypnotic
2501,Kalima Productions
2501,Stillking Films
2501,The Kennedy/Marshall Company
318846,Paramount Pictures
318846,Regency Enterprises
318846,Plan B Entertainment
1198994,Raimi Productions
1198994,20th Century Studios
1198994,TSG Entertainment
216015,Universal Pictures
216015,Focus Features
216015,Michael De Luca Productions
216015,Trigger Street Productions
917496,Warner Bros. Pictures
917496,Geffen Pictures
917496,Plan B Entertainment
917496,Tim Burton Productions
917496,Tommy Harper Productions
917496,Domain Entertainment
436969,DC Films
436969,Atlas Entertainment
436969,The Safran Company
436969,Warner Bros. Pictures
57800,Blue Sky Studios
57800,20th Century Fox Animation
1317288,A24
1317288,Central Pictures
1491920,Shanghai Maoyan Film 上海猫眼影业
1491920,China Film Group Corporation
1491920,深圳电影制片厂
72190,GK Films
72190,Paramount Pictures
72190,Hemisphere Media Capital
72190,2DUX²
72190,Skydance Media
72190,Plan B Entertainment
1240889,MUBI
1240889,Plan B Entertainment
1732625,The LEGO Group
1732625,Atomic Cartoons
242582,Sierra/Affinity
242582,Bold Films
713704,Pacific Renaissance Pictures
713704,Wild Atlantic Pictures
713704,New Line Cinema
713704,Renaissance Pictures
120467,Fox Searchlight Pictures
120467,Studio Babelsberg
120467,Indian Paintbrush
120467,TSG Entertainment
120467,American Empirical Pictures
260513,Pixar
259693,New Line Cinema
259693,The Safran Company
259693,Atomic Monster
259693,RatPac Entertainment
798645,Paramount Pictures
798645,Complete Fiction
798645,Genre Films
798645,Domain Entertainment
119450,TSG Entertainment
119450,Chernin Entertainment
119450,Ingenious Media
119450,20th Century Fox
810,DreamWorks Animation
810,Pacific Data Images
423,R.P. Productions
423,Heritage Films
423,Studio Babelsberg
423,Runteam
423,StudioCanal
396535,Next Entertainment World
396535,RedPeter Films
396535,Contents Panda
396535,Union Investment Partners
396535,KTB Network
10020,Silver Screen Partners IV
10020,Walt Disney Pictures
102899,Marvel Studios
207703,20th Century Fox
207703,Marv
207703,Cloudy Productions
207703,TSG Entertainment
9769,Pathé
9769,Lolita Productions
9502,DreamWorks Animation
44980,Vision Sugimoto
44980,GAGA Communications
1504358,Original Headquarters
1504358,Range Studios
1504358,Happy Madison Productions
298618,Warner Bros. Pictures
298618,Double Dream
298618,The Disco Factory
298618,DC Films
8355,Blue Sky Studios
8355,20th Century Fox Animation
8355,20th Century Fox
451156,Annuit Coeptis Entertainment II
451156,Johnson Production Group
451156,Lifetime
530385,B-Reel Films
530385,Square Peg
321612,Walt Disney Pictures
321612,Mandeville Films
299537,Marvel Studios
270946,DreamWorks Animation
270946,Pacific Data Images
1156594,Pokeepsie Films
1156594,Amazon MGM Studios
1228246,Blumhouse Productions
1228246,Scott Cawthon Productions
1228246,Mind Hive Films
425,Blue Sky Studios
425,20th Century Fox
991494,Paramount Animation
991494,Nickelodeon Movies
991494,Domain Entertainment
991494,MRC
353081,Paramount Pictures
353081,Bad Robot
353081,Skydance Media
353081,TC Productions
812,Walt Disney Feature Animation
1368,Carolco Pictures
1368,Anabasis
1368,Elcajo Productions
578,The Zanuck/Brown Company
578,Universal Pictures
447273,Walt Disney Pictures
447273,Marc Platt Productions
1197306,Cedar Park Entertainment
1197306,BlockFilm
1197306,Punch Palace Productions
1197306,Balboa Productions
1197306,Black Bear Pictures
1197306,Fifth Season
1197306,CAT5
564,Alphaville Films
14097,Channel 1+1
14097,Finnish Film Foundation
14097,MRP Matila Röhr Productions
14097,Slovo
14097,Telekanal STS
14097,YLE
14097,Art Pictures Studio
1368314,18Hz Productions
1368314,Coin Operated
1368314,Paramount Pictures
1368314,Domain Entertainment
424711,Romana Film
398818,La Cinéfacture
398818,Frenesy Film
398818,M.Y.R.A. Entertainment
398818,RT Features
398818,Water's End Productions
146233,Alcon Entertainment
146233,8:38 Productions
146233,Madhouse Entertainment
1377237,Broken Road Productions
1377237,AllyCat Entertainment
1377237,Industry Entertainment Partners
1377237,Nickel City Pictures
1377237,A Higher Standard
1377237,G2 Dispatch
1377237,Angel Studios
259316,Heyday Films
259316,Warner Bros. Pictures
512200,Columbia Pictures
512200,Seven Bucks Productions
512200,Matt Tolmach Productions
512200,The Detective Agency
73861,Contra Film
1383731,Aanaxion Studio
1383731,828 Productions
1383731,BondIt Media Capital
1383731,Magenta Light Studios
1383731,Blossom Studio
1383731,Allbarun Company
1383731,SSS Entertainment
1383731,American Picture House Corporation
1383731,CaliWood Pictures
4247,Brad Grey Pictures
4247,Gold/Miller Productions
4247,Wayans Bros. Entertainment
4247,Dimension Films
270303,Two Flints
270303,Northern Lights Films
270303,Animal Kingdom
128,Studio Ghibli
128,dentsu
128,Tokuma Shoten
128,Nippon Television Network Corporation
76492,Columbia Pictures
76492,Sony Pictures Animation
1493400,Chorus Boy
1493400,Disney Channel
1493400,Bear Claw Productions
1493400,Powered by Jonas
1493400,DLG Entertainment
1493400,Potato Monkey Productions
1493400,Obstinate Headstrong Girl
420809,Walt Disney Pictures
420809,Roth Films
8966,Summit Entertainment
8966,Temple Hill Entertainment
8966,Maverick Films
8966,Imprint Entertainment
8966,Goldcrest
8966,Aura Films
4951,Mad Chance
4951,Jaret Entertainment
898704,MBC Studios
898704,JB Pictures
898704,AGC Studios
898704,Studio Mechanical
38,Focus Features
38,Anonymous Content
38,This is that
637,Mario e Vittorio Cecchi Gori - C.E.I.A.D.
637,Melampo Cinematografica
273481,Lionsgate
273481,Black Label Media
273481,Thunder Road
1417,Estudios Picasso
1417,Esperanto Filmoj
1417,Tequila Gang
1417,Telecinco
1302904,Di Novi Pictures
1302904,Warner Bros. Pictures
1302904,Blossom Films
1302904,Fortis Films
1302904,Domain Entertainment
1302904,Alcon Entertainment
616037,Marvel Studios
616037,Kevin Feige Productions
588627,Playgirl Amusement Company Limited
823219,Dream Well Studio
823219,Sacrebleu Productions
823219,Take Five
823219,ARTE France Cinéma
823219,RTBF
1308767,Angel Studios
1308767,10 Ton Productions
1308767,Wonder Project
1308767,2521 Entertainment
1308767,Red 56
1308767,Provident Films
1308767,Wild Atlantic Pictures
510,Fantasy Films
281957,Monarchy Enterprises S.a.r.l.
281957,Regency Enterprises
281957,Appian Way
281957,CatchPlay
281957,Anonymous Content
281957,New Regency Pictures
281957,Hong Kong Alpha Motion Pictures Co.
281957,M Productions
281957,RatPac Entertainment
161,Warner Bros. Pictures
161,Village Roadshow Pictures
161,NPV Entertainment
161,Jerry Weintraub Productions
161,Section Eight
61791,Dune Entertainment
61791,Chernin Entertainment
61791,Ingenious Media
61791,Big Screen Productions
61791,20th Century Fox
6977,Miramax
6977,Paramount Vantage
6977,Scott Rudin Productions
6977,Mike Zoss Productions
10997,Beijing Film Studio
10997,China Film Co-Production
10997,"Tomson (Hong Kong) Films Co., Ltd."
290098,Moho Film
290098,Yong Film
290098,CJ Entertainment
1510795,Regal Entertainment
76338,Marvel Studios
447332,Paramount Pictures
447332,Platinum Dunes
447332,Sunday Night Productions
194,Victoires Productions
194,Tapioca Films
194,France 3 Cinéma
194,MMC Independent
194,UGC
335983,Matt Tolmach Productions
335983,Pascal Pictures
335983,Marvel Entertainment
335983,Tencent Pictures
335983,Arad Productions
335983,Columbia Pictures
377,New Line Cinema
377,Smart Egg Pictures
377,Media Home Entertainment
377,Cinema 84
377,The Elm Street Venture
640,Kemp Company
640,Splendid Pictures
640,DreamWorks Pictures
640,Parkes+MacDonald Production
293167,Legendary Pictures
293167,Tencent Pictures
44214,Fox Searchlight Pictures
44214,Cross Creek Pictures
44214,Protozoa Pictures
44214,Phoenix Pictures
44214,Dune Entertainment
118,Warner Bros. Pictures
118,Village Roadshow Pictures
118,The Zanuck Company
118,Plan B Entertainment
118,Theobald Film Productions
3933,Tim Burton Productions
3933,LAIKA
3933,Patalex Productions
3933,Warner Bros. Pictures
1064213,Cre Film
1064213,FilmNation Entertainment
1318413,Working Title Films
1318413,StudioCanal UK
1318413,StudioCanal
701387,Element Pictures
701387,Square Peg
701387,Fremantle
701387,Pith Quest Films
701387,Fruit Tree
701387,CJ ENM
786892,Warner Bros. Pictures
786892,Kennedy Miller Mitchell
786892,Domain Entertainment
333339,Amblin Entertainment
333339,Warner Bros. Pictures
333339,Village Roadshow Pictures
333339,De Line Pictures
333339,Dune Entertainment
374720,Warner Bros. Pictures
374720,Syncopy
374720,RatPac Entertainment
62,Stanley Kubrick Productions
62,Metro-Goldwyn-Mayer
11688,Walt Disney Feature Animation
11688,Walt Disney Pictures
296096,New Line Cinema
296096,Sunswept Entertainment
296096,Metro-Goldwyn-Mayer
598,O2 Filmes
598,VideoFilmes
598,Wild Bunch
598,Hank Levine Film & Music
598,Globo Filmes
598,Lumière
4348,StudioCanal
4348,Working Title Films
4348,Scion Films
4348,Focus Features
1235877,KVN Productions
1235877,The Route
1330021,Anonymous Content
1330021,Night Owl Stories
98566,Platinum Dunes
98566,Gama Entertainment Partners
98566,Heavy Metal
98566,Mednick Productions
937287,Pascal Pictures
937287,Why Are You Acting? Productions
937287,Frenesy Film
937287,Amazon MGM Studios
615,Icon Productions
7518,DreamWorks Animation
967941,Universal Pictures
967941,Marc Platt Productions
1263337,Paramount Pictures
1263337,Wild Chickens Productions
1263337,Temple Hill Entertainment
1263337,Domain Entertainment
1263337,GulfStream Pictures
1263337,Kino World
438148,Universal Pictures
438148,Illumination
11224,Walt Disney Productions
1317149,One Story High
1317149,Tempo Productions
146198,Surefire Capital
146198,Worldview Entertainment
146198,Sierra Pictures
146198,Anonymous Content
146198,MadRiver Pictures
18,Gaumont
10198,Walt Disney Animation Studios
1263532,O2 Filmes
135397,Amblin Entertainment
135397,Universal Pictures
135397,Legendary Pictures
575264,Paramount Pictures
575264,Skydance Media
575264,TC Productions
637649,Miramax
637649,Toff Guy Films
106,20th Century Fox
106,Lawrence Gordon Productions
106,Silver Pictures
106,Davis Entertainment
106,Amercent Films
106,American Entertainment Partners L.P.
809,DreamWorks Animation
809,Pacific Data Images
1382832,Signature Entertainment
12155,Walt Disney Pictures
12155,Roth Films
12155,Team Todd
12155,The Zanuck Company
1340206,Black Bear Pictures
1340206,Elevation Pictures
1340206,English Breakfast Productions
5721,Goldstein Films
5721,Coldstream Films
5721,Eve Productions
893723,Nickelodeon Movies
893723,Spin Master
893723,Paramount Pictures
976573,Pixar
105864,Pixar
297762,Atlas Entertainment
297762,Cruel & Unusual Films
297762,DC Films
297762,Warner Bros. Pictures
297762,RatPac-Dune Entertainment
1100782,Paramount Pictures
1100782,Temple Hill Entertainment
1100782,Bad Feeling
9479,Touchstone Pictures
9479,Skellington Productions
1592,Paramount Pictures
1592,Rysher Entertainment
764,Renaissance Pictures
945961,20th Century Studios
945961,Scott Free Productions
945961,Brandywine Productions
945961,TSG Entertainment
640146,Marvel Studios
640146,Kevin Feige Productions
400535,Thunder Road
400535,Black Label Media
400535,Columbia Pictures
400535,Lionsgate
400535,Redrum
1495,Scott Free Productions
1495,BK
1495,KOH
1495,Reino del Cielo
1495,Inside Track 3
1495,20th Century Fox
1495,Babelsberg Film
419430,Monkeypaw Productions
419430,Blumhouse Productions
419430,QC Entertainment
363088,Marvel Studios
1159831,First Love Films
1159831,Warner Bros. Pictures
1159831,In The Current Company
1159831,Domain Entertainment
1272837,Columbia Pictures
1272837,TSG Entertainment
1272837,DNA Films
345940,Apelles Entertainment
345940,Gravity Pictures
345940,di Bonaventura Pictures
345940,Flagship Entertainment Group
345940,Maeday Productions
345940,Warner Bros. Pictures
792307,Searchlight Pictures
792307,Film4 Productions
792307,TSG Entertainment
792307,Element Pictures
792307,Limp
792307,Fruit Tree
1469342,NEON
1469342,byNWR
1469342,Pillow
1813,Monarchy Enterprises B.V.
1813,Regency Enterprises
1813,Kopelson Entertainment
1813,New Regency Pictures
1813,Taurus Film
1813,Warner Bros. Pictures
882569,STXfilms
882569,Toff Guy Films
458156,Thunder Road
458156,Lionsgate
458156,87Eleven
1246049,EuropaCorp
1246049,TF1 Films Production
1246049,SND
1246049,Kinology
1246049,Actarus Productions
1246049,Luc Besson Production
829557,Ekipa
829557,Open Mind Production
11423,CJ Entertainment
11423,Muhan Investment
11423,Sidus
745,Spyglass Entertainment
745,The Kennedy/Marshall Company
745,Hollywood Pictures
745,Barry Mendel Productions
337167,Universal Pictures
337167,Michael De Luca Productions
337167,Perfect World Pictures
1477712,The Horror Section
1477712,Media Capital Technologies
1477712,Head Gear Films
1477712,Mass Appeal
1477712,Metrol Technology
1477712,dentsu
1477712,Sixth Dimension
333484,Metro-Goldwyn-Mayer
333484,Columbia Pictures
333484,LStar Capital
333484,Village Roadshow Pictures
333484,Pin High
333484,Escape Artists
320288,Genre Films
320288,Hutch Parker Entertainment
320288,20th Century Fox
320288,TSG Entertainment
320288,Marvel Entertainment
36557,Metro-Goldwyn-Mayer
36557,Columbia Pictures
36557,EON Productions
36557,Casino Royale Productions
85,Paramount Pictures
85,Lucasfilm Ltd.
370172,EON Productions
370172,Metro-Goldwyn-Mayer
75780,Paramount Pictures
75780,Skydance Media
75780,TC Productions
1398655,Blindcopy
1398655,Fusion Entertainment
131631,Lionsgate
131631,Color Force
934433,Radio Silence
934433,Project X Entertainment
934433,Spyglass Media Group
934433,Paramount Pictures
404368,Walt Disney Animation Studios
9552,Hoya Productions
9552,Warner Bros. Pictures
679,SLM Production Group
679,20th Century Fox
679,Brandywine Productions
558449,Paramount Pictures
558449,Scott Free Productions
558449,Lucy Fisher/Douglas Wick Productions
14324,Zephyr Films
14324,Carthago Films
14324,The De Laurentiis Company
14324,DDL Cinematografica
14324,Red Lion
14324,Ingenious Media
14324,Anchor Bay Entertainment
373571,Legendary Pictures
373571,Huahua Media
373571,TOHO
57158,New Line Cinema
57158,Metro-Goldwyn-Mayer
57158,WingNut Films
260346,EuropaCorp
260346,20th Century Fox
260346,M6 Films
260346,TSG Entertainment
260346,Meñakoz Films
16859,Studio Ghibli
16859,Tokuma Shoten
16859,Nippon Television Network Corporation
16859,Yamato Transport
8363,Columbia Pictures
8363,Apatow Productions
1927,Marvel Enterprises
1927,Universal Pictures
1927,Good Machine
1927,Valhalla Motion Pictures
524434,Marvel Studios
949536,Powell and Price Productions
601,Universal Pictures
601,Amblin Entertainment
209112,Warner Bros. Pictures
209112,RatPac Entertainment
209112,Atlas Entertainment
209112,Cruel & Unusual Films
209112,DC
609681,Marvel Studios
609681,Kevin Feige Productions
2105,Zide-Perry Productions
2105,Universal Pictures
561,Village Roadshow Pictures
561,Lonely Film Productions
561,The Donners' Company
561,Batfilm Productions
561,Weed Road Pictures
561,Warner Bros. Pictures
561,3 Arts Entertainment
561,DC Vertigo
101299,Lionsgate
101299,Color Force
8689,F.D. Cinematografica
8689,Bolivariana Films
8689,United Artists Europa
8689,Transcontinental Films
50014,1492 Pictures
50014,Harbinger Pictures
1173559,Raptor FX Studio
696506,Plan B Entertainment
696506,Offscreen
696506,Kate Street Picture Company
696506,Domain Entertainment
696506,Warner Bros. Pictures
929590,DNA Films
929590,IPR.VC
929590,A24
853,Paramount Pictures
853,Mandalay Pictures
853,KC Medien
853,Reperage
853,DOS
853,MP Film Management
853,Little Bird
853,Lions Gate Films
853,Swanford Films
438695,Illumination
36685,20th Century Fox
36685,Lou Adler Productions
36685,Michael White Productions
36685,Houtsnede Maatschappij
245891,87Eleven
245891,DefyNite Films
245891,MJW Films
245891,Thunder Road
1175942,DreamWorks Animation
10144,Silver Screen Partners IV
10144,Walt Disney Feature Animation
75656,Summit Entertainment
75656,K/O Paper Products
75656,SOIXAN7E QUIN5E
75656,See Me Louisiana
346364,New Line Cinema
346364,Vertigo Entertainment
346364,Lin Pictures
346364,KatzSmith Productions
1084187,87North Productions
1084187,GulfStream Pictures
1084187,Amazon MGM Studios
1084187,Tempo Productions
1008042,Causeway Films
1008042,Screen Australia
1008042,South Australian Film Corporation
1008042,Bankside Films
1008042,Head Gear Films
1008042,Metrol Technology
1011985,DreamWorks Animation
9820,Walt Disney Pictures
9820,The Meyers/Shyer Company
62177,Pixar
9470,Huayi Brothers & Taihe Film Investment
9470,Star Overseas
9470,Beijing Film Studio
9470,CP Film Production Asia
9470,China Film Group Corporation
447404,Legendary Pictures
447404,The Pokémon Company
447404,TOHO
82976,Les Films La Boétie
82976,Rizzoli Film
866398,Miramax
866398,Cedar Park Entertainment
866398,Punch Palace Productions
11544,Walt Disney Pictures
456931,Ecce Films
426063,Focus Features
426063,Studio 8
426063,Maiden Voyage Pictures
426063,Birch Hill Road Entertainment
22881,Alcon Entertainment
22881,Netter Productions
591,Imagine Entertainment
591,Skylark Productions
126889,20th Century Fox
126889,Brandywine Productions
126889,Scott Free Productions
1719326,Vivamax
93456,Illumination
93456,Universal Pictures
1632181,Videocine
1632181,ViX
1632181,TelevisaUnivision Mexico
91314,di Bonaventura Pictures
91314,DeSanto/Murphy Productions
91314,Ian Bryce Productions
91314,Paramount Pictures
91314,Hasbro
447277,Walt Disney Pictures
447277,Lucamar Productions
447277,Marc Platt Productions
602,20th Century Fox
602,Centropolis Entertainment
855,Jerry Bruckheimer Films
855,Revolution Studios
855,Scott Free Productions
670,Show East
670,Egg Film
670,Cineclick Asia
37799,Columbia Pictures
37799,Relativity Media
37799,Scott Rudin Productions
37799,Michael De Luca Productions
37799,Trigger Street Productions
1285959,Van Evera
1285959,Dark Castle Entertainment
1285959,Amasia Entertainment
1285959,Chandler Fogden Lyman Entertainment Law
8358,20th Century Fox
8358,DreamWorks Pictures
8358,Playtone
1156593,Pokeepsie Films
1156593,Amazon MGM Studios
185,Polaris Productions Limited
185,Warner Bros. Pictures
185,Hawk Films
38055,DreamWorks Animation
38055,Pacific Data Images
1007734,Universal Pictures
1007734,87North Productions
1007734,OPE Partners
1007734,Eighty Two Films
2109,New Line Cinema
2109,Arthur Sarkissian Productions
2109,Roger Birnbaum Productions
520763,Paramount Pictures
520763,Platinum Dunes
520763,Sunday Night Productions
508947,Pixar
1091,Universal Pictures
1091,The Turman-Foster Company
1391325,Bowfinger
1391325,Esto También Pasará
1391325,Glow
1391325,SDB Films
1391325,Atresmedia Cine
425909,Columbia Pictures
425909,Bron Studios
425909,The Montecito Picture Company
425909,Ghost Corps
653346,20th Century Studios
653346,Oddball Entertainment
653346,Jason T. Reed Productions
653346,TSG Entertainment
1305672,Alibaba Pictures Group
1305672,China Film Group Corporation
359724,20th Century Fox
359724,TSG Entertainment
359724,Chernin Entertainment
359724,Turnpike Films
630,Metro-Goldwyn-Mayer
343611,Skydance Media
343611,Huahua Media
343611,Shanghai Film Group
343611,TC Productions
343611,Paramount Pictures
412117,Universal Pictures
412117,Illumination
405871,Nikkatsu Corporation
1236153,Atlas Entertainment
1236153,Amazon MGM Studios
1236153,Bazelevs
1579,Icon Entertainment International
1579,Icon Productions
1579,Touchstone Pictures
680493,Konami
680493,Davis Films
680493,Ashland Hill Media Finance
680493,Supernix
680493,WIP
680493,Richmond Pictures
680493,Lipsync Productions
680493,Electric Shadow Company
680493,Maze Pictures
680493,Penzing Studios
680493,Black Sail Pictures
177677,Paramount Pictures
177677,Bad Robot
177677,Odin
177677,Skydance Media
177677,China Movie Channel
177677,Alibaba Pictures Group
72105,Universal Pictures
72105,MRC
72105,Fuzzy Door Productions
72105,Bluegrass Films
72105,Smart Entertainment
1214931,Bluestone Entertainment
1214931,Walden Media
1214931,Filmsquad
1214931,Mythology Entertainment
1214931,Titan Media
30723,Crown International Pictures
300668,Paramount Pictures
300668,Skydance Media
300668,DNA Films
300668,Scott Rudin Productions
577922,Warner Bros. Pictures
577922,Syncopy
1366,Winkler Films
1097549,A24
1097549,2AM
1097549,Man Up Film
1084199,BoulderLight Pictures
1084199,New Line Cinema
1084199,Vertigo Entertainment
1084199,Subconscious
1084199,Domain Entertainment
1232449,Polar Bear Films
1232449,Family Affair Films
1232449,Kwassa Films
330459,Lucasfilm Ltd.
27,Revolution Films
18240,Touchstone Pictures
18240,Mandeville Films
18240,Kurtzman/Orci
949838,Sony Pictures
949838,Davis Entertainment
949838,Counterbalance Entertainment
949838,HartBeat Productions
949838,Will Packer Productions
949838,The Story Company
242,Paramount Pictures
242,American Zoetrope
861,Carolco Pictures
861,Ronald Shusett/Gary Goldman Productions
1390300,87North Productions
1390300,XYZ Films
1390300,74 Entertainment
1390300,IPR.VC
1390300,The Trip Productions
940721,TOHO
940721,TOHO Studios
940721,Robot Communications
168259,Original Film
168259,One Race
168259,Universal Pictures
1284046,A24
1284046,Ryder Picture Company
1284046,Lyrical Media
1284046,Breakaway Civilization
1284046,828 Productions
82690,Walt Disney Animation Studios
1397485,Marc Platt Productions
1397485,BuzzFeed Studios
1397485,CR8IV DNA
629,Bad Hat Harry Productions
629,Blue Parrot Productions
100402,Marvel Studios
269955,Next Entertainment World
269955,Finecut
269955,Iron Pack
424694,20th Century Fox
424694,Regency Enterprises
424694,GK Films
424694,TSG Entertainment
7345,Paramount Vantage
7345,Miramax
7345,JoAnne Sellar Productions
7345,Ghoulardi Film Company
1288341,Filmbarr
1288341,Monster Pictures Studios
1288341,Head Gear Films
1288341,Screen Queensland
1288341,Metrol Technology
1288341,Kreo Films
1288341,Signature Films
1288341,Sandy Pictures
1645614,Nephilim Producciones
1480387,Black Fawn Films
1480387,Slaterverse Pictures
1480387,KINO Studios
1480387,Spooky Pictures
1480387,DimensionGate
1480387,Feel Everything Productions
953,Pacific Data Images
953,DreamWorks Animation
453,Universal Pictures
453,DreamWorks Pictures
453,Imagine Entertainment
527774,Walt Disney Animation Studios
9487,Pixar
19913,Fox Searchlight Pictures
19913,Watermark Pictures
19913,Dune Entertainment III
11216,Cristaldifilm
11216,Les Films Ariane
11216,Rai 3
11216,TF1 Films Production
11216,Forum Picture
921711,Jaswanth Super Cinemas
4327,Columbia Pictures
4327,Tall Trees Productions
4327,Flower Films
4327,Leonard Goldberg Productions
152601,Annapurna Pictures
10527,DreamWorks Animation
10527,Pacific Data Images
1279493,Nickel City Pictures
1279493,A Higher Standard
1279493,G2 Dispatch
1279493,Life & Soul Pictures
1279493,Fifth Season
1292695,Nocturna
1292695,New Line Cinema
1292695,Domain Entertainment
1292695,Film Afrika
281338,20th Century Fox
281338,TSG Entertainment
281338,Chernin Entertainment
940551,Universal Pictures
940551,Illumination
337404,Walt Disney Pictures
337404,Gunn Films
337404,Marc Platt Productions
955,Paramount Pictures
955,Cruise/Wagner Productions
955,Munich Film Partners & Company (MFP) MI 2 Productions
1002398,Vivamax
1771,Marvel Studios
1771,Marvel Entertainment
254,Universal Pictures
254,WingNut Films
254,Big Primate Pictures
254,MFPV Film
194662,TSG Entertainment
194662,Worldview Entertainment
194662,New Regency Pictures
194662,M Productions
194662,Le Grisbi Productions
446893,DreamWorks Animation
18239,Summit Entertainment
18239,Temple Hill Entertainment
18239,Maverick Films
18239,Imprint Entertainment
18239,Sunswept Entertainment
11836,Paramount Pictures
11836,Nickelodeon Movies
11836,United Plankton Pictures
11836,Peanut Worm Productions
166426,Walt Disney Pictures
166426,Jerry Bruckheimer Films
166426,Infinitum Nihil
240832,EuropaCorp
240832,Canal+
240832,Ciné+
240832,TF1 Films Production
343668,20th Century Fox
343668,Marv
343668,Cloudy Productions
343668,TSG Entertainment
1470130,Epic Pictures Group
1470130,Creativity Capital
1470130,Dread
1470130,Traverse Terror
1035259,Fuzzy Door Productions
1035259,Paramount Pictures
1035259,Domain Entertainment
567609,Mythology Entertainment
567609,Vinson Films
567609,Fox Searchlight Pictures
567609,Radio Silence
567609,TSG Entertainment
49530,New Regency Pictures
49530,Strike Entertainment
1284120,Mer Film
1284120,Lava Films
1284120,MOTOR
1284120,Scanbox Production
1284120,Zentropa International Sweden
1284120,Mediefondet Zefyr
1284120,Film i Väst
197,The Ladd Company
197,Icon Productions
197,Icon Entertainment International
1278,Recorded Picture Company
1278,Fiction
1278,Peninsula Films
1278,HanWay Films
1278,Fox Searchlight Pictures
1278,Medusa Film
1278,Tele+
4232,Dimension Films
4232,Woods Entertainment
10674,Walt Disney Feature Animation
10674,Walt Disney Pictures
875828,BBC Film
875828,Garrison Drama
875828,Nebulastar
474350,Vertigo Entertainment
474350,Double Dream
474350,Rideback
474350,New Line Cinema
6479,Village Roadshow Pictures
6479,Weed Road Pictures
6479,Overbrook Entertainment
6479,Warner Bros. Pictures
6479,Heyday Films
6479,Original Film
211672,Illumination
211672,Universal Pictures
420818,Walt Disney Pictures
420818,Fairview Entertainment
604079,Lionsgate
604079,Media Capital Technologies
604079,Vertigo Entertainment
604079,about:blank
10192,DreamWorks Animation
118340,Marvel Studios
1545621,TMS Entertainment
1545621,TOHO
1545621,Nippon Television Network Corporation
1545621,Shogakukan
1545621,Yomiuri Telecasting Corporation
1545621,Shogakukan-Shueisha Productions
524047,STXfilms
524047,Anton
524047,Thunder Road
524047,G-BASE
524047,Riverstone Pictures
44912,De Line Pictures
44912,Warner Bros. Pictures
44912,DC
18491,GAINAX
18491,movic
18491,Star Child Recording
18491,TV Tokyo
18491,Production I.G
18491,KADOKAWA Shoten
18491,Toei Company
18491,SEGA
1530941,Warner Bros. Japan
1530941,BN Pictures
176,Twisted Pictures
799583,Jerry Bruckheimer Films
799583,Black Bear Pictures
799583,Toff Guy Films
508883,Studio Ghibli
948,Compass International Pictures
948,Falcon International Productions
948,Miracle Films
1234731,Fully Formed Entertainment
1234731,Columbia Pictures
1234731,TSG Entertainment
122906,Universal Pictures
122906,Relativity Media
122906,Working Title Films
8413,Impact Pictures
8413,Paramount Pictures
8413,Golar Productions
8413,Lawrence Gordon Productions
615656,Apelles Entertainment
615656,Warner Bros. Pictures
615656,di Bonaventura Pictures
615656,CMC Pictures
615656,Onaroll Productions
615656,DF Pictures
493529,Entertainment One
493529,Paramount Pictures
1511675,TOHO
1511675,CREDEUS
74,Paramount Pictures
74,DreamWorks Pictures
74,Amblin Entertainment
74,Cruise/Wagner Productions
530915,DreamWorks Pictures
530915,Reliance Entertainment
530915,New Republic Pictures
530915,Neal Street Productions
530915,Mogambo Films
1064028,Millennium Media
1064028,Campbell Grobman Films
1064028,XYZ Films
615777,Paramount Pictures
615777,Marc Platt Productions
615777,C2 Motion Picture Group
615777,Organism Pictures
615777,Wild Chickens Productions
165,Universal Pictures
165,Amblin Entertainment
1637,20th Century Fox
1637,The Mark Gordon Company
73,New Line Cinema
73,Savoy Pictures
73,The Turman-Morrissey Company
537915,CalMaple Films
537915,Wattpad
537915,Offspring Entertainment
537915,Diamond Film Productions
537915,Voltage Pictures
537915,Frayed Pages Media
87827,Fox 2000 Pictures
87827,Dune Entertainment
87827,Ingenious Media
87827,Haishang Films
87827,Netter Productions
87827,Big Screen Productions
7451,Revolution Studios
49444,DreamWorks Animation
196,Universal Pictures
196,Amblin Entertainment
854,Dark Horse Entertainment
854,New Line Cinema
635302,ufotable
635302,Aniplex
635302,Shueisha
635302,TOHO
335,Paramount Pictures
335,Rafran Cinematografica
335,San Marco
8871,Universal Pictures
8871,Imagine Entertainment
8871,LUNI Productions
500,Live Entertainment
500,Dog Eat Dog Productions
718930,87North Productions
718930,Columbia Pictures
967847,Ghost Corps
967847,Columbia Pictures
967847,TSG Entertainment
620,Columbia Pictures
620,Delphi Films
620,Black Rhino Productions
158852,Walt Disney Pictures
158852,A113
581,Tig Productions
581,Majestic Films International
581,Allied Filmmakers
10494,Madhouse
10494,Rex Entertainment
10494,Kotobuki Seihan Printing
10494,Asahi Broadcasting Corporation
10494,Fangs
10494,ONIRO
439079,New Line Cinema
439079,Atomic Monster
439079,The Safran Company
593643,Hyperobject Industries
593643,Searchlight Pictures
593643,Gary Sanchez Productions
593643,TSG Entertainment
8681,EuropaCorp
8681,M6 Films
8681,Grive Productions
8681,Seaside Film Taken
8681,All Pictures Media
1891,Lucasfilm Ltd.
190859,Warner Bros. Pictures
190859,Village Roadshow Pictures
190859,RatPac Entertainment
190859,Mad Chance
190859,22nd & Indiana Pictures
190859,Malpaso Productions
1542261,TOHO
1542261,Fujiko Productions
1542261,Shogakukan
1542261,TV Asahi
1542261,Shin-Ei Animation
1542261,ADK
1542261,Shogakukan-Shueisha Productions
166428,DreamWorks Animation
787723,Elevated Films
787723,Involving Pictures
14,DreamWorks Pictures
14,Jinks/Cohen Company
77877,Di Novi Pictures
77877,Langley Park Production
77877,Village Roadshow Pictures
77877,Warner Bros. Pictures
335977,Lucasfilm Ltd.
141052,Cruel & Unusual Films
141052,Atlas Entertainment
141052,Warner Bros. Pictures
141052,RatPac Entertainment
141052,DC Films
26466,Dan Films
26466,Pictures in Paradise
26466,Icon Productions
26466,Creative Europe Media
26466,UK Film Council
26466,First Look Pictures
1539104,MAPPA
1539104,TOHO
1539104,MBS
1539104,Shueisha
1539104,Sumzap
695721,Lionsgate
695721,Color Force
695721,about:blank
695721,Studio Babelsberg
102651,Walt Disney Pictures
102651,Roth Films
35,Gracie Films
35,20th Century Fox
604,Village Roadshow Pictures
604,Silver Pictures
604,NPV Entertainment
801335,Big Dreams Entertainment
801335,Swirl Films
801335,Lifetime
1167307,Sunrise Productions
1167307,Slingshot USA
1167307,Angel Studios
1167307,2521 Entertainment
1329016,Star Thrower Entertainment
1329016,Zapruder Films
1329016,A24
149,MBS
149,Sumitomo Corporation
149,TOHO
149,Kodansha
149,Tokyo Movie Shinsha
149,Bandai
149,Hakuhodo
149,LaserDisc Corporation
27578,Nimar Studios
27578,Rogue Marble
27578,Millennium Media
27578,Lionsgate
27578,Nu Image Entertainment
629542,DreamWorks Animation
19494,IPC Films
19494,20th Century Fox
615457,87North Productions
615457,OPE Partners
615457,Eighty Two Films
9738,Kumar Mobiliengesellschaft & Company Projekt Nr. 3
9738,1492 Pictures
9738,Marvel Enterprises
9738,20th Century Fox
9738,Bernd Eichinger Productions
9738,Constantin Film
8392,Studio Ghibli
8392,Tokuma Shoten
1250,Crystal Sky Pictures
1250,Relativity Media
1250,Columbia Pictures
1250,Marvel Studios
1250,Canarsie
533533,Walt Disney Pictures
533533,Sean Bailey Productions
2251,Fox 2000 Pictures
2251,Regency Enterprises
2251,Epsilon Motion Pictures
2251,Unfaithful Filmproduktion
762509,Walt Disney Pictures
979,Wild Bunch
979,Eskwad
979,StudioCanal
979,Les Cinémas de la Zone
979,Nord-Ouest Productions
979,120 Films
979,Canal+
64690,FilmDistrict
64690,Bold Films
64690,Marc Platt Productions
64690,OddLot Entertainment
64690,Motel Movies
64690,Newbridge Film Capital
1315303,18Hz Productions
1315303,Paramount Pictures
1315303,Domain Entertainment
507089,Blumhouse Productions
507089,Scott Cawthon Productions
402,Carolco Pictures
402,Le Studio Canal+
15121,Robert Wise Productions
15121,Argyle Enterprises
15121,20th Century Fox
405818,Tokuma Japan Communications
405818,Outside
22803,The Film Department
22803,Evil Twins
22803,Warp Films
22803,Overture Films
22803,G-BASE
411442,Magnum Films
411442,Chop Flix
296098,TSG Entertainment
296098,Amblin Entertainment
296098,Studio Babelsberg
296098,Fox 2000 Pictures
296098,Marc Platt Productions
296098,Participant
296098,Reliance Entertainment
296098,DreamWorks Pictures
63,Universal Pictures
63,Atlas Entertainment
63,Classico
63,Twelve Monkeys Productions
1562,DNA Films
1562,Figment Films
1562,UK Film Council
1562,Fox Atomic
1562,Koan
1562,Sogecine
1562,Dune Entertainment
600,Natant
600,Stanley Kubrick Productions
600,Warner Bros. Pictures
776503,Vendôme Pictures
776503,Pathé
776503,Picture Perfect Entertainment
454626,Original Film
454626,Blur Studio
454626,Marza Animation Planet
454626,Paramount Pictures
454626,SEGA
454626,SEGA of America
4982,Film Rites
4982,Imagine Entertainment
4982,Universal Pictures
4982,Relativity Media
4982,Scott Free Productions
665,Metro-Goldwyn-Mayer
316029,Chernin Entertainment
316029,20th Century Fox
316029,TSG Entertainment
316029,Laurence Mark Productions
290859,20th Century Fox
290859,Skydance Media
290859,Paramount Pictures
290859,Tencent Pictures
290859,TSG Entertainment
290859,Lightstorm Entertainment
522627,Miramax
522627,Toff Guy Films
522627,Coach Films
59967,Endgame Entertainment
59967,DMG Entertainment
59967,Ram Bergman Productions
770,Selznick International Pictures
770,Metro-Goldwyn-Mayer
644,Warner Bros. Pictures
644,DreamWorks Pictures
644,Amblin Entertainment
644,Stanley Kubrick Productions
150689,Walt Disney Pictures
150689,Genre Films
150689,Beagle Pug Films
150689,Allison Shearmur Productions
1001835,Steven Paul Production
1001835,Wonder Street
1001835,Front Street Pictures
80321,DreamWorks Animation
80321,Pacific Data Images
1671548,Damai Entertainment
858024,Hera Pictures
858024,Neal Street Productions
858024,Amblin Entertainment
858024,Book of Shadows
1341138,Suzanne Todd Productions
1341138,Black Bear Pictures
1483525,Pinehouse Film
1483525,NOWFILM
1483525,Anonymous Content
116745,Samuel Goldwyn Films
116745,Red Hour
116745,New Line Cinema
116745,Big Screen Productions
116745,Down Productions
116745,Ingenious Media
116745,20th Century Fox
116745,TSG Entertainment
496450,The Awakening Production
496450,SND
496450,Fantawild
496450,Zag Animation Studios
496450,ON Animation Studios
9693,Universal Pictures
9693,Strike Entertainment
9693,Hit & Run Productions
181812,Lucasfilm Ltd.
181812,Bad Robot
1477317,Pokeepsie Films
1477317,42
1477317,Amazon MGM Studios
675445,Spin Master
675445,Nickelodeon Movies
675445,Paramount Pictures
675445,Mikros Image
675445,Mikros Animation
339403,Big Talk Studios
339403,Working Title Films
339403,MRC
268896,Legendary Pictures
268896,Double Dare You
1679730,Twin Engine
1679730,OUTLINE
189,Residaco
189,Miramax
189,Troublemaker Studios
189,Aldamisa Entertainment
189,Demarest Films
189,Solipsist Film
189,AR Films
5876,Darkwoods Productions
5876,Dimension Films
1933,Cruise/Wagner Productions
1933,Sogecine
1933,Las Producciones del Escorpión
1312946,Temple Hill Entertainment
1312946,Nostromo Pictures
1312946,Amazon MGM Studios
378064,Kyoto Animation
378064,ABC Animation
378064,Kodansha
378064,Pony Canyon
378064,Quaras
378064,Shochiku
297,Universal Pictures
297,City Light Films
11976,Embassy International Pictures
11976,Legend Production Company
335988,Paramount Pictures
335988,di Bonaventura Pictures
335988,Ian Bryce Productions
335988,DeSanto/Murphy Productions
335988,Hasbro
628,Geffen Pictures
1259102,A24
1259102,Star Thrower Entertainment
273248,The Weinstein Company
273248,Double Feature Films
273248,FilmColony
75612,Universal Pictures
75612,Relativity Media
75612,Monolith Pictures
75612,Chernin Entertainment
75612,Radical Studios
75612,Anonymous Content
399579,Troublemaker Studios
399579,Lightstorm Entertainment
399579,20th Century Fox
399579,TSG Entertainment
645710,Divide / Conquer
1437696,Our Films
1437696,Extreme Emotions
1437696,Nine Hours
1437696,Chapter 2
1437696,Wytwórnia Filmów Fabularnych we Wrocławiu
1437696,CANAL+ Polska
1437696,Dolnośląskie Centrum Filmowe
1437696,Silesia Film
1437696,Circle One
1437696,ARTE France Cinéma
1437696,Pathé
275,PolyGram Filmed Entertainment
275,Working Title Films
322,Warner Bros. Pictures
322,Village Roadshow Pictures
322,NPV Entertainment
322,Malpaso Productions
10585,United Artists
10585,David Kirschner Productions
291805,Summit Entertainment
291805,K/O Paper Products
291805,TIK Films
291805,Lionsgate
70981,Dune Entertainment
70981,20th Century Fox
70981,Brandywine Productions
70981,Scott Free Productions
157350,Summit Entertainment
157350,Red Wagon Entertainment
49494,Prime Focus
49494,Toledo Productions
49494,Focus Features
49494,Twins Financing
49494,Film4 Productions
8913,Paramount Pictures
1202033,Legendary Pictures
1202033,PCMA Productions
36647,New Line Cinema
36647,Amen Ra Films
36647,Imaginary Forces
29187,Filmirage
9737,Columbia Pictures
9737,Don Simpson/Jerry Bruckheimer Films
48650,Morena Films
48650,Alicia Produce
48650,"Intervenciones Novo Film 2006, A.I.E."
48650,Wild Bunch
4588,River Road Entertainment
4588,Haishang Films
4588,Focus Features
4588,Sil-Metropole Organisation
4588,Shanghai Film Group
4588,Edko Films
24021,Summit Entertainment
24021,Temple Hill Entertainment
24021,Imprint Entertainment
24021,Maverick Films
24021,Sunswept Entertainment
268,Warner Bros. Pictures
268,Polygram Pictures
268,The Guber-Peters Company
5548,Orion Pictures
5548,Jon Davison Productions
5879,Argos films
5879,Oshima Productions
5879,Shibata Organisation
399174,Studio Babelsberg
399174,American Empirical Pictures
399174,Indian Paintbrush
399174,Scott Rudin Productions
754,WCG Entertainment Productions
754,Douglas/Reuther Productions
754,David Permut Productions
12405,Celador Films
12405,Film4 Productions
1072790,Olive Bridge Entertainment
1072790,Roth-Kirschenbaum Films
1072790,SK Global Entertainment
1072790,Columbia Pictures
573435,Westbrook
573435,Columbia Pictures
573435,Don Simpson/Jerry Bruckheimer Films
573435,2.0 Entertainment
9919,Paramount Pictures
9919,Robert Evans Productions
9919,Lynda Obst Productions
9919,Christine Peters Productions
4108,TF1 Films Production
4108,EuropaCorp
4108,Current Entertainment
4108,Canal+
310131,Very Special Projects
310131,Parts & Labor
310131,RT Features
310131,Rooks Nest Entertainment
310131,Maiden Voyage Pictures
310131,Pulse Films
310131,Scythia Films
310131,Code Red Productions
310131,Mott Street Pictures
926393,Columbia Pictures
926393,Eagle Pictures
926393,Escape Artists
926393,ZHIV Productions
1137350,American Empirical Pictures
1137350,Indian Paintbrush
1137350,Studio Babelsberg
760104,A24
760104,Little Lamb Productions
1572,20th Century Fox
1572,Cinergi Pictures
1572,Andrew G. Vajna Productions
141,Flower Films
141,Pandora Cinema
141,Newmarket Films
785084,A24
785084,Protozoa Pictures
45612,The Mark Gordon Company
45612,Summit Entertainment
45612,Vendôme Production
90,Paramount Pictures
90,Eddie Murphy Productions
90,Don Simpson/Jerry Bruckheimer Films
398978,Tribeca Productions
398978,Sikelia Productions
398978,Winkler Films
89,Paramount Pictures
89,Lucasfilm Ltd.
46195,Blue Sky Studios
46195,20th Century Fox Animation
37724,Metro-Goldwyn-Mayer
37724,EON Productions
37724,Columbia Pictures
56292,Paramount Pictures
56292,Bad Robot
56292,TC Productions
56292,Skydance Media
1669,Paramount Pictures
1669,Mace Neufeld/Jerry Sherlock Productions
329,Universal Pictures
329,Amblin Entertainment
1585,Liberty Films
117,Paramount Pictures
117,Linson Entertainment
137,Columbia Pictures
381284,Fox 2000 Pictures
381284,Levantine Films
381284,Chernin Entertainment
956,Paramount Pictures
956,Cruise/Wagner Productions
956,MI 3 Film
1418582,Conspiração Filmes
1418582,Agência Nacional do Cinema - ANCINE
1418582,Ministério da Cultura/Governo Federal
335787,Columbia Pictures
335787,Atlas Entertainment
335787,PlayStation Productions
335787,Arad Productions
193756,EFO Films
193756,Envision Entertainment
193756,Film 44
193756,Herrick Entertainment
193756,Leverage Entertainment
193756,Spikings Entertainment
193756,Single Berry
193756,Closest to the Hole Productions
205587,Village Roadshow Pictures
205587,Big Kid Pictures
205587,Team Downey
205587,Warner Bros. Pictures
11046,Jerry Gershwin Productions
11046,Elliott Kastner Productions
11046,Winkast Film Productions
11046,Gershwin-Kastner
11046,Metro-Goldwyn-Mayer
45269,The Weinstein Company
45269,UK Film Council
45269,Momentum Pictures
45269,Aegis Film Fund
45269,Molinare Investment
45269,FilmNation Entertainment
45269,See-Saw Films
45269,Bedlam Productions
127380,Pixar
115,PolyGram Filmed Entertainment
115,Working Title Films
7131,Universal Pictures
7131,The Sommers Company
7131,Stillking Films
1465063,DreamWorks Animation
348350,Lucasfilm Ltd.
278927,Walt Disney Pictures
278927,Fairview Entertainment
278927,Moving Picture Company
1153576,Capcom
1153576,Legendary Pictures
159824,Columbia Pictures
159824,Sony Pictures Animation
159824,MRC
495764,Warner Bros. Pictures
495764,DC Films
495764,LuckyChap Entertainment
495764,Clubhouse Pictures
495764,Kroll & Co Entertainment
114,Touchstone Pictures
114,Silver Screen Partners IV
114,Arnon Milchan Productions
1242265,Anton
1242265,Sigma Films
1242265,Sky
36955,Lightstorm Entertainment
36955,20th Century Fox
1369,Carolco Pictures
1369,Estudios Churubusco Azteca
1369,Anabasis
594,DreamWorks Pictures
594,Amblin Entertainment
594,Parkes+MacDonald Production
83389,Studio Ghibli
83389,Mitsubishi
83389,Hakuhodo DY Media Partners
83389,Nippon Television Network Corporation
83389,dentsu
83389,TOHO
83389,The Walt Disney Company (Japan)
1089,Largo Entertainment
1089,Levy/Abrams/Guerin Productions
253350,Testa Gay Cinematografica
253350,Unidis
334541,Pearl Street Films
334541,K Period Media
334541,B Story
334541,The Affleck/Middleton Project
334541,The Media Farm
334541,Big Indie Pictures
22538,Marc Platt Productions
22538,Big Talk Studios
22538,Closed on Mondays Entertainment
22538,dentsu
28178,Scion Films
28178,Stage 6 Films
28178,Inferno Distribution
28178,Hachiko
28178,Grand Army Entertainment
28178,Opperman Viner Chrystyn Entertainment
310,Pit Bull Productions
310,Spyglass Entertainment
310,Universal Pictures
310,Shady Acres Entertainment
84892,Mr. Mudd
13920,Tollin/Robbins Productions
13920,Revolution Studios
264660,DNA Films
264660,Film4 Productions
264660,IAC Films
264660,Scott Rudin Productions
605,Village Roadshow Pictures
605,NPV Entertainment
605,Silver Pictures
294254,Temple Hill Entertainment
294254,The Gotham Group
294254,TSG Entertainment
294254,20th Century Fox
147441,20th Century Fox
147441,TSG Entertainment
147441,Chernin Entertainment
147441,Babieka Films
147441,Volcano Films
147441,Scott Free Productions
621,Paramount Pictures
621,Robert Stigwood Organization
621,Fine Arts Films
1011477,Columbia Pictures
1011477,Sunswept Entertainment
1011477,TSG Entertainment
1669057,Vivamax
142,Focus Features
142,River Road Entertainment
142,Alberta Film Entertainment
1317672,Lotus Production
1317672,Amazon MGM Studios
1317672,Leone Film Group
10895,Walt Disney Productions
634492,Columbia Pictures
634492,di Bonaventura Pictures
9323,Bandai Visual
9323,Production I.G
9323,Kodansha
9323,Manga Entertainment
124905,Legendary Pictures
404009,Cineglobo
77429,Alma Ata International Pictures S.L.
77429,Producciones A.S.H. Films S.A.
1271,Virtual Studios
1271,Legendary Pictures
1271,Hollywood Gang Productions
1271,Atmosphere Entertainment MM
1271,Warner Bros. Pictures
812583,T-Street
941,Silver Pictures
941,Warner Bros. Pictures
1244492,Studio Durian
1244492,avex pictures
1244492,Shueisha
399566,Legendary Pictures
1137844,Skydance Media
1137844,Maximum Effort
1137844,GoldDay
315837,Weying Galaxy Entertainment
315837,Paramount Pictures
315837,Shanghai Film Group
315837,Reliance Entertainment
315837,Grosvenor Park Productions
315837,Steven Paul Production
315837,Huahua Media
315837,Seaside Entertainment
315837,DreamWorks Pictures
315837,Arad Productions
1508168,Bhavana Studios
1508168,Fahadh Faasil and Friends Private Limited
1508168,Working Class Hero
941109,Team Downey
941109,Amazon MGM Studios
1427,Constantin Film
1427,VIP Medienfonds 4
1427,NEF Productions
1427,Davis Films
1427,Castelao Productions
1427,Rising Star Productions
1427,DreamWorks Pictures
1427,Summit Entertainment
1427,Bernd Eichinger Productions
43949,Reiner / Greisman Productions
43949,Castle Rock Entertainment
76,Castle Rock Entertainment
76,Detour Filmproduction
76,Filmhaus Films
204922,StudioCanal
204922,Scott Free Productions
204922,Clarius Entertainment
204922,Filmgate Films
204922,Millennium Media
204922,Film i Väst
2832,Konrad Pictures
2832,Columbia Pictures
1741201,Beach House Pictures
1741201,Thai Films Works
406997,Lionsgate
406997,Participant
406997,Walden Media
406997,Mandeville Films
406997,TIK Films
1408208,TOHO
1408208,AOI Pro.
1408208,Story
1408208,Lawson
1408208,Suirinsha
1408208,Tohan
1408208,Office Nino
1408208,Metro Ad Agency
44896,Paramount Pictures
44896,Blind Wink
44896,Nickelodeon Movies
44896,GK Films
976893,Master Mind
976893,Wenders Images
348893,Nu Boyana Viburno
49046,Amusement Park Films
49046,Gunpowder Films
62211,Pixar
381288,Blinding Edge Pictures
381288,Blumhouse Productions
308266,The Mark Gordon Company
308266,Joint Effort
308266,RatPac Entertainment
308266,Warner Bros. Pictures
755679,Universal Pictures
755679,One Race
755679,Original Film
755679,Perfect Storm Entertainment
2502,Universal Pictures
2502,The Kennedy/Marshall Company
2502,Ludlum Entertainment
1584215,SP Media Group
180,Digital Image Associates
180,Cruise/Wagner Productions
180,Blue Tulip Productions
180,Ronald Shusett/Gary Goldman Productions
180,Amblin Entertainment
180,20th Century Fox
180,DreamWorks Pictures
1363974,8bit
1363974,Bandai Namco Filmworks
1363974,BN Pictures
82507,Automatik Entertainment
82507,Blumhouse Productions
82507,Alliance Films
82507,IM Global
82507,Summit Entertainment
2059,Walt Disney Pictures
2059,Jerry Bruckheimer Films
2059,Saturn Films
2059,Junction Entertainment
10483,Impact Pictures
10483,Universal Pictures
10483,Relativity Media
10483,Cruise/Wagner Productions
10483,H2S2 Filmproduktionsgesellschaft
10483,Scion Films
968051,New Line Cinema
968051,Atomic Monster
968051,The Safran Company
1421155,Uwais Pictures
1421155,Legacy Pictures
1421155,KG Pictures
1421155,Uwais Team
1421155,Kebon Studio
1421155,Raid Rapid Active
2048,Davis Entertainment
2048,Laurence Mark Productions
2048,Canlaws Productions
2048,20th Century Fox
2048,Overbrook Entertainment
2048,Mediastream Vierte Film
14869,Paramount Pictures
14869,Spyglass Entertainment
14869,di Bonaventura Pictures
14869,Hasbro
14869,Kontsept Film Company
26817,Fernwood Productions Inc.
26817,Reynard
26817,Warner Bros. Pictures
17654,TriStar Pictures
17654,Block / Hanson
17654,WingNut Films
17654,District 9
1595852,Sony Pictures Entertainment Iberia
1595852,Espotlight
1595852,WEBTOON Productions
1595852,Maitemindua Zinema
1595852,Lightbox Animation Studios
1595852,Amets Kalea AIE
1701,Touchstone Pictures
1701,Jerry Bruckheimer Films
840430,Miramax
840430,Gran Via Productions
81,Topcraft
81,Tokuma Shoten
81,Hakuhodo
1119878,Code Entertainment
1119878,Shivhans Pictures
1119878,Envision Media Arts
1119878,The Solution
1472951,Kemodo Entertainment
162,20th Century Fox
947,Horizon Pictures
153,American Zoetrope
153,Elemental Films
290250,Silver Pictures
290250,Waypoint Entertainment
1341041,Kang Fu Film Company
1207162,Mystery Box
1207162,Taurus Film
1207162,Signature Films
1207162,Signature Films
1207162,Signature Entertainment
1207162,Capture
1207162,Well Go USA Entertainment
206487,Screen Queensland
206487,Screen Australia
206487,Blacklab Entertainment
206487,Wolfhound Pictures
9340,Amblin Entertainment
9340,Warner Bros. Pictures
64688,Columbia Pictures
64688,Relativity Media
64688,Original Film
64688,Metro-Goldwyn-Mayer
64688,Stephen J. Cannell Productions
64688,SJC Studios
749170,The Safran Company
749170,Big Indie Pictures
749170,Amazon MGM Studios
749170,Potboiler Productions
594767,The Safran Company
594767,New Line Cinema
594767,DC Films
1265,Lauren Levine Productions Inc.
1265,Walden Media
1265,Hal Lieberman Company
4011,Geffen Pictures
4011,Warner Bros. Pictures
296,Intermedia Films
296,IMF Internationale Medien und Film 3 & Produktions
296,C2 Pictures
296,Mostow/Lieberman Productions
1538,Paramount Pictures
1538,Edge City
1538,DreamWorks Pictures
1538,Parkes+MacDonald Production
395834,Savvy Media Holdings
395834,Thunder Road
395834,Film 44
395834,Acacia Filmed Entertainment
395834,Riverstone Pictures
395834,Voltage Pictures
395834,Synergics Films
395834,Star Thrower Entertainment
395834,Tunica-Biloxi Tribe of Louisiana
395834,The Fyzz
395834,Wild Bunch
288987,Domizia Cinematografia
1245993,Protozoa Pictures
1245993,TSG Entertainment
1245993,Columbia Pictures
1372,Virtual Studios
1372,Spring Creek Pictures
1372,Bedford Falls Productions
1372,Initial Entertainment Group
1372,Lonely Film Productions
1372,Warner Bros. Pictures
1372,Liberty Pictures
11770,Star Overseas
11770,Universe Entertainment
928358,brave new work GmbH
928358,WDR
1248226,Amazon MGM Studios
1248226,Nickel City Pictures
1248226,A Higher Standard
1248226,Wide Awake Pictures
1248226,Arcana Studio
1357633,Aniplex
1357633,A-1 Pictures
870028,Artists Equity
870028,51 Entertainment
870028,Zero Gravity Management
870028,Filmtribe
2503,Universal Pictures
2503,The Kennedy/Marshall Company
2503,Ludlum Entertainment
2503,Bourne Again
646380,Hyperobject Industries
17578,Paramount Pictures
17578,Columbia Pictures
17578,Hemisphere Media Capital
17578,Nickelodeon Movies
17578,Amblin Entertainment
17578,WingNut Films
17578,The Kennedy/Marshall Company
73723,Illumination
73723,dentsu
1084736,Chapter 2
1084736,Pathé
1084736,M6 Films
1084736,Fargo Films
1084736,Logical Content Ventures
1084736,uMedia
1084736,uFund
1126166,Davis Entertainment
1126166,Icon Productions
1126166,Hammerstone Studios
1126166,Lionsgate
1126166,Media Capital Technologies
619979,New Regency Pictures
619979,Entertainment 360
619979,Film Rites
619979,Keep Your Head Productions
353486,Matt Tolmach Productions
353486,Seven Bucks Productions
353486,Columbia Pictures
1018,StudioCanal
1018,Les Films Alain Sarde
1018,Asymmetrical Productions
1018,Babbo
12092,Walt Disney Productions
1124620,Atomic Monster
1124620,C2 Motion Picture Group
1124620,Range Media Partners
1124620,Oddfellows Entertainment
1124620,The Safran Company
1124620,Stars Collective
1124620,NEON
927,Amblin Entertainment
927,Warner Bros. Pictures
65754,Columbia Pictures
65754,Metro-Goldwyn-Mayer
65754,Scott Rudin Productions
65754,Yellow Bird
1515615,Blue Ice Pictures
1515615,WEBTOON Productions
19908,Columbia Pictures
19908,Relativity Media
19908,Pariah
293670,Fox International Productions
293670,Ivanhoe Pictures
293670,Side Mirror
293670,20th Century Fox Korea
1071585,Blumhouse Productions
1071585,Atomic Monster
1071585,Divide / Conquer
8467,New Line Cinema
8467,Motion Picture Corporation of America
1363387,Carver Films
1363387,XYZ Films
1363387,Stan
1363387,Thrum Films
1363387,Screen Australia
1363387,IPR.VC
1363387,VicScreen
1363387,Maslow Entertainment
479455,Amblin Entertainment
479455,Parkes+MacDonald Image Nation
479455,Columbia Pictures
479455,Tencent Pictures
1087891,20th Century Studios
1087891,Hutch Parker Entertainment
1087891,Joel B. Michaels Productions
1087891,TSG Entertainment
459151,DreamWorks Animation
747,WT² Productions
747,Big Talk Studios
915935,Les Films de Pierre
915935,Les Films Pelléas
915935,France 2 Cinéma
915935,Auvergne-Rhône-Alpes Cinéma
32657,1492 Pictures
32657,Sunswept Entertainment
32657,Dune Entertainment
320,Alcon Entertainment
320,Witt/Thomas Productions
320,Section Eight
24086,Lorimar Motion Pictures
1115544,20th Century Studios
1115544,Mad Chance
269495,Kinotar
464052,Warner Bros. Pictures
464052,The Stone Quarry
464052,DC Films
464052,Atlas Entertainment
1116201,Markiplier Studios
9837,DreamWorks Pictures
9837,DreamWorks Animation
15512,DreamWorks Animation
788,20th Century Fox
788,Blue Wolf Productions
467905,StudioCanal
467905,StudioCanal UK
467905,Blueprint Pictures
10545,Walt Disney Pictures
10545,Walt Disney Feature Animation
599,Paramount Pictures
4523,Walt Disney Pictures
4523,Josephson Entertainment
4523,Andalasia Productions
4523,Right Coast
910850,SUNRISE
910850,Bandai Namco Filmworks
661374,T-Street
324849,Lin Pictures
324849,Animal Logic
324849,DC Entertainment
324849,Lord Miller
324849,Warner Bros. Pictures
324849,The LEGO Group
324849,Warner Animation Group
324849,RatPac Entertainment
966,Alpha Productions
966,The Mirisch Company
297761,Warner Bros. Pictures
297761,RatPac Entertainment
297761,DC Films
297761,Atlas Entertainment
109428,TriStar Pictures
109428,FilmDistrict
109428,Ghost House Pictures
646,EON Productions
420817,Walt Disney Pictures
420817,Rideback
314365,Participant
314365,Anonymous Content
314365,Rocklin / Faust
314365,First Look Media
314365,Open Road Films
80278,Apaches Films
80278,Telecinco Cinema
80278,La Trini
80278,Canal+ España
1541560,World of Wonder
1541560,Unapologetic Projects
286687,Shakabuku Films
1490260,Rotten Science
1607,Price Entertainment
1607,Penta Entertainment
1607,Tribeca Productions
1057265,Sukumar Writings
1057265,Vriddhi Cinemas
670292,New Regency Pictures
670292,Entertainment One
670292,Regency Enterprises
670292,Bad Dreams
1376434,20th Century Studios
1376434,Davis Entertainment
1376434,Lawrence Gordon Productions
1376434,Toberoff Productions
70,Lakeshore Entertainment
70,Malpaso Productions
70,Epsilon Motion Pictures
70,Albert S. Ruddy Productions
70,Warner Bros. Pictures
1487864,Gullane Entretenimento
813,Paramount Pictures
813,Howard W. Koch Productions
1734,Universal Pictures
1734,Alphaville Films
1734,Imhotep Productions
70160,Lionsgate
70160,Color Force
666277,A24
666277,Killer Films
666277,2AM
666277,CJ ENM
1656220,Flimmer
1656220,Flute Film
1656220,Sunnysideup Filmproduktion
1003598,Marvel Studios
1003598,Kevin Feige Productions
1003598,AGBO
399402,Original Film
399402,G-BASE
399402,Millennium Media
399402,Relativity Media
235,Act III Productions
432279,Ciné Vog Films
432279,Dimage
432279,Luna Films
49047,Esperanto Filmoj
49047,Warner Bros. Pictures
49047,Heyday Films
254128,New Line Cinema
254128,Village Roadshow Pictures
254128,Flynn Picture Company
254128,Warner Bros. Pictures
387732,Genesis Films
392044,The Mark Gordon Company
392044,Genre Films
392044,20th Century Fox
392044,Scott Free Productions
1724816,Vivamax
454640,Rovio Animation
454640,Sony Pictures Animation
454640,John Cohen Productions
588,Silent Hill DCP
588,Davis Films
588,Konami
331482,Columbia Pictures
331482,Regency Enterprises
331482,Pascal Pictures
639988,CJ ENM Studios
639988,Moho Film
639988,KG Productions
390043,Campbell Grobman Films
390043,East Light Media
390043,Nu Boyana Film Studios
390043,Tom de Mol Productions
390043,Summit Entertainment
390043,Millennium Media
390043,Davis Films
390043,Cristal Pictures
390043,Lionsgate
390043,TIK Films
4233,Dimension Films
4233,Konrad Pictures
4233,Craven-Maddalena Films
76203,New Regency Pictures
76203,Plan B Entertainment
76203,River Road Entertainment
76203,Regency Enterprises
76203,Film4 Productions
433,Walt Disney Productions
8367,Morgan Creek Entertainment
1223601,Cosmic Snowball
1223601,Good Chaos
1223601,Subzero Film Entertainment
9509,Fox 2000 Pictures
9509,Regency Enterprises
9509,New Regency Pictures
9509,Scott Free Productions
9509,Epsilon Motion Pictures
9509,Estudios Churubusco Azteca
9509,20th Century Fox
402900,Village Roadshow Pictures
402900,Warner Bros. Pictures
402900,Larger Than Life Productions
402900,Rahway Road Productions
427641,Wrigley Pictures
427641,New Line Cinema
427641,ASAP Entertainment
427641,Flynn Picture Company
427641,Twisted Media
427641,Seven Bucks Productions
427641,Access Entertainment
4248,Brad Grey Pictures
4248,Gold/Miller Productions
4248,Wayans Bros. Entertainment
4248,Dimension Films
337339,Original Film
337339,One Race
337339,Universal Pictures
1356039,Draco Films
50646,Warner Bros. Pictures
534,The Halcyon Company
534,Moritz Borman Productions
534,Wonderland Sound and Vision
534,Mandate International
534,T Asset Acquisition Company
534,Columbia Pictures
534,Warner Bros. Pictures
391713,IAC Films
391713,Scott Rudin Productions
391713,Entertainment 360
4256,Brad Grey Pictures
4256,Dimension Films
501929,Lord Miller
501929,Columbia Pictures
501929,Sony Pictures Animation
501929,One Cool Films
217,Paramount Pictures
217,Lucasfilm Ltd.
302946,Zero Gravity Management
302946,Electric City Entertainment
302946,RatPac Entertainment
302946,Warner Bros. Pictures
1079091,Columbia Pictures
1079091,Wayfarer Studios
1079091,Saks Picture Company
505026,Genre Films
505026,20th Century Studios
505026,Scott Free Productions
505026,Mark Gordon Pictures
5255,Golden Mean
5255,Playtone
5255,ImageMovers
5255,Castle Rock Entertainment
5255,Shangri-La Entertainment
12230,Walt Disney Productions
1034541,Dark Age Cinema
1034541,Fuzz on the Lens Productions
1034541,The Coven
950,20th Century Fox Animation
950,Blue Sky Studios
950,20th Century Fox
608,Columbia Pictures
608,Amblin Entertainment
608,Parkes+MacDonald Production
930094,Amazon Studios
930094,Berlanti Productions
913290,BoulderLight Pictures
913290,Vertigo Entertainment
913290,Regency Enterprises
913290,Hammerstone Studios
913290,Almost Never Films
631843,Universal Pictures
631843,Perfect World Pictures
631843,Blinding Edge Pictures
131634,Lionsgate
131634,Color Force
131634,Studio Babelsberg
688,Malpaso Productions
688,Warner Bros. Pictures
688,Amblin Entertainment
4347,Universal Pictures
4347,StudioCanal
4347,Relativity Media
4347,Working Title Films
882598,Paramount Players
882598,Paramount Pictures
882598,Temple Hill Entertainment
335797,Illumination
1417285,Be On Cloud
249397,Zentropa Entertainments
249397,Zentropa International Köln
249397,Zentropa International France
249397,Zentropa International Sweden
249397,Slot Machine
249397,Caviar
249397,Zenbelgie BVBA
249397,ARTE France Cinéma
249397,Film i Väst
249397,Groupe Grand Accord
515333,Mandalay Pictures
53064,Kiryûkan
1462861,Vertigo Films
1462861,Fiction Films
1462861,NOW Films
364,Warner Bros. Pictures
364,Polygram Pictures
698687,Paramount Animation
698687,di Bonaventura Pictures
698687,DeSanto/Murphy Productions
698687,Bay Films
698687,New Republic Pictures
698687,Hasbro Entertainment
1151031,Causeway Films
1151031,Blue Bear
1151031,Salmira Productions
1151031,A24
1151031,South Australian Film Corporation
337401,Walt Disney Pictures
337401,Good Fear
337401,Jason T. Reed Productions
105825,大路電影製作有限公司
105825,Orange Sky Golden Harvest
9016,Walt Disney Pictures
646385,Paramount Pictures
646385,Project X Entertainment
646385,Radio Silence
646385,Spyglass Media Group
235271,Lionsgate
235271,Codeblack Films
10860,Rastar Productions
10860,TriStar Pictures
23483,Plan B Entertainment
23483,Marv
10528,Warner Bros. Pictures
10528,Village Roadshow Pictures
10528,Silver Pictures
10528,Wigram Productions
206647,Metro-Goldwyn-Mayer
206647,Columbia Pictures
206647,EON Productions
324668,The Kennedy/Marshall Company
324668,Captivate Entertainment
324668,Pearl Street Films
324668,Perfect World Pictures
1257009,Sparke Films
110415,Opus Pictures
110415,Moho Film
110415,CJ Entertainment
110415,Union Investment Partners
924,New Amsterdam Entertainment
924,Strike Entertainment
1294203,42
1294203,Pokeepsie Films
1294203,Amazon MGM Studios
1294203,Ingenious Media
1102883,A24
1102883,Augenschein Filmproduktion
1102883,Topic Studios
1102883,Sailor Bear
1102883,IPR.VC
1102883,Homebird Productions
1102883,Access Entertainment
1029575,Municipal Pictures
1029575,Skydance Media
64682,Warner Bros. Pictures
64682,Village Roadshow Pictures
64682,Bazmark
64682,Red Wagon Entertainment
64682,A+E Global Media
140300,DreamWorks Animation
140300,Oriental DreamWorks
140300,Zhong Ming You Ying Film
140300,China Film Group Corporation
220281,Vidya Produções Cinematográficas
937278,Playtone
937278,SF Studios
937278,Artistic Films
937278,Columbia Pictures
937278,2DUX²
937278,TSG Entertainment
363676,Warner Bros. Pictures
363676,Malpaso Productions
363676,RatPac Entertainment
363676,Flashlight Films
363676,The Kennedy/Marshall Company
363676,Village Roadshow Pictures
9392,Celador Films
9392,Northmen Productions
9392,Pathe
41446,Dimension Films
41446,Outerbanks Entertainment
41446,Corvus Corax Productions
163,Warner Bros. Pictures
163,Jerry Weintraub Productions
163,Section Eight
163,Village Roadshow Pictures
10386,Warner Bros. Feature Animation
399055,Double Dare You
399055,Fox Searchlight Pictures
399055,Bull Productions
399055,TSG Entertainment
7443,Aardman
7443,DreamWorks Animation
7443,Pathé
7443,DreamWorks Pictures
1895,Lucasfilm Ltd.
509,Working Title Films
509,Notting Hill Pictures
509,Duncan Kenworthy Productions
509,PolyGram Filmed Entertainment
19404,Yash Raj Films
1144107,HMCH
1550338,Ay Yapım
216919,JADE FILMS
216919,Grupo AZTECA
216919,Eficine 226
216919,Instituto Mexicano de Cinematografía
4638,Big Talk Studios
4638,StudioCanal
4638,Working Title Films
4638,Ingenious Media
8077,20th Century Fox
8077,Brandywine Productions
89657,Snowman Productions
51876,Relativity Media
51876,Virgin Produced
51876,Many Rivers Productions
51876,Boy of the Year
51876,Rogue Pictures
51876,Mandate International
974573,Feigco Entertainment
974573,Lionsgate
2493,The Princess Bride
2493,Buttercup Films
2493,Act III Productions
257211,RatPac Entertainment
257211,Waverly Films
257211,Warner Bros. Pictures
1641319,Destination Films
1641319,Blue Ice Pictures
1641319,Blue Ice Africa
800158,Netflix
460465,Atomic Monster
460465,Broken Road Productions
460465,New Line Cinema
10830,Jersey Films
10830,TriStar Pictures
1252309,Versus Entertainment
1252309,LyO Media
1252309,Warner Bros. Entertainment España
1252309,4 Cats Pictures
696393,Pariah
696393,StudioCanal UK
696393,StudioCanal
726209,Esmail Corp
726209,Red Om Films
726209,Higher Ground
1367642,Universal Pictures
1367642,Heartbones Entertainment
1367642,Little Engine Productions
262500,Summit Entertainment
262500,Red Wagon Entertainment
262500,Mandeville Films
10591,Epsilon Motion Pictures
10591,Regency Enterprises
10591,New Regency Pictures
10591,Daybreak
945729,20th Century Studios
945729,Scott Free Productions
945729,Genre Films
945729,Agatha Christie
945729,Mark Gordon Pictures
14574,BBC Film
14574,Miramax
14574,Heyday Films
37233,Mirage Enterprises
37233,Paramount Pictures
37233,Davis Entertainment
37233,Scott Rudin Productions
7446,DreamWorks Pictures
7446,Red Hour
639933,Regency Enterprises
639933,New Regency Pictures
639933,Square Peg
639933,Focus Features
787699,Warner Bros. Pictures
787699,Village Roadshow Pictures
787699,The Roald Dahl Story Company
787699,Heyday Films
787699,Domain Entertainment
843,Block 2 Pictures
843,Paradis Films
843,Jet Tone Production
10882,Walt Disney Productions
1556321,Minds@Work
1556321,M Studio
9654,De Line Pictures
9654,Working Title Films
9654,Paramount Pictures
9654,Peninsula Films
9654,Senator International
948549,Film4 Productions
948549,Escape Plan
948549,A24
948549,Lobo Films
9489,Warner Bros. Pictures
9489,The Donners' Company
9475,Universal Pictures
9475,City Light Films
20526,Walt Disney Pictures
20526,Sean Bailey Productions
82693,The Weinstein Company
58595,Universal Pictures
58595,Roth Films
153104,Hearst Entertainment Productions
153104,JB Media
153104,Incendo Productions
414,Warner Bros. Pictures
414,Tim Burton Productions
414,Polygram Pictures
22970,Mutant Enemy Productions
1589248,Wiedemann & Berg Television
228794,Butterfly Motion Pictures
792,Hemdale Film Corporation
792,Arnold Kopelson Productions
9426,SLM Production Group
9426,Brooksfilms
9476,Columbia Pictures
9476,Escape Artists
9476,Finestkind
9476,Black and Blu Entertainment
1440098,Pokeepsie Films
522931,Nu Boyana Film Studios
522931,Lionsgate
522931,Millennium Media
522931,Davis Films
522931,Campbell Grobman Films
522931,Film i Väst
522931,Filmgate Films
1433583,Fields Entertainment
1433583,Under the Influence Productions
1433583,Augenschein Filmproduktion
1433583,Logical Content Ventures
1433583,Construction Film
203801,Wigram Productions
203801,Davis Entertainment
203801,RatPac Entertainment
203801,Warner Bros. Pictures
6957,Universal Pictures
6957,Apatow Productions
1948,Lakeshore Entertainment
1948,RadicalMedia
1948,GreeneStreet Films
1948,Lionsgate
782,Jersey Films
782,Columbia Pictures
796185,Pathé
796185,Chapter 2
796185,M6 Films
796185,Constantin Film
796185,ZDF
796185,uMedia
796185,DeAPlaneta
5559,Columbus 81 Productions
5559,DreamWorks Animation
762504,Universal Pictures
762504,Monkeypaw Productions
181533,Moving Picture Company
181533,21 Laps Entertainment
181533,1492 Pictures
181533,TSG Entertainment
181533,20th Century Fox
460458,Constantin Film
460458,Screen Gems
460458,Davis Raccoon Films
4922,Paramount Pictures
4922,Warner Bros. Pictures
4922,The Kennedy/Marshall Company
1198288,Yes! Production
1198288,Nashe Kino
1198288,Okko
9532,Zide-Perry Productions
9532,New Line Cinema
1252037,Pantaleon Films
95,Touchstone Pictures
95,Jerry Bruckheimer Films
95,Valhalla Motion Pictures
627,Figment Films
627,The Noel Gay Motion Picture Company
627,DNA Films
627,Film4 Productions
563,TriStar Pictures
563,Touchstone Pictures
563,Jon Davison Productions
563,Big Bug Pictures
6477,Fox 2000 Pictures
6477,Regency Enterprises
6477,Bagdasarian Productions
6477,Dune Entertainment
6477,20th Century Fox
241259,Walt Disney Pictures
241259,Roth Films
241259,Team Todd
241259,Tim Burton Productions
739405,Miramax
739405,STXfilms
739405,Toff Guy Films
552178,Participant
552178,Willi Hill
552178,Killer Films
9262,Alla Prima Productions
9262,Two Sticks Productions
9262,Eclectic Pictures
9262,Millennium Media
1114513,Blumhouse Productions
725201,AGBO
725201,Roth-Kirschenbaum Films
10555,DreamWorks Animation
9297,ImageMovers
9297,Amblin Entertainment
184315,Radical Studios
184315,Flynn Picture Company
184315,Metro-Goldwyn-Mayer
184315,RatPac Entertainment
411088,Think Studio
411088,Nostromo Pictures
411088,Colosé Producciones
411088,ICEC
411088,Movistar Plus
411088,TV3
411088,Atresmedia
411088,Orange
411088,Cosmopolitan TV
11852,Touchstone Pictures
11852,Happy Madison Productions
26389,M6
26389,M6 Films
26389,TPS Star
26389,Grive Productions
26389,EuropaCorp
26389,Apipoulaï Prod
26389,W9
26389,Canal+
1327862,Harbinger Pictures
1327862,Frayed Pages Media
1327862,Domain Entertainment
1327862,Constantin Film
1327862,North.Five.Six.
10112,Walt Disney Productions
476669,Marv
476669,Cloudy Productions
476669,20th Century Studios
476669,TSG Entertainment
450465,Blinding Edge Pictures
450465,Blumhouse Productions
450465,Perfect World Pictures
115290,Peace Out Productions
115290,SilverScreen Pictures
115290,Sony Pictures Television
115290,Storyline Entertainment
115290,Lifetime
1141970,185 Films
1141970,Volos Films
1141970,Deal Productions
1141970,Gorylah Pictures
1141970,Little River Pictures
531428,Lilies Films
531428,ARTE France Cinéma
531428,Hold Up Films
544,20th Century Fox
7512,20th Century Fox
7512,Ternion Pictures
53182,Legendary Pictures
53182,Hollywood Gang Productions
53182,Atmosphere Entertainment MM
53182,Nimar Studios
53182,Warner Bros. Pictures
53182,Cruel & Unusual Films
1084577,Skydance Media
1084577,Reese Wernick Productions
1084577,Amazon MGM Studios
1358005,Ryder Picture Company
1358005,Nuyorican Productions
1358005,For the Table
1358005,Hey Buddy
1358005,Netflix
8961,Columbia Pictures
8961,Don Simpson/Jerry Bruckheimer Films
7555,Millennium Media
7555,Lionsgate
7555,The Weinstein Company
7555,Nu Image Entertainment
1893,Lucasfilm Ltd.
4824,Universal Pictures
4824,Mutual Film Company
4824,Alphaville Films
467244,JW Films
467244,Extreme Emotions
467244,Access Entertainment
467244,A24
467244,Film4 Productions
50620,Summit Entertainment
50620,Temple Hill Entertainment
50620,Sunswept Entertainment
585511,Skydance Animation
585511,Skydance Animation East
585511,Skydance Animation
376867,A24
376867,Plan B Entertainment
376867,PASTEL
20766,Dimension Films
20766,2929 Productions
20766,Nick Wechsler Productions
20766,Chockstone Pictures
228161,DreamWorks Animation
1367220,Dream Warrior Pictures
169917,Traveling Picture Show Company
169917,Jersey Films
169917,Free State Pictures
169917,Exclusive Media
169917,Cross Creek Pictures
169917,1984 Private Defense Contractors
169917,Da Vinci Media Ventures
169917,Double Feature Films
37135,Walt Disney Pictures
37135,Edgar Rice Burroughs
37135,Walt Disney Feature Animation
9804,Gordon Company
9804,Davis Entertainment
9804,Universal Pictures
9804,Licht/Mueller Film Corporation
1824,Columbia Pictures
1824,Anonymous Content
1824,Flower Films
1824,Happy Madison Productions
45243,Legendary Pictures
45243,Green Hat Films
45243,Warner Bros. Pictures
1791,Wega Film
1791,mk2 Films
1791,Les Films Alain Sarde
1791,ARTE France Cinéma
1791,Bavaria Film International
1791,OFI
548,Daiei Film
516486,Playtone
516486,Bron Studios
516486,FilmNation Entertainment
516486,Sycamore Pictures
516486,Zhengfu Pictures
516486,Sony Pictures
516486,Stage 6 Films
4547,Columbia Pictures
4547,Hofflund/Polone
4547,Indelible Pictures
10009,Walt Disney Feature Animation
8835,Metro-Goldwyn-Mayer
8835,Marc Platt Productions
753342,Apple Studios
753342,Scott Free Productions
47933,20th Century Fox
47933,TSG Entertainment
47933,Centropolis Entertainment
47933,Stereo D
96721,Revolution Films
96721,Working Title Films
96721,Imagine Entertainment
796,Newmarket Capital Group
796,Original Film
796,Neal H. Moritz Productions
8055,The Weinstein Company
8055,Mirage Enterprises
8055,Studio Babelsberg
9023,DreamWorks Animation
9023,DreamWorks Pictures
311324,Universal Pictures
311324,Atlas Entertainment
311324,Le Vision Pictures
311324,Legendary Pictures
311324,Legendary East
311324,China Film Group Corporation
2668,Paramount Pictures
2668,Mandalay Pictures
2668,American Zoetrope
2668,Karol Film Productions
2668,Scott Rudin Productions
2668,Tim Burton Productions
881211,WildBrain Studios
881211,Charles M. Schulz Creative Associates
881211,Peanuts Worldwide
682507,3000 Pictures
682507,Hello Sunshine
682507,HarperCollins Publishers
41630,Katalyst Films
41630,The Montecito Picture Company
41630,Handsomecharlie Films
10693,Walt Disney Productions
1387382,Beno Films (US)
1387382,ETA films
1387382,Filmopoly
1387382,BondIt Media Capital
1387382,Buffalo 8
1387382,CaliWood Pictures
1387382,FluffyBear Media
273477,Broken Road Productions
273477,Brucks Entertainment
273477,Oops Doughnuts Productions
273477,Paramount Pictures
36648,Marvel Enterprises
36648,New Line Cinema
36648,Amen Ra Films
36648,Imaginary Forces
36648,Peter Frankfurt Productions
13475,Paramount Pictures
13475,Spyglass Entertainment
13475,Bad Robot
1700,Castle Rock Entertainment
1700,Nelson Entertainment
49529,Walt Disney Pictures
473033,A24
473033,Elara Pictures
117251,Columbia Pictures
117251,Mythology Entertainment
117251,Centropolis Entertainment
117251,Iron Horse Entertainment
117251,Street Entertainment
58233,Working Title Films
58233,Working Title Films
525,Universal Pictures
9802,Don Simpson/Jerry Bruckheimer Films
9802,Hollywood Pictures
9802,Buena Vista Pictures
1541,Scott Free Productions
1541,Star Partners III
1541,MGM-Pathé Communications
1541,Metro-Goldwyn-Mayer
1193950,LouLou Productions
1193950,Shock House
9539,Wild Bunch
9539,TCB Films
9539,Eskwad
2671,KADOKAWA Shoten
2671,Omega Project
2671,Rasen Production Committee
2671,TOHO
1233575,Casey Silver Productions
814,Lyncanthrope Films
814,Polygram Pictures
5915,River Road Entertainment
5915,Paramount Vantage
5915,Linson Entertainment
5915,Square One C.I.H.
5915,Into the Wild
232672,GulfStream Pictures
232672,Happy Madison Productions
232672,RatPac Entertainment
19994,Fox Atomic
19994,Dubiecki/Novick/Reitman Productions
19994,Dune Entertainment
766507,20th Century Studios
766507,Davis Entertainment
766507,Lawrence Gordon Productions
1582770,Jio Studios
1582770,B62 Studios
1242419,Limelight
1242419,High Frequency Entertainment
1242419,51 Entertainment
1242419,Miramax
1242419,Von Waaden Entertainment
1242419,FilmNation Entertainment
1242419,Hunting Lane Films
1397385,Middle Child Pictures
72331,Bazelevs
72331,Tim Burton Productions
72331,Abraham Productions
72331,Location Gourmet
72331,20th Century Fox
72331,Dune Entertainment
9739,Silver Pictures
9739,Warner Bros. Pictures
1213,Mirage Enterprises
1213,Timnick Films
76757,Warner Bros. Pictures
76757,Village Roadshow Pictures
76757,RatPac Entertainment
76757,Anarchos Productions
13448,Columbia Pictures
13448,Imagine Entertainment
13448,Skylark Productions
13448,Panorama Films
13448,Brian Grazer Productions
287947,New Line Cinema
287947,The Safran Company
287947,Seven Bucks Productions
287947,DC Films
426,Paramount Pictures
426,Alfred J. Hitchcock Productions
2567,Warner Bros. Pictures
2567,Miramax
2567,Initial Entertainment Group
2567,Forward Pass
2567,Appian Way
2567,IMF
2567,Intermedia
2567,Intermedia Films
3049,Morgan Creek Entertainment
316269,Art Pictures Studio
316269,Russia 1
64635,Total Recall
64635,Original Film
64635,Rekall Productions
64635,Columbia Pictures
1415341,Inefable Productions
2108,Universal Pictures
2108,A&M Films
2108,Channel Productions
11645,Nippon Herald Films
11645,Greenwich Film Production
11645,Herald Ace
756999,Blumhouse Productions
756999,Crooked Highway
587792,Limelight
587792,The Lonely Island
587792,Sun Entertainment Culture Los Angeles
65,Mikona Productions
65,Imagine Entertainment
43947,Anchor Bay Films
43947,CineTel Films
277216,Broken Chair Flickz
277216,Universal Pictures
277216,Legendary Pictures
277216,Cube Vision
277216,Crucial Films
277216,Circle of Confusion
277216,Will Packer Productions
277216,Xenon Pictures
44115,Fox Searchlight Pictures
44115,Pathé
44115,Everest Entertainment
44115,Cloud Eight Films
44115,Decibel Films
44115,DSP
44115,Film4 Productions
44115,Dune Entertainment
44115,Big Screen Productions
44115,Down Productions
346685,Reliance Entertainment
346685,DreamWorks Pictures
346685,Marc Platt Productions
1287141,BBC Film
1287141,BFI
1287141,Element Pictures
1287141,Fremantle
1287141,September Film
9373,Next Entertainment
9373,Platinum Dunes
9373,Radar Pictures
9373,New Line Cinema
9373,Focus Features
5175,New Line Cinema
5175,Arthur Sarkissian Productions
5175,Roger Birnbaum Productions
8656,Paramount Pictures
8656,DreamWorks Pictures
8656,Amblin Entertainment
8656,The Zanuck/Brown Company
1363123,Skydance Media
1363123,Municipal Pictures
524,Universal Pictures
524,Syalis DA
524,Légende Films
524,Cappa/De Fina Productions
1319504,Great Pacific Media
1319504,Thunderbird Entertainment
1319504,Wattpad WEBTOON Studios
1319504,Channel Zero
1319504,December Films
1319504,Junction Hammer Productions
9928,Blue Sky Studios
9928,20th Century Fox Animation
4995,New Line Cinema
4995,Lawrence Gordon Productions
4995,Ghoulardi Film Company
1032823,Blinding Edge Pictures
957,Metro-Goldwyn-Mayer
957,Brooksfilms
639720,Paramount Pictures
639720,Sunday Night Productions
639720,Maximum Effort
916224,CoMix Wave Films
916224,Story
916224,Lawson Entertainment
916224,jeki
916224,voque ting
916224,KADOKAWA
916224,Aniplex
916224,TOHO
10515,Studio Ghibli
10515,Tokuma Shoten
345887,Lonetree Entertainment
345887,Fuqua Films
345887,Escape Artists
345887,ZHIV Productions
345887,Mace Neufeld Productions
345887,Columbia Pictures
1659155,El Desorden Crea
265208,SJ Pictures
265208,SJ Heat Productions
265208,Current Entertainment
265208,Lionsgate
265208,Sierra/Affinity
265208,Silver State Production Services
265208,Cinema Seven Productions
619264,Basque Films
619264,Mr. Miyagi
619264,EiTB
619264,TVE
11362,Touchstone Pictures
11362,Spyglass Entertainment
11362,World 2000 Entertainment
11362,Count of Monte Cristo Ltd.
11362,Epsilon Motion Pictures
1290417,Sony Pictures
1290417,Hyperobject Industries
1228891,Shanghai PMF Media
1228891,Tao Piao Piao 淘票票
1228891,Maoyan Entertainment
1228891,Bona Film Group
1228891,Fun Age Pictures
1228891,Zhejiang Hengdian Film Production
1228891,Shanghai Ruyi Film & TV Production 上海儒意影视制作
1228891,Shanghai Film Group 上海电影（集团）(SFG)
1228891,Weibo Corporation
1228891,China Film Group Corporation
6114,American Zoetrope
6114,Osiris Films
6114,Columbia Pictures
38575,Jerry Weintraub Productions
38575,Columbia Pictures
38575,Overbrook Entertainment
38575,Emperor Motion Pictures
38575,China Film Group Corporation
80274,Digital Domain
80274,Chartoff Productions
80274,Taleswapper
80274,K/O Paper Products
80274,OddLot Entertainment
13223,Matten Productions
13223,Double Nickel Entertainment
13223,Gerber Pictures
13223,Malpaso Productions
13223,Village Roadshow Pictures
13223,WV Films IV
13223,Warner Bros. Pictures
12429,Studio Ghibli
12429,TOHO
12429,Nippon Television Network Corporation
12429,dentsu
12429,Hakuhodo DY Media Partners
12429,Mitsubishi
12429,Walt Disney Japan
449443,Atmosphere Entertainment MM
449443,Diamond Film Productions
449443,G-BASE
449443,Tucker Tooley Entertainment
449443,STXfilms
449443,Mark Canton Productions
1621,Cinema Group Ventures
1621,Paramount Pictures
153518,Rovio Animation
153518,Columbia Pictures
24420,New Line Cinema
24420,Plan B Entertainment
24420,Nick Wechsler Productions
529203,DreamWorks Animation
396422,Atomic Monster
396422,New Line Cinema
396422,The Safran Company
396422,RatPac Entertainment
1573,Gordon Company
1573,Silver Pictures
1573,20th Century Fox
1903,Paramount Pictures
1903,Cruise/Wagner Productions
1903,Vinyl Films
1903,Sogecine
1903,Summit Entertainment
1903,Artisan Entertainment
10999,SLM Production Group
10999,Silver Pictures
10999,20th Century Fox
43347,Fox 2000 Pictures
43347,Regency Enterprises
43347,New Regency Pictures
43347,Stuber Pictures
43347,Bedford Falls Productions
43347,Dune Entertainment
76493,Paramount Pictures
76493,Berg Mandel Schaffer Productions
76493,Scott Rudin Productions
76493,Four by Two Films
83542,Cloud Atlas Productions
83542,Anarchos Productions
83542,X Filme Creative Pool
83542,A Company
83542,Dreams of Dragon Pictures
83542,Media Asia Film Production
83542,Ascension Pictures
83542,ARD Degeto
9732,Disney Television Animation
400155,Columbia Pictures
400155,Sony Pictures Animation
400155,MRC
338969,Legendary Pictures
338969,Troma Entertainment
1226578,C2 Motion Picture Group
1226578,Saturn Films
1226578,Oddfellows Entertainment
1226578,Traffic.
1226578,Range Media Partners
8204,Paramount Pictures
8204,The Kennedy/Marshall Company
8204,Nickelodeon Movies
799379,The Contents On
799379,Contents G
799379,Cheum Film
799379,Finecut
307081,Fuqua Films
307081,Escape Artists
307081,Wanda Pictures
307081,The Weinstein Company
307081,Riche Productions
597208,Searchlight Pictures
597208,Double Dare You
33542,Orange Sky Golden Harvest
3131,Miramax
3131,Touchstone Pictures
3131,Initial Entertainment Group
3131,Alberto Grimaldi Productions
181886,Rhombus Media
181886,Roxbury Pictures
181886,Mecanismo Films
181886,micro_scope
181886,Entertainment One
181886,Pathé
10196,Paramount Pictures
10196,Nickelodeon Movies
10196,Blinding Edge Pictures
10196,The Kennedy/Marshall Company
660120,Oslo Pictures
660120,Film i Väst
660120,Snowglobe
660120,B-Reel Films
660120,ARTE France Cinéma
660120,MK Productions
660120,mk2 Films
871,APJAC Productions
871,20th Century Fox
37257,Edward Small Productions
686,South Side Amusement Company
686,Warner Bros. Pictures
1571,Dune Entertainment
1571,Cheyenne Enterprises
1571,Wintergreen Productions
1571,20th Century Fox
1571,Ingenious Film Partners
11397,Neal H. Moritz Productions
11397,Original Film
11397,Columbia Pictures
499701,Nickelodeon Movies
499701,Paramount Players
499701,Walden Media
499701,Paramount Pictures
499701,MRC
9355,Kennedy Miller Productions
201088,Legendary Pictures
201088,Forward Pass
445466,Gramercy Park Media
445466,Peachtree Media Partners
445466,Rough House Pictures
445466,Bonneville Pictures
445466,NewStar Financing
445466,Cosmic Distribution
600354,Les Films du Cru
600354,Film4 Productions
600354,F Comme Film
600354,Trademark Films
600354,Ciné-@
508439,Walt Disney Pictures
508439,Pixar
949423,A24
949423,Little Lamb Productions
152,Paramount Pictures
152,Century Associates
152,Robert Wise Productions
11460,DreamWorks Pictures
11460,Craven-Maddalena Films
11460,BenderSpink
44833,Bluegrass Films
44833,Film 44
44833,Universal Pictures
44833,Hasbro Studios
11104,Jet Tone Production
1422227,Poll Films
11665,Mosaic Media Group
11665,Mad Chance
11665,Callahan Filmworks
11665,Warner Bros. Pictures
11665,Village Roadshow Pictures
50839,Before the Door Pictures
50839,Washington Square Films
50839,Untitled Entertainment
1136867,A24
1136867,Killer Films
1136867,2AM
1136867,IPR.VC
1136867,Access Entertainment
458897,Columbia Pictures
458897,Brownstone Productions
458897,2.0 Entertainment
458897,The Cantillon Company
2666,New Line Cinema
2666,Mystery Clock Cinema
238713,Chernin Entertainment
238713,Feigco Entertainment
238713,TSG Entertainment
238713,20th Century Fox
46738,TS Productions
46738,Phi Group
46738,micro_scope
37136,Paramount Pictures
10137,Franklin/Waterman Productions
10137,Columbia Pictures
10137,Global Medien KG
10137,Red Wagon Entertainment
38700,Columbia Pictures
38700,2.0 Entertainment
38700,Don Simpson/Jerry Bruckheimer Films
38700,Overbrook Entertainment
497582,PCMA Productions
497582,Legendary Pictures
7340,United Artists
938614,Spooky Pictures
938614,Future Pictures
938614,Good Fiend Films
938614,VicScreen
938614,AGC Studios
938614,Image Nation Abu Dhabi
340102,20th Century Studios
340102,Genre Films
340102,Sunswept Entertainment
340102,Marvel Entertainment
4964,Apatow Productions
4964,Universal Pictures
838209,Showbox
838209,MCMC
838209,Pinetown Production
257657,Dame du Lac Films
957452,Davis Films
957452,Pressman Film
957452,Hassell Free Productions
957452,Electric Shadow Company
957452,30WEST
957452,Ashland Hill Media Finance
957452,FilmNation Entertainment
957452,Maze Pictures
957452,Occupant Entertainment
138832,New Line Cinema
138832,Newman/Tooley Films
138832,Bad Version
138832,Slap Happy Productions
138832,Heyday Films
138832,BenderSpink
12812,YC Alligator Film
12812,Maïa Films
12812,AB3
12812,CinéCinéma
12812,Zephyr Films
12812,CNC
12812,Canal+
12812,ARTE France Cinéma
2978,Columbia Pictures
889737,Warner Bros. Pictures
889737,Joint Effort
889737,Domain Entertainment
451048,Walt Disney Pictures
451048,Seven Bucks Productions
451048,Davis Entertainment
451048,Flynn Picture Company
49049,Rena Film
49049,DNA Films
49049,Reliance Big Entertainment
49049,IM Global
49049,Peach Trees
3176,Toei Company
3176,WOWOW
3176,AM Associates
3176,Kobi
3176,Nippan Group Holdings
3176,MF Pictures
3176,GAGA Communications
76163,Millennium Media
76163,Lionsgate
76163,Nu Boyana Film Studios
76163,Nu Image Entertainment
384261,SVII Films
384261,Atresmedia
9902,Summit Entertainment
9902,Constantin Film
9902,Newmarket Capital Group
9902,Stan Winston Productions
9902,Media Cooperation One
1578,United Artists
1578,Winkler Films
1140521,Neal Street Productions
1140521,Ashland Hill Media Finance
1140521,Palisades Park Pictures
1140521,Elysian Film Group
1140521,StudioCanal UK
1374,United Artists
1374,Chartoff Productions
1374,Winkler Films
587807,Warner Animation Group
587807,Turner Entertainment Co.
587807,The Story Company
587807,Warner Bros. Pictures
274855,Twisted Media
274855,Skydance Media
274855,RatPac Entertainment
274855,Electric Entertainment
274855,Warner Bros. Pictures
274855,October Pictures
9836,Kennedy Miller Productions
9836,Animal Logic
9836,Village Roadshow Pictures
9836,Warner Bros. Pictures
5503,Warner Bros. Pictures
288,Stanley Kramer Productions
1476453,Vivamax
848538,Marv
848538,Apple Studios
848538,Cloudy Productions
85350,IFC Productions
85350,Detour Filmproduction
9286,New Line Cinema
9286,Hard Eight Pictures
9286,Matinee Pictures
9286,Practical Pictures
9286,Kumar Mobiliengesellschaft mbH & Co. Projekt Nr. 1
1635,DreamWorks Pictures
1635,Warner Bros. Pictures
1635,Parkes+MacDonald Production
10330,Casual Friday Productions
10330,Gunn Films
10330,Walt Disney Pictures
700391,Raimi Productions
700391,Beck/Woods
700391,Bron Studios
700391,Columbia Pictures
700391,TSG Entertainment
289,Warner Bros. Pictures
1380417,Hammerstone Studios
1380417,Thunder Road
1380417,Freedom Principle
1380417,Municipal Pictures
1380417,North.Five.Six.
1380417,Script 2 Screen
1380417,Wonder Street
1380417,LB Entertainment
1380417,Jeff Rice Films
1380417,Siena Film Foundation
1380417,Harbor Fund
1380417,Ballpoint Productions
1380417,Fieldhouse Productions
1979,1492 Pictures
1979,Bernd Eichinger Productions
1979,20th Century Fox
1979,Constantin Film
1979,Marvel Studios
1979,Ingenious Film Partners
379686,Warner Animation Group
379686,Proximity Media
379686,Warner Bros. Pictures
379686,The SpringHill Company
238615,Ram Bergman Productions
238615,Endgame Entertainment
1251,Warner Bros. Pictures
1251,DreamWorks Pictures
1251,Malpaso Productions
1251,Amblin Entertainment
79,Beijing New Picture Film Co. Ltd.
79,China Film Co-Production
79,Elite Group Enterprises
79,Edko Films
79,Sil-Metropole Organisation
79,Zhang Yimou Studio
1390382,CG Cinéma
1390382,Closer Media
1390382,France 3 Cinéma
1586876,QTORY
1586876,CyPic
1586876,TOHO
298,Warner Bros. Pictures
298,Village Roadshow Pictures
298,Jerry Weintraub Productions
298,Section Eight
1318304,Million Dollar Studios
50619,Summit Entertainment
50619,Sunswept Entertainment
50619,TSBD Canada Productions
50619,TSBD Louisiana
50619,TSBD Productions
50619,Temple Hill Entertainment
50619,Total Entertainment
36593,Paramount Pictures
9480,Marvel Enterprises
9480,New Regency Pictures
9480,Epsilon Motion Pictures
9480,Regency Enterprises
9480,20th Century Fox
81005,New Line Cinema
81005,Legendary Pictures
81005,Original Film
81005,Big Kid Pictures
81005,Bad Hat Harry Productions
81005,Warner Bros. Pictures
1196067,23ten
1196067,Gramercy Park Media
1196067,Studio507
1196067,Amasia Entertainment
1196067,Peachtree Media Partners
1196067,Northern Ireland Screen
1196067,Source Management + Production
1196067,Sugar Studios LA
1196067,Dark Castle Entertainment
1894,Lucasfilm Ltd.
585083,Sony Pictures Animation
585083,Sony Pictures
585083,MRC
585083,Columbia Pictures
9602,Eddie Murphy Productions
9602,Paramount Pictures
424783,Paramount Pictures
424783,Allspark Pictures
424783,Bay Films
424783,di Bonaventura Pictures
424783,DeSanto/Murphy Productions
424783,Tencent Pictures
387848,Milk Pictures
1476292,Vivamax
1476292,Pelikula Indiopendent
18823,The Zanuck Company
18823,Legendary Pictures
18823,Thunder Road
18823,Moving Picture Company
18823,Warner Bros. Pictures
591538,IAC Films
591538,A24
49849,DreamWorks Pictures
49849,Universal Pictures
49849,Reliance Entertainment
49849,Relativity Media
49849,Imagine Entertainment
49849,K/O Paper Products
49849,Fairview Entertainment
49849,Platinum Studios
2675,Touchstone Pictures
2675,Blinding Edge Pictures
2675,The Kennedy/Marshall Company
11619,DreamWorks Animation
11619,Aardman
9982,Walt Disney Pictures
9982,Walt Disney Feature Animation
819,Propaganda Films
819,Baltimore Pictures
36669,EON Productions
387592,StudioCanal
387592,Aardman
290595,Roth Films
290595,Universal Pictures
290595,Perfect World Pictures
10948,Walt Disney Productions
4476,Bedford Falls Productions
4476,TriStar Pictures
4476,Pangaea
222935,TSG Entertainment
222935,Fox 2000 Pictures
222935,Temple Hill Entertainment
884605,Excellent Cadaver
884605,OPE Partners
884605,Columbia Pictures
884605,Saks Picture Company
375588,Appian Way
375588,Safehouse Pictures
375588,Summit Entertainment
375588,Thunder Road
375588,TIK Films
375588,EMG Management
375588,Lionsgate
9741,Barry Mendel Productions
9741,Blinding Edge Pictures
9741,Touchstone Pictures
8909,Kickstart Entertainment
8909,Universal Pictures
8909,Spyglass Entertainment
8909,Marc Platt Productions
8909,Top Cow Productions
980489,PlayStation Productions
980489,2.0 Entertainment
980489,Columbia Pictures
27581,Columbia Pictures
27581,Gary Sanchez Productions
27581,Mosaic Media Group
49822,Turner Pictures
49822,Amblin Television
49822,Brandman Productions
49822,Planet Productions
46853,Cinema 23 Film
46853,Monarex
46853,Petra Cinematografica
46853,Seven Star Film
1290159,First Light
1290159,Prologue Entertainment
1290159,Kingsgate Films
1408170,Sithara Entertainments
1408170,Manam Enterprises
1408170,Annapurna Studios
415,Warner Bros. Pictures
415,Polygram Pictures
755,Los Hooligans Productions
755,A Band Apart
755,Dimension Films
755,Miramax
299054,Millennium Media
299054,Campbell Grobman Films
299054,Lionsgate
299054,Nu Boyana Film Studios
299054,Templeton Media
299054,Davis Films
299054,Media Capital Technologies
103663,Zentropa International Sweden
103663,Zentropa Entertainments
103663,Film i Väst
9714,20th Century Fox
9714,Hughes Entertainment
9325,Walt Disney Productions
1242011,Picturestart
1242011,Tango Entertainment
1242011,30WEST
1242011,Princess Pictures
1242011,1.21 Entertainment
1242011,Project Foxtrot
1242011,VicScreen
1010755,Lionsgate
1010755,Fifth Element Productions
1010755,Lipsync Productions
1010755,Sherbone Media
1010755,Stream Media
49524,Universal Pictures
49524,Dark Horse Entertainment
49524,Original Film
424139,Universal Pictures
424139,Blumhouse Productions
424139,Trancas International Films
424139,Rough House Pictures
424139,Miramax
1083433,Columbia Pictures
1083433,Original Film
1083433,Screen Gems
1083433,TSG Entertainment
61979,Zeta Studios
61979,Cangrejo Films
61979,Globomedia
61979,Atresmedia Cine
446021,20th Century Fox
446021,Goddard Textiles
446021,TSG Entertainment
154400,Fox Searchlight Pictures
154400,Chernin Entertainment
154400,TSG Entertainment
154400,Ingenious Media
68728,Roth Films
68728,Curtis-Donen Productions
68728,Walt Disney Pictures
697843,AGBO
697843,TGIM Films
697843,Wild State
187,Dimension Films
187,Troublemaker Studios
187,Miramax
1301310,EMRJ Entertainment
9453,Penthouse Films International
9453,Felix Cinematografica
2024,Columbia Pictures
2024,Mutual Film Company
2024,Centropolis Entertainment
2024,Global Medien KG
6557,Fox 2000 Pictures
6557,Spyglass Entertainment
6557,Dune Entertainment III
881,David Brown Productions
881,Castle Rock Entertainment
762,Python (Monty) Pictures
762,Michael White Productions
762,National Film Trustee Company
762,EMI Films
1375441,A24
1375441,Icki Eneo Arlo
1375441,Square Peg
1375441,Range Media Partners
1124142,Black Bear Pictures
1124142,Heyday Films
1124142,G.E.D. Media
1291608,B62 Studios
1291608,Jio Studios
724495,TriStar Pictures
724495,JuVee Productions
724495,Entertainment One
724495,Welle Entertainment
724495,TSG Entertainment II
1124566,Mer Film
1124566,Eye Eye Pictures
1124566,Lumen
1124566,Zentropa Entertainments
1124566,Komplizen Film
1124566,BBC Film
1124566,Film i Väst
1124566,Oslo Filmfond
1124566,Mediefondet Zefyr
1124566,Alaz Film
1124566,Don't Look Now
1124566,MK Productions
1124566,ARTE France Cinéma
1124566,Storyline Studios
1124566,Léger Production
1124566,ZDF/Arte
33,Warner Bros. Pictures
33,Malpaso Productions
500664,Goalpost Pictures
500664,Automatik Entertainment
500664,Blumhouse Productions
500664,Nervous Tick Productions
500664,Film Victoria
500664,BH Tilt
500664,Fulcrum Media Finance
22794,Sony Pictures Animation
22794,Columbia Pictures
13027,KMP Film Invest
13027,K/O Paper Products
13027,DreamWorks Pictures
13027,Goldcrest
1497970,Warner Bros. China
1497970,China Film 中国电影股份
1497970,Wu Zhou Film Distribution
1497970,Original Force Animation
1497970,Origin Animation
1497970,China Film Group Corporation
11013,Slough Pond
11013,double A Films
11013,TwoPoundBag Productions
1593,1492 Pictures
1593,21 Laps Entertainment
1593,20th Century Fox
1593,Ingenious Media
1593,Sun Canada Productions
569672,"Cameron Entertainment Co., Ltd."
1309725,Récifilms
1309725,Versus Production
1309725,Haut et Court
1309725,Playtime
1309725,Cinémage 19
1309725,RTBF
1309725,BeTV
1309725,Orange
1309725,Proximus
1309725,Blue Parrot
1309725,Les Films du Camélia
1309725,SofiTVCine 12
1309725,Cineaxe 6
1309725,Cofimage 36
1309725,Madeleine Films
1309725,ICE
1309725,CB Partners
1379963,Vaca Films
1379963,Amazon MGM Studios
2649,PolyGram Filmed Entertainment
2649,Propaganda Films
339846,Uncharted
339846,Paramount Pictures
339846,Flynn Picture Company
339846,Fremantle Productions
339846,Seven Bucks Productions
339846,Skydance Media
339846,The Montecito Picture Company
375631,Unisinos
388,40 Acres and a Mule Filmworks
388,Imagine Entertainment
388,Universal Pictures
503919,RT Features
503919,Parts & Labor
503919,A24
503919,Regency Enterprises
974635,Aggregate Films
974635,BarnStorm Productions
974635,Detour Filmproduction
974635,AGC Studios
974635,Cinetic Media
974635,Monarch Media
974635,Shivhans Pictures
20504,Alcon Entertainment
20504,Silver Pictures
1232546,PlayStation Productions
1232546,Coin Operated
1232546,Mångata
1232546,Vertigo Entertainment
1232546,Screen Gems
1232546,TSG Entertainment
1567187,Doménica Films
1567187,Reina de Pike
1567187,Inspiria
1567187,Wild Duck Productions
1567187,Black Mandala
1567187,Cine Argentino
1567187,INCAA
602734,Twisted Pictures
602734,Lionsgate
602734,Serendipity Productions
602734,Dahlstar LLC
674324,Searchlight Pictures
674324,Blueprint Pictures
674324,Film4 Productions
674324,TSG Entertainment
537996,Mike Zoss Productions
10200,Dune Entertainment III
10200,Earth Canada Productions
10200,Hammerhead Productions
10200,3 Arts Entertainment
10200,20th Century Fox
397243,IM Global
397243,Impostor Pictures
397243,42
1575337,Studio Colorido
1575337,Studio Chromato
1575337,Twin Engine
12162,First Light
12162,Kingsgate Films
12162,Voltage Pictures
12162,Summit Entertainment
12162,Grosvenor Park Productions
158015,Universal Pictures
158015,Why Not Productions
158015,Platinum Dunes
158015,Blumhouse Productions
514847,Blumhouse Productions
514847,Universal Pictures
429351,Torridon Films
429351,Alcon Entertainment
429351,Black Label Media
429351,Jerry Bruckheimer Films
429351,16:14 Entertainment
1319522,GDH 559
1319522,BASK
97367,Sidney Kimmel Entertainment
97367,Electric City Entertainment
97367,Verisimilitude
97367,Hunting Lane Films
97367,Silverwood Films
97367,Sierra/Affinity
856,Amblin Entertainment
856,Silver Screen Partners III
856,Touchstone Pictures
82695,Universal Pictures
82695,Working Title Films
82695,Cameron Mackintosh Ltd.
82695,Relativity Media
82695,Working Title Films
901362,DreamWorks Animation
515001,Fox Searchlight Pictures
515001,Defender Films
515001,Piki Films
515001,TSG Entertainment
431693,Chernin Entertainment
431693,Blue Sky Studios
431693,20th Century Fox Animation
359940,Blueprint Pictures
359940,Fox Searchlight Pictures
359940,Film4 Productions
359940,TSG Entertainment
11635,The Montecito Picture Company
11635,DreamWorks Pictures
34584,Constantin Film
34584,Bavaria Film
2119,Paramount Pictures
2119,Don Simpson/Jerry Bruckheimer Films
198184,Columbia Pictures
198184,MRC
198184,LStar Capital
198184,Genre Films
1028196,Plan B Entertainment
1028196,Louverture Films
1028196,Anonymous Content
1028196,Orion Pictures
20453,Vidhu Vinod Chopra Productions
20453,Vinod Chopra Films
166666,Constantin Film
166666,NDR
166666,BR
166666,ARD Degeto
297090,KADOKAWA
297090,Shaiker
449176,Temple Hill Entertainment
449176,Fox 2000 Pictures
449176,New Leaf Literary & Media
449176,20th Century Fox
449176,Twisted Media
68734,GK Films
68734,Warner Bros. Pictures
68734,Smokehouse Pictures
673593,Little Stranger
673593,Broadway Video
673593,Paramount Pictures
6844,Paramount Pictures
6844,Motion Picture Associates
263472,Sobras International Pictures
263472,UFA
263472,Black Bear Pictures
263472,Camp Grey
263472,Elevated Films
263472,Movie Trailer House
263472,Dragonfly Entertainment
263472,Voltage Pictures
11253,Universal Pictures
11253,Dark Horse Entertainment
11253,Relativity Media
11253,Lawrence Gordon Productions
1401459,Mobra Films
1401459,Why Not Productions
1401459,Eye Eye Pictures
1401459,Snowglobe
1401459,Aamu Film Company
1401459,Garagefilm International
1401459,Film i Väst
1401459,France 3 Cinéma
1401459,Goodfellas
1878,Summit Entertainment
1878,Universal Pictures
1878,Fear and Loathing LLC
1878,Rhino Films
1878,Shark Productions
1414413,Highland Film Group
1414413,Align
44264,Scott Rudin Productions
44264,Mike Zoss Productions
44264,Skydance Media
44264,Paramount Pictures
112160,Toloda
112160,Monkey Pack Films
50546,Columbia Pictures
50546,Happy Madison Productions
1640,Blackfriars Bridge Films
1640,Yari Film Group
1640,Bob Yari Productions
1640,ApolloProScreen Filmproduktion
1640,Bull's Eye Entertainment
1640,DEJ Productions
1640,Harris Company
480530,Metro-Goldwyn-Mayer
480530,New Line Cinema
480530,Winkler Films
1923,CiBy Pictures
1923,Twin Peaks Productions
13053,Walt Disney Animation Studios
13053,Walt Disney Pictures
43074,Ghost Corps
43074,Columbia Pictures
43074,Village Roadshow Pictures
43074,LStar Capital
43074,Feigco Entertainment
43074,Pascal Pictures
43074,The Montecito Picture Company
458423,Littlestar
458423,Playtone
62213,Village Roadshow Pictures
62213,Infinitum Nihil
62213,GK Films
62213,The Zanuck Company
62213,Warner Bros. Pictures
109091,Fox 2000 Pictures
109091,Nick Wechsler Productions
109091,Chockstone Pictures
109091,TSG Entertainment
109091,Scott Free Productions
829560,Ekipa
829560,Open Mind Production
1358280,Breaking Glass Pictures
799882,AGBO
799882,Cinestar Pictures
799882,Big Indie Pictures
799882,RocketScience
334074,Nu Image
334074,Millennium Media
334074,Winkler Films
1268127,Filmmaker R&K
14128,Walt Disney Animation Japan
14128,Disney Television Animation
942,Silver Pictures
942,Warner Bros. Pictures
1384758,20th Century Animation
9360,St. Tropez Films
9360,Cinema Line Film Corporation
9360,Middle Fork Productions
9360,Skylight Cinema Foto Art
9360,Columbia Pictures
9360,Skylight Cinema Foto Art (US)
559969,Sony Pictures Television
559969,Gran Via Productions
559969,High Bridge Productions
568160,CoMix Wave Films
568160,Story
568160,TOHO
568160,KADOKAWA
568160,jeki
568160,Lawson Entertainment
568160,"Weathering With You"" Film Partners"
682,EON Productions
682,United Artists
391,Jolly Film
391,Ocean Films
391,Constantin Film
391,Taurus Film
638,CiBy 2000
638,Asymmetrical Productions
1242434,A24
1242434,40 Acres and a Mule Filmworks
1242434,Escape Artists
1242434,Mandalay Pictures
1242434,A/Vantage Pictures
1242434,Kurosawa Production
49517,StudioCanal
49517,Working Title Films
49517,Karla Films
49517,Paradis Films
49517,Kinowelt
193893,Wide Awake Pictures
193893,Genre Films
193893,20th Century Fox
193893,TSG Entertainment
718821,Universal Pictures
718821,Warner Bros. Pictures
718821,Amblin Entertainment
718821,Domain Entertainment
262504,Mandeville Films
262504,Summit Entertainment
262504,Lionsgate
262504,Red Wagon Entertainment
93685,BrennFilm
93685,Rebel Film BV
555604,The Jim Henson Company
555604,ShadowMachine
555604,Double Dare You
507241,Dogbone Entertainment
507241,Mad Chance
507241,Endurance Media
507241,K. JAM Media
507241,TKG Productions
507241,The Feature Film One
507241,Lionsgate
507241,Lipsync Productions
38167,Columbia Pictures
38167,Plan B Entertainment
648878,A24
648878,Square Peg
648878,828 Productions
648878,IPR.VC
648878,Access Entertainment
766319,Done+Dusted
169,Davis Entertainment
169,Lawrence Gordon Productions
169,Silver Pictures
169,20th Century Fox
429200,Elara Pictures
429200,Rhea Films
429200,Hercules Film Fund
39514,di Bonaventura Pictures
39514,DC
568620,Paramount Pictures
568620,Metro-Goldwyn-Mayer
568620,di Bonaventura Pictures
568620,Entertainment One
568620,Skydance Media
568620,Hasbro
634528,Sculptor Media
634528,Zero Gravity Management
634528,Cutting Edge Group
634528,Stonehouse Motion Pictures
634528,Voltage Pictures
1830,Endgame Entertainment
1830,Entertainment Manufacturing Company
1830,Ascendant Pictures
1830,Saturn Films
1830,Rising Star Productions
1830,Copag V
1830,VIP Medienfonds 3
1830,Majority Entertainment
565770,Warner Bros. Pictures
565770,The Safran Company
565770,DC Films
1291335,A Higher Standard
1291335,Nickel City Pictures
1291335,Kinnane Brothers
1291335,LB Entertainment
1291335,Angel Studios
12096,Metro-Goldwyn-Mayer
12096,Columbia Pictures
12096,Robert Simonds Productions
9100,Columbia Pictures
9100,Red Wagon Entertainment
1025802,Jost Hering Filmproduktion
1025802,Salzgeber & Co. Medien
1025802,Milieufilm
58574,Village Roadshow Pictures
58574,Silver Pictures
58574,Wigram Productions
58574,Lin Pictures
996821,Amazon MGM Studios
996821,Big Indie Pictures
996821,Gloria Sanchez Productions
996821,Hello Sunshine
996821,Stoller Global Solutions
1885,Columbia Pictures
1885,Delphi II Productions
1885,Jerry Weintraub Productions
4141,New Line Cinema
4141,Don Murphy Productions
9792,Fox Searchlight Pictures
9792,Craven-Maddalena Films
9792,Major Studio Partners
9792,Dune Entertainment
620249,MTJJ
620249,Beijing Guangying Gongchang Wenhua Chuanbo
620249,Dream Castle
620249,Heyi Capital
620249,HMCH
620249,Beijing Jiyin Yinghua
2164,Le Studio Canal+
2164,Centropolis Entertainment
2164,Carolco Pictures
333371,Bad Robot
786,DreamWorks Pictures
786,Columbia Pictures
786,Vinyl Films
365045,StudioCanal
365045,Zodiac Pictures
365045,Teleclub
365045,Claussen+Wöbke Filmproduktion
365045,SRF
365045,ZDF
365045,Creative Europe Media
346910,Davis Entertainment
346910,TSG Entertainment
346910,20th Century Fox
1371,United Artists
1371,Metro-Goldwyn-Mayer
1371,Winkler Films
399057,Element Pictures
399057,TPC
399057,Film4 Productions
399057,New Sparta Films
399057,Limp
399057,HanWay Films
399057,Fís Éireann/Screen Ireland
579974,DVV Entertainment
512195,Flynn Picture Company
512195,Seven Bucks Productions
512195,Bad Version
820525,Voltage Pictures
820525,Wattpad
36643,EON Productions
11247,Dylan Sellers Productions
11247,Gaylord Films
11247,Clifford Werber Productions
11247,Warner Bros. Pictures
843527,Welle Entertainment
843527,Somewhere Pictures
843527,I'll Have Another
843527,Semi-Formal Productions
843527,Amazon MGM Studios
9331,Paramount Pictures
9331,Mace Neufeld Productions
9331,Robert Rehme Productions
10734,Paramount Pictures
10734,Malpaso Productions
1587,Paramount Pictures
1587,J&M Entertainment
1587,Matalon Teper Ohlsson
884,Alliance Films
884,Recorded Picture Company
1050035,TOHO
1050035,Fuji Television Network
1050035,AOI Pro.
1050035,BUN-BUKU
1050035,GAGA Corporation
1062807,WIT STUDIO
1062807,CloverWorks
1062807,TOHO
1062807,Shueisha
1062807,TV Tokyo
1062807,Shogakukan-Shueisha Productions
9387,The De Laurentiis Company
9387,Pressman Film
1103,AVCO Embassy Pictures
1103,Goldcrest
1103,International Film Investors
1103,City Films
1103,Taurus Film
531219,ImageMovers
531219,Warner Bros. Pictures
531219,Necropia Entertainment
531219,Esperanto Filmoj
531219,The Roald Dahl Story Company
312221,Metro-Goldwyn-Mayer
312221,New Line Cinema
312221,Winkler Films
2667,Haxan Films
2667,Artisan Entertainment
205775,Imagine Entertainment
205775,Spring Creek Pictures
205775,Roth Films
205775,Kjam Media
205775,Cott Productions
205775,Surf Film
205775,"Enelmar Productions, A.I.E."
205775,Warner Bros. Pictures
205775,Village Roadshow Pictures
11153,Warner Bros. Pictures
804095,Amblin Entertainment
804095,Reliance Entertainment
369972,Universal Pictures
369972,DreamWorks Pictures
369972,Temple Hill Entertainment
369972,Perfect World Pictures
9472,20th Century Fox
9472,Red Hour
9472,Mediastream Vierte Film
41513,Columbia Pictures
41513,Sony Pictures Animation
41513,The Kerner Entertainment Company
4771,Miramax
4771,The Ladd Company
1542877,Shueisha
1542877,Lerche
2330,EuropaCorp
2330,ARP Sélection
2330,TF1 Films Production
2330,StudioCanal
526896,Columbia Pictures
526896,Matt Tolmach Productions
526896,Arad Productions
371645,Defender Films
371645,Piki Films
371645,Curious Films
39513,Relativity Media
39513,Working Title Films
39513,Big Talk Studios
39513,Universal Pictures
6795,Teitler Film
6795,Michael De Luca Productions
6795,Columbia Pictures
6795,Radar Pictures
766,Renaissance Pictures
766,Introvision International
766,Dino de Laurentiis Communications
1088166,Thunder Road
1088166,Sigma Films
1088166,Black Bear Pictures
27582,CBS Films
27582,Millennium Media
27582,Nu Image Entertainment
27582,Winkler Films
10715,Goldmann Pictures
10715,Lonely Film Productions
10715,Warner Bros. Pictures
10715,Warner Bros. Feature Animation
10715,Spring Creek Pictures
10715,Baltimore Pictures
9874,The Cannon Group
9874,Warner Bros. Pictures
9874,Golan-Globus Productions
1568542,Les Films d'Ici
1568542,CNC
1568542,Pictanovo
1568542,Région Hauts-de-France
278924,Davis Films
278924,ME2 Productions
278924,Millennium Media
278924,Summit Entertainment
278924,Nu Image Entertainment
278924,Winkler Films
9377,Paramount Pictures
9377,Hughes Entertainment
300669,Screen Gems
300669,Stage 6 Films
300669,Ghost House Pictures
407436,The Imaginarium
407436,Warner Bros. Pictures
59436,Mediapro
59436,Versátil Cinema
59436,Pontchartrain Productions
59436,Gravier Productions
936108,Paramount Animation
936108,Domain Entertainment
936108,TyTy and Jay Brown Productions
1645,Regency Enterprises
1645,Warner Bros. Pictures
41264,Cineriz
617653,20th Century Studios
617653,Pearl Street Films
617653,Scott Free Productions
59,New Line Cinema
59,BenderSpink
59,Media I! Filmproduktion München & Company
15,Mercury Productions
15,RKO Radio Pictures
1494060,NFTS
1494060,BBC
1494060,National Lottery
1494060,BFI
826,Horizon Pictures
57165,Thunder Road
57165,Legendary Pictures
57165,Cott Productions
57165,"Furia de Titanes II, A.I.E."
57165,Warner Bros. Pictures
74997,Six Entertainment
74997,IFC Midnight
12244,Tim Burton Productions
12244,Relativity Media
12244,Arc Productions
12244,Starz Animation
12244,Focus Features
405774,Bluegrass Films
405774,Chris Morgan Productions
400928,Grade A Entertainment
400928,FilmNation Entertainment
400928,Dayday Films
663712,Dark Age Cinema
663712,Fuzz on the Lens Productions
663712,Bloody Disgusting
663712,The Coven
663712,Gelt Films
1251636,Playtone
1251636,Amblin Television
1251636,Herzog & Company
602223,Blumhouse Productions
602223,Platinum Dunes
602223,Universal Pictures
602223,Man in a Tree Productions
602223,Perfect World Pictures
448119,Universal Pictures
448119,Team Downey
448119,Perfect World Pictures
448119,Roth-Kirschenbaum Films
1034716,3000 Pictures
1034716,Temple Hill Entertainment
1034716,HarperCollins Publishers
338970,Square Enix
338970,GK Films
338970,Metro-Goldwyn-Mayer
338970,Warner Bros. Pictures
228165,Paramount Animation
228165,Paramount Pictures
228165,Nickelodeon Movies
228165,United Plankton Pictures
228165,Disruption Entertainment
8337,Alive Films
8337,Larry Franco Productions
401469,20th Century Fox
401469,Regency Enterprises
401469,Film4 Productions
401469,New Regency Pictures
401469,See-Saw Films
401469,Lammas Park
401469,TSG Entertainment
34544,Phoenix Film Partners
34544,Dune Entertainment
34544,Stephen J. Cannell Productions
34544,Top Cow Productions
34544,Scott Free Productions
34544,Big Screen Productions
34544,20th Century Fox
34544,Ingenious Media
132232,Toma 78
132232,Demilo Films
3175,Warner Bros. Pictures
3175,Hawk Films
3175,Peregrine
1339588,Working Title Films
1339588,Parkville Pictures
1339588,Focus Features
965150,PASTEL
965150,BBC Film
965150,Tango Entertainment
965150,Unified Theory
965150,Screen Scotland
965150,BFI
9889,20th Century Fox
9889,Conundrum Entertainment
86834,Paramount Pictures
86834,Regency Enterprises
86834,Protozoa Pictures
10536,Oakhurst Productions
60308,Scott Rudin Productions
60308,Michael De Luca Productions
60308,Rachael Horovitz Productions
60308,Columbia Pictures
13597,Henson Associates
13597,Lucasfilm Ltd.
1493859,American High
1493859,All Things Comedy
1493859,LD Entertainment
713,CiBy 2000
713,Jan Chapman Productions
136799,DreamWorks Animation
10802,Chargeurs
10802,Charles Evans Productions
10802,Carolco Pictures
10802,Joe Eszterhas Productions
10802,Ben Myron Productions
462,Jersey Films
55721,Apatow Productions
55721,Relativity Media
21835,Xi'an Film Studio
21835,Color Star Films
370663,Serendipity Point Films
522681,Columbia Pictures
522681,Original Film
793,DEG
1581,Relativity Media
1581,Waverly Films
1581,Universal Pictures
1581,Columbia Pictures
258489,Village Roadshow Pictures
258489,Dark Horse Entertainment
258489,Beagle Pug Films
258489,Jerry Weintraub Productions
258489,RatPac Entertainment
258489,Riche Productions
258489,Warner Bros. Pictures
1098006,Skydance Media
1098006,Project X Entertainment
1098006,Radio Silence
1098006,Vinson Films
1098006,Toff Guy Films
185664,Nikkatsu Corporation
11969,Cinergi Pictures
11969,Alphaville Films
440,Dune Entertainment
440,Davis Entertainment
440,20th Century Fox
440,Brandywine Productions
338967,Columbia Pictures
338967,2.0 Entertainment
338967,Pariah
4564,Darren Star Productions
4564,New Line Cinema
4564,HBO
207932,Columbia Pictures
207932,Imagine Entertainment
223702,Columbia Pictures
223702,Annapurna Pictures
223702,Point Grey Pictures
223702,Nitrogen Studios Canada
11012,Skreba Films
11012,Film4 Productions
11012,Le Studio Canal+
11012,Nouvelles Éditions de Films
582,Creado Film
582,Wiedemann & Berg Film
582,ARTE
582,BR
676,Touchstone Pictures
676,Jerry Bruckheimer Films
1452,Warner Bros. Pictures
1452,Legendary Pictures
1452,Peters Entertainment
1452,Bad Hat Harry Productions
1452,DC
116711,Blue Sky Studios
116711,20th Century Fox Animation
82675,EuropaCorp
82675,Grive Productions
82675,M6 Films
82675,20th Century Fox
82675,Karma Film Prod
82675,Taken 2
82675,Dune Entertainment
1013850,Fruit Tree
1013850,Topic Studios
1013850,Extreme Emotions
1013850,Rego Park
1013850,Mazowiecki Instytut Kultury
667,EON Productions
667,United Artists
710,EON Productions
13207,New Line Cinema
13207,Paramount Pictures
13207,Platinum Dunes
13207,Crystal Lake Entertainment
2300,Warner Bros. Family Entertainment
2300,Ivan Reitman Productions
581392,Next Entertainment World
581392,RedPeter Films
581392,Contents Panda
581392,Union Investment Partners
581392,Michigan Venture Capital
11778,Universal Pictures
11778,EMI Films
220289,Bellanova Films
220289,Ugly Duckling Films
23437,Platinum Dunes
23437,New Line Cinema
858017,A24
858017,Fruit Tree
858017,Smudge Films
858017,Hypnic Jerk
36586,New Line Cinema
36586,Amen Ra Films
36586,Imaginary Forces
60304,Paramount Pictures
60304,MTV Films
60304,Gary Sanchez Productions
60304,Studio Babelsberg
60304,Metro-Goldwyn-Mayer
353491,Columbia Pictures
353491,MRC
353491,Imagine Entertainment
353491,Weed Road Pictures
2118,Regency Enterprises
2118,Wolper Organization
10764,EON Productions
10764,Metro-Goldwyn-Mayer
10764,Columbia Pictures
10764,B22
9655,Lakeshore Entertainment
9655,DreamWorks Pictures
9655,The Donners' Company
536554,Atomic Monster
536554,Blumhouse Productions
536554,Divide / Conquer
72559,Paramount Pictures
72559,Hasbro
72559,di Bonaventura Pictures
72559,Saints LA
72559,Metro-Goldwyn-Mayer
72559,Skydance Media
7326,Mandate Pictures
7326,Mr. Mudd
7326,Fox Searchlight Pictures
338766,Sidney Kimmel Entertainment
338766,Film 44
338766,OddLot Entertainment
338766,Estrella Media
338766,Lionsgate
338766,CBS Films
338766,Sierra/Affinity
338766,MWM Studios
763215,PCMA Productions
763215,Roth-Kirschenbaum Films
763215,Palma Pictures
1592768,Zipo and Slash
239124,sietetresochotres
919912,Pear Production
9659,Kennedy Miller Productions
6637,Walt Disney Pictures
6637,Jerry Bruckheimer Films
6637,Saturn Films
6637,Junction Entertainment
1575207,Falcon Pictures
1198984,Campfire Studios
1198984,Gramercy Park Media
1198984,Lotterywest
1198984,ScreenWest
1198984,Screen Australia
1198984,The Penguin Empire
842924,Intrepid Pictures
842924,Red Room Pictures
842924,QWGmire
842924,FilmNation Entertainment
1735,Universal Pictures
1735,Relativity Media
1735,The Sommers Company
1735,Alphaville Films
1735,Beijing Happy Pictures
1735,Shanghai Film Group
1735,Internationale Filmproduktion Blackbird Erste
13811,Summit Entertainment
13811,Escape Artists
13811,Mystery Clock Cinema
13811,Kaplan/Perrone Entertainment
13811,Wintergreen Productions
13811,Goldcrest
72545,Walden Media
72545,New Line Cinema
72545,Contrafilm
17431,Lunar Industries
17431,Liberty Films
17431,Xingu Films
17431,Limelight Fund
17431,Independent
107846,Knightsbridge Entertainment
107846,Summit Entertainment
107846,Atmosphere Entertainment MM
107846,Envision Entertainment
107846,Boies/Schiller Film Group
107846,Lionsgate
107846,Emmett/Furla Films
535581,Kill the Head
535581,Animal Kingdom
535581,Longride
535581,Chimney Sweden
535581,Film i Väst
395991,di Bonaventura Pictures
395991,Black Label Media
395991,Condé Nast Entertainment
271718,Apatow Productions
271718,Universal Pictures
1103621,GDH 559
1103621,Jor Kwang Films
37710,GK Films
37710,Spyglass Entertainment
37710,Birnbaum/Barber Productions
37710,StudioCanal
37710,Columbia Pictures
37710,Peninsula Films
34851,Davis Entertainment
34851,20th Century Fox
34851,Dune Entertainment
34851,Troublemaker Studios
1966,Intermedia Films
1966,IMF Internationale Medien und Film 3 & Produktions
1966,Gordian Productions
1966,The Great Filmproductie
1966,Cecchi Gori Group
1966,Renn Productions
1966,Pathé
1966,Warner Bros. Pictures
11782,Golden Princess Film Productions
11782,Milestone Pictures
282035,Secret Hideout
282035,Universal Pictures
282035,Conspiracy Factory
282035,Sean Daniel Company
527435,1492 Pictures
527435,Madhouse Entertainment
527435,Ocean Blue Entertainment
10140,Fox 2000 Pictures
10140,Walden Media
10140,C.S. Lewis Company
8645,20th Century Fox
8645,UTV Motion Pictures
8645,Spyglass Entertainment
8645,Blinding Edge Pictures
8645,Dune Entertainment III
63311,El Deseo
709,EON Productions
709,Estudios Churubusco Azteca
709,United Artists
9390,TriStar Pictures
9390,Gracie Films
109439,Green Hat Films
109439,Legendary Pictures
109439,BenderSpink
103328,Pierre Grise Productions
103328,Théo Films
103328,Pandora Filmproduktion
103328,ARTE France Cinéma
103328,WDR
103328,ARTE
613504,Voltage Pictures
613504,Offspring Entertainment
613504,Frayed Pages Media
613504,Wattpad
758323,Screen Gems
758323,2.0 Entertainment
758323,Loyola Productions
830,Metro-Goldwyn-Mayer
9798,Touchstone Pictures
9798,Jerry Bruckheimer Films
9798,Scott Free Productions
11006,Universal Pictures
12101,Metro-Goldwyn-Mayer
955916,Genre Films
955916,6th & Idaho Motion Picture Company
955916,HartBeat Productions
136418,Lionsgate
136418,Shoebox Films
136418,IM Global
799766,RocketScience
799766,Facing East Entertainment
799766,Sina Studios
799766,Lost Bandits
799766,Footloose Productions
799766,VicScreen
799766,RPW Productions
799766,Azure Centrum
799766,Partizan Films
799766,Mid March Media
9361,Morgan Creek Entertainment
6341,Rastar Productions
6341,Columbia Pictures
1571101,The Thinklab
1571101,Kapers Animation
1571101,3 Doubles Producciones
1571101,Beta Fiction Spain
388399,TIK Films
388399,Closest to the Hole Productions
388399,Bluegrass Films
388399,Hutch Parker Entertainment
388399,Leverage Entertainment
388399,Lionsgate
388399,CBS Films
72976,DreamWorks Pictures
72976,Reliance Entertainment
72976,Participant
72976,Amblin Entertainment
72976,The Kennedy/Marshall Company
72976,Dune Entertainment
72976,20th Century Fox
226674,Carthago Coop. Cinematográfica
226674,Südwestfunk
226674,Janus Filmproduktion GmbH
5528,Galatée Films
5528,Pathé Renn Productions
5528,Vega Film
5528,France 2 Cinéma
5528,Novo Arturo Films
346672,Lakeshore Entertainment
346672,Screen Gems
346672,Sketch Films
1370,Carolco Pictures
818,Eric's Boy
818,New Line Cinema
818,Team Todd
818,Gratitude International
818,Moving Pictures
2454,Walt Disney Pictures
2454,Walden Media
2454,Silverbell Films
2454,Mark Johnson Productions
2454,C.S. Lewis Company
436565,Pama Cinematografica
839033,New Line Cinema
839033,Warner Bros. Animation
839033,Sola Entertainment
839033,Middle-earth Enterprises
839033,WingNut Films
839033,Domain Entertainment
1153714,A24
1153714,Square Peg
1153714,Secret Engine
1153714,Ley Line Entertainment
1153714,Monoceros Media
12133,Columbia Pictures
12133,Mosaic Media Group
12133,Gary Sanchez Productions
12133,Relativity Media
12133,Apatow Productions
1487,Revolution Studios
1487,Dark Horse Entertainment
1487,Lawrence Gordon Productions
9291,Callahan Filmworks
9291,Paramount Pictures
9291,MTV Films
9291,Columbia Pictures
9291,Happy Madison Productions
458305,Fantastic Films
458305,Frakas Productions
458305,XYZ Films
458305,PingPongFilm
458305,VOO
458305,BeTV
458305,Fís Éireann/Screen Ireland
458305,Saban Films
458305,Lionsgate
88751,New Line Cinema
88751,Walden Media
88751,Journey Films
513310,WarParty Films
513310,Highland Film Group
513310,Ingenious Media
513310,EFO Films
513310,Big Red Films
513310,Diamond Film Productions
513310,Edver Films
513310,River Bay Films
513310,The Fyzz
513310,Scott Free Productions
513310,MoviePass Films
1442396,Abhishek Pictures
1442396,NIK Studios
37797,Studio Ghibli
37797,Nippon Television Network Corporation
37797,Tokuma Shoten
37797,Hakuhodo
9339,Original Film
9339,Revolution Studios
9339,Columbia Pictures
9339,Happy Madison Productions
3134,Toute Premiere Fois
262024,ICAIC
442249,Platinum Dunes
442249,Blumhouse Productions
442249,Universal Pictures
442249,Man in a Tree Productions
97630,Annapurna Pictures
97630,First Light
97630,Mark Boal Productions
765,Rosebud Releasing Corporation
765,Renaissance Pictures
765,The De Laurentiis Company
11322,Universal Pictures
11322,Relativity Media
11322,Forward Pass
11322,Misher Films
11322,Tribeca Productions
11322,Appian Way
11322,dentsu
929,TriStar Pictures
929,Independent Pictures
929,Fried Films
929,Centropolis Entertainment
929,TOHO
489999,Bazelevs
489999,Timur Bekmambetov Productions
250546,Atomic Monster
250546,New Line Cinema
250546,The Safran Company
250546,RatPac Entertainment
969492,Broken Open Pictures
969492,Volition Media Partners
969492,Highland Film Group
969492,Hoodlum Entertainment
969492,R.U. Robot Studios
969492,Moonbow
969492,Gosdom Entertainment
969492,Short Porch Pictures
969492,The Avenue Entertainment
19912,Parallel Zide
19912,New Line Cinema
19912,Practical Pictures
19912,FlipZide
18857,Paragon Films
18857,Orange Sky Golden Harvest
18857,Golden Harvest Productions
758330,Cornerstone Films
758330,Genesius Pictures
758330,Align
777443,AGBO
777443,Skybound Entertainment
13186,20th Century Fox
13186,Summit Entertainment
13186,Constantin Film
11674,Great Oaks Entertainment
11674,Walt Disney Pictures
11674,Wizzer Productions
10719,New Line Cinema
10719,Guy Walks into a Bar Productions
677179,Metro-Goldwyn-Mayer
677179,Proximity Media
677179,Outlier Society
677179,Winkler Films
109414,Columbia Pictures
109414,Mandate Pictures
109414,Point Grey Pictures
597922,Skydance Media
37247,AVCO Embassy Pictures
37247,Mike Nichols Productions
37247,Lawrence Turman Productions
938,PEA
938,Constantin Film
938,Arturo González PC
938,Taurus Film
9342,TriStar Pictures
9342,Amblin Entertainment
9342,Zorro Productions
9342,Global Entertainment Productions
4478,Paramount Pictures
1087822,Dark Horse Entertainment
1087822,Millennium Media
1087822,Telepool
1087822,Campbell Grobman Films
1087822,Nu Boyana Film Studios
341013,Focus Features
341013,Denver & Delilah Productions
341013,87Eleven
341013,Sierra/Affinity
341013,Closed on Mondays Entertainment
341013,TGIM Films
341013,Film i Väst
64686,Mid Atlantic Films
64686,Stuber Pictures
64686,Moving Picture Company
64686,H2F Entertainment
64686,Universal Pictures
64686,Relativity Media
545609,AGBO
545609,Thematic Entertainment
545609,TGIM Films
428078,Scholastic Productions
428078,Silvertongue Films
428078,Universal Pictures
428078,WingNut Films
428078,MRC
187017,Columbia Pictures
187017,Original Film
187017,MRC
187017,Metro-Goldwyn-Mayer
187017,Cannell Studios
187017,JHF Productions
187017,33andOut Productions
1624,Universal Pictures
1624,Imagine Entertainment
604685,Diamond Film Productions
604685,G-BASE
604685,Tucker Tooley Entertainment
604685,Lionsgate
604685,Entertainment One Features
39538,Participant
39538,Image Nation Abu Dhabi
39538,Double Feature Films
39538,Regency Enterprises
39538,Warner Bros. Pictures
8922,American Zoetrope
8922,Cinerenta
38985,Paramount Pictures
38985,Universal Pictures
38985,Film Properties International
15092,Lionsgate
15092,Lakeshore Entertainment
15092,RadicalMedia
1280282,DreamWorks Animation
1106739,Warner Bros. Pictures
1106739,Malpaso Productions
1106739,Dichotomy Films
1422011,Snoot Entertainment
1422011,Growing Up Dead Films
1422011,Above .330
1422011,Aymara Films
1422011,Oddfellows Entertainment
365177,Lionsgate
365177,Arad Productions
365177,Picturestart
365177,Gearbox Studios
365177,2K
365177,Hercules Film Fund
10201,Warner Bros. Pictures
10201,Village Roadshow Pictures
10201,Heyday Films
10201,The Zanuck Company
934632,The Stone Quarry
934632,Grand Electric
614917,Star Thrower Entertainment
614917,Westbrook
614917,Warner Bros. Pictures
614917,Overbrook Entertainment
49797,Softbank Ventures
49797,Peppermint & Company
49797,Siz Entertainment
49797,Finecut
49797,Michigan Venture Capital
49797,Showbox
49797,CJ Investment
714,EON Productions
4561,Terra-Filmkunst
4561,S.N. Prodis
595,Pakula-Mulligan
595,Brentwood Productions
595,Universal Pictures
578701,Bron Studios
578701,New Line Cinema
578701,Bosque Ranch Productions
578701,Film Rites
9352,The Montecito Picture Company
9352,Blue Sea Productions
1050390,ORUSTAKSOFT
399366,Marrowbone
399366,Ruidos en el Ático
399366,Mediaset España
399366,Universal Pictures
399366,Lionsgate
399366,Telecinco Cinema
38050,Universal Pictures
38050,MRC
38050,Gambit Pictures
585245,Paramount Pictures
585245,Entertainment One
585245,New Republic Pictures
585245,Scholastic Entertainment
585245,The Kerner Entertainment Company
718833,Lorien Motion Pictures
1400837,Blumhouse Productions
1400837,Atomic Monster
1400837,Spin a Black Yarn
8247,Dune Entertainment
8247,Hypnotic
8247,New Regency Pictures
76726,Dune Entertainment
76726,Davis Entertainment
76726,Adam Schroeder Productions
76726,20th Century Fox
400617,Focus Features
400617,Annapurna Pictures
400617,Perfect World Pictures
400617,JoAnne Sellar Productions
400617,Ghoulardi Film Company
44826,GK Films
44826,Infinitum Nihil
480414,Atomic Monster
480414,New Line Cinema
480414,Emile Gladstone Productions
4584,Columbia Pictures
4584,Mirage Enterprises
1955,Brooksfilms
2123,Conundrum Entertainment
2123,20th Century Fox
274857,Village Roadshow Pictures
274857,Weed Road Pictures
274857,Wigram Productions
274857,Safehouse Pictures
274857,Warner Bros. Pictures
9620,Paramount Pictures
9620,Davis Entertainment
9620,Lion Rock Productions
9620,Solomon/Hackett Productions
9620,DreamWorks Pictures
1656,Columbia Pictures
1656,Spyglass Entertainment
1656,Amblin Entertainment
6978,Taft Entertainment Pictures
6978,20th Century Fox
6978,SLM Production Group
9273,Morgan Creek Entertainment
865,Braveworld Productions
865,Keith Barish Productions
865,Taft Entertainment Pictures
993710,Chernin Entertainment
993710,Exhibit A
993710,Good One
1032892,Searchlight Pictures
1032892,Mighty Engine
746,Soprofilms
746,TAO Film
746,Yanco
746,Recorded Picture Company
1361774,Red Hour
1361774,Rivulet Entertainment
266856,Working Title Films
266856,Working Title Films
8916,Pacific Data Images
8916,DreamWorks Animation
8916,DreamWorks Pictures
458723,Monkeypaw Productions
458723,Universal Pictures
458723,Perfect World Pictures
458723,Blumhouse Productions
458723,QC Entertainment
256274,Brothers Dowdle Productions
256274,Legendary Pictures
137116,The Kerner Entertainment Company
137116,Columbia Pictures
137116,Sony Pictures Animation
137116,LStar Capital
137116,Wanda Pictures
1263012,Elevated Films
1263012,Balcony 9 Productions
1263012,RNA Pictures
1263012,TPC
1263012,Sobini Films
1263012,Co Created Media
1263012,Copper Island
1263012,Last Mile Productions
1263012,Wrong Turn Productions
1263012,SIPUR
1263012,Construction Film
1263012,Streamline Global
1263012,Pressman Film
1263012,Space Pilot Media
1263012,WME Independent
1263012,Pinstripes
1263012,Film Manufacturers
1263012,LB Entertainment
1263012,Edith Productions
1263012,YO Productions
1263012,Filmhedge
1263012,Sillen Productions
1263012,Punch Once
1263012,Eterna
1263012,Notorious Productions Film Fund
1263012,VL Entertainment
1263012,Raised by Wolves Pictures
61930,Cecchi Gori Group Fin.Ma.Vi
20662,Imagine Entertainment
20662,Relativity Media
20662,Scott Free Productions
445571,New Line Cinema
445571,Aggregate Films
445571,Davis Entertainment
445571,Access Entertainment
445571,Dune Entertainment
4944,Focus Features
4944,StudioCanal
4944,Relativity Media
4944,Working Title Films
4944,Mike Zoss Productions
3512,Regency Enterprises
3512,Seagal/Nasso Productions
3512,Cutting Edge Films
3512,Warner Bros. Pictures
3512,JVC
2770,Universal Pictures
2770,Zide-Perry Productions
2770,LivePlanet
428045,CTB Film Company
428045,Russian Film Group
428045,Buffalo 8 Productions
428045,China International Picture
428045,Fetisoff Illusion
428045,GFA Entertainment
428045,Gap Financing
428045,Lime Studios
428045,China Film Group Corporation
428045,Cinema Foundation of Russia
428045,Sparkle Roll Media
443791,Chernin Entertainment
443791,20th Century Fox
443791,TSG Entertainment
339964,Belga Films
339964,River Road Entertainment
339964,Grive Productions
339964,EuropaCorp
339964,UFA
339964,Fundamental Films
339964,Gulf Film
339964,Novo Pictures
339964,TF1 Films Production
339964,Orange Studio
339964,BNP Paribas Fortis
719221,Screen Gems
719221,Alloy Entertainment
719221,Ground Control Entertainment
719221,Capstone Pictures
719221,TSG Entertainment
1440050,Wonder Project
1440050,TriStar Pictures
1440050,Nateland Entertainment
1440050,One Man Canoe
1440050,TSG Entertainment
9702,Hollywood Pictures
334,New Line Cinema
334,Ghoulardi Film Company
46529,Bay Films
46529,DreamWorks Pictures
46529,Reliance Entertainment
449562,Pin High
449562,Metro-Goldwyn-Mayer
449562,Cave 76 Productions
449562,Camp Sugar
449562,Palma Pictures
1285669,Screenlife Liverpool
1285669,Bazelevs
1285669,Sky Original Productions
1285669,The Avenue Entertainment
1285669,Highland Film Group
227159,New Line Cinema
227159,BenderSpink
227159,RatPac Entertainment
9344,The Guys Upstairs
9344,Independent Pictures
516729,Kinoshita Group
516729,Marmalade Pictures
516729,StudioCanal UK
516729,Spyglass Media Group
274854,NeoReel
274854,Summit Entertainment
274854,Atmosphere Entertainment MM
274854,Goldmann Pictures
274854,Aperture Entertainment
274854,TIK Films
274854,One Race
274854,Lionsgate
77950,DreamWorks Animation
7445,Lionsgate
7445,Relativity Media
7445,Sighvatsson Films
7445,Michael De Luca Productions
7445,Palomar Pictures
7445,Mandate International
654974,20th Century Studios
654974,Hutch Parker Entertainment
387,Radiant Film
387,Bavaria Film
22894,Screen Gems
22894,Bold Films
504056,Bullet Films
504056,Mega-Vision Pictures (MVP)
9495,Entertainment Media Investment
9495,Jeff Most Productions
9495,Pressman Film
9495,Dimension Films
533,Aardman
533,DreamWorks Animation
241239,Participant
241239,Image Nation Abu Dhabi
241239,FilmNation Entertainment
241239,Before the Door Pictures
241239,Washington Square Films
241239,Old Bull Pictures
241239,CounterNarrative Films
420821,Walt Disney Pictures
420821,Mandeville Films
484641,EuropaCorp
484641,TF1 Films Production
484641,Summit Entertainment
484641,Work in Progress
484641,Fetish Film
484641,Skyprod
484641,Ondamax Films
1391,Bésame Mucho Pictures
1391,Anhelo Productions
17903,Opus Pictures
17903,Showbox
17903,United Pictures
17903,Sponge
9471,Wonderland Sound and Vision
9471,Tall Trees Productions
9471,Flower Films
9471,Columbia Pictures
1029281,Miramax
1029281,Spooky Pictures
1029281,Electric Lady Studios
1029281,Magenta Light Studios
9362,No Frills Film
9362,Wilson-Maddock Production
794,Mace Neufeld Productions
794,Harvey Bernhard Productions
794,Twentieth Century-Fox Productions
9437,Paramount Pictures
9437,Rysher Entertainment
9437,David Brown Productions
967,Bryna Productions
967,Universal Pictures
8452,Phoenix Pictures
8452,Jon Davison Productions
8452,Columbia Pictures
116,BBC Film
116,Thema Production
116,Jada Productions
116,Kudu Films Limited
15371,Tokyo Movie Shinsha
15371,Telecom Animation Film
50544,Castle Rock Entertainment
50544,Olive Bridge Entertainment
1900,USA Films
1900,Initial Entertainment Group
1900,Bedford Falls Productions
1900,Laura Bickford Productions
1900,Compulsion Inc.
628847,Creativity Media
628847,Signature Entertainment
628847,828 Productions
628847,Capstone Studios
628847,Dogbone Entertainment
628847,Ashland Hill Media Finance
628847,Signature Films
628847,Scott Free Productions
628847,Koala FX
570670,Blumhouse Productions
570670,Goalpost Pictures
570670,Nervous Tick Productions
136795,Chernin Entertainment
136795,TSG Entertainment
136795,Ingenious Media
136795,Big Screen Productions
136795,20th Century Fox
406990,SND
406990,Raffaella De Laurentiis Productions
406990,Nexus Factory
406990,uMedia
406990,uFund
406990,Vendôme Production
804150,Universal Pictures
804150,Brownstone Productions
804150,Lord Miller
804150,Jurassic Party
1522126,Magnificent Pictures
1522126,Channel 4 Television
104,X Filme Creative Pool
420634,Dark Age Cinema
1267,Walt Disney Animation Studios
1229898,HBO Documentary Films
1229898,Unrealistic Ideas
1229898,Nightbrain Pictures
1229898,Tower Way
1229898,Assemble Media
614930,Paramount Pictures
614930,Nickelodeon Movies
614930,Point Grey Pictures
614930,Cinesite Animation
614930,Mikros Animation
5689,Columbia Pictures
6947,Touchstone Pictures
6947,Blinding Edge Pictures
6947,Scott Rudin Productions
228326,Reel FX Creative Studios
228326,20th Century Fox Animation
228326,Chatrone
8963,Hollywood Pictures
8963,Don Simpson/Jerry Bruckheimer Films
68,Embassy International Pictures
2907,Paramount Pictures
2907,Orion Pictures
2907,Scott Rudin Productions
316727,Why Not Productions
316727,Universal Pictures
316727,Blumhouse Productions
316727,Platinum Dunes
316727,Man in a Tree Productions
184345,Automatik Entertainment
184345,IM Global Octane
184345,Wayans Bros. Entertainment
184345,Endgame Entertainment
51828,Focus Features
51828,Random House Films
51828,Film4 Productions
51828,Color Force
51828,Universal Pictures
487558,Legendary Pictures
487558,QC Entertainment
487558,Blumhouse Productions
487558,Monkeypaw Productions
487558,40 Acres and a Mule Filmworks
487558,Perfect World Pictures
482321,Locksmith Animation
482321,TSG Entertainment
482321,DNEG
2758,Scott Rudin Productions
2758,Paramount Pictures
280217,Vertigo Entertainment
280217,Warner Animation Group
280217,Lord Miller
280217,Rideback
280217,Animal Logic
280217,The LEGO Group
2698,Universal Pictures
2698,Spyglass Entertainment
2698,Relativity Media
2698,Shady Acres Entertainment
2698,Original Film
1242501,Arclight Films
1242501,Top Film
168672,Annapurna Pictures
168672,Atlas Entertainment
23823,Constantin Film
23823,Summit Entertainment
23823,BUFO
9481,Universal Pictures
9481,Columbia Pictures
9481,Martin Bregman Productions
201085,Double Dare You
201085,Legendary Pictures
1205229,Copperheart Entertainment
1205229,Charades
1205229,uMedia
1205229,IDL Films
1205229,Apollo Films
1205229,House of Cool Studios
1205229,Mac Guff Ligne
1205229,L'Atelier Animation
364689,Blue Sky Studios
364689,20th Century Fox Animation
986097,Monkeypaw Productions
986097,Universal Pictures
638974,Happy Madison Productions
638974,Echo Films
638974,Vinson Films
638974,Endgame Entertainment
638974,Denver & Delilah Productions
41154,Columbia Pictures
41154,Hemisphere Media Capital
41154,Amblin Entertainment
41154,Parkes+MacDonald Image Nation
41154,Image Nation Abu Dhabi
4380,Miramax
4380,Simon Fields Productions
10501,DreamWorks Pictures
10501,DreamWorks Animation
11360,Walt Disney Productions
9257,Original Film
9257,Camelot Pictures
9257,Chris Lee Productions
9257,Illusion Entertainment
9257,Columbia Pictures
935,Hawk Films
935,Columbia Pictures
8810,Kennedy Miller Productions
1493,Village Roadshow Pictures
1493,Castle Rock Entertainment
1493,NPV Entertainment
1493,Fortis Films
9277,Universal Pictures
9277,The Zanuck/Brown Company
9277,Bill/Phillips Productions
37686,Paramount Pictures
37686,Amblin Entertainment
37686,Bad Robot
872,Metro-Goldwyn-Mayer
968,Artists Entertainment Complex
149870,Studio Ghibli
149870,Nippon Television Network Corporation
149870,dentsu
149870,Hakuhodo DY Media Partners
149870,d-rights
149870,TOHO
149870,Walt Disney Japan
149870,KDDI
501624,Rare Fish Films
501624,Cineflix Productions
501624,Lifetime
292431,Wild Bunch
292431,Les Cinémas de la Zone
292431,RT Features
292431,Rectangle Productions
292431,SCOPE Pictures
805,William Castle Productions
556574,RadicalMedia
556574,5000 Broadway Productions
556574,Nevis Productions
556574,Old 320 Sycamore
51739,Studio Ghibli
51739,Hakuhodo DY Media Partners
51739,dentsu
51739,TOHO
51739,Nippon Television Network Corporation
51739,Wild Bunch
51739,Walt Disney Japan
51739,d-rights
51739,Mitsubishi
13510,Rollercoaster Films
13510,Aramid Entertainment
9335,EuropaCorp
9335,TF1 Films Production
9335,Current Entertainment
5176,Lionsgate
5176,Tree Line Films
5176,Relativity Media
5176,Yuma
1338972,Dragon Bear Pictures
1338972,Pandapix Pictures
1239193,Metronome Film Company
1239193,Parkes+MacDonald Image Nation
1239193,Amazon MGM Studios
936,United Artists
936,The Mirisch Company
936,Geoffrey Productions
9603,Paramount Pictures
9603,Robert Lawrence Productions
9603,Scott Rudin Productions
1272,Ingenious Media
1272,Moving Picture Company
1272,UK Film Council
1272,DNA Films
2609,Paramount Pictures
2609,Hughes Entertainment
655,Road Movies
655,Argos films
655,WDR
655,Channel Four Films
655,Pro-ject Filmproduktion
1069905,Pascal Pictures
1069905,Heyday Films
1069905,NB/GG Pictures
1367555,Janji Pictures
1367555,Volos Films
1367555,Sunstrong Entertainment
1367555,Southern Islet Pictures
1367555,Sure Honest Holdings
1367555,AMTD Pictures
1367555,Berjaya Pictures
1367555,Red Sea Film Foundation
1367555,Red Sea Film Fund
10096,Revolution Studios
10096,Roth/Arnold Productions
10096,Gina Matthews Productions
1287322,Anonymous Content
1287322,Yoki
1287322,Votiv Films
1287322,Fifty-Fifty Films
1287322,Black Bear Pictures
9003,New World Pictures
9003,Cinemarque Entertainment
9003,Film Futures
9003,Rivdel Films
213,Metro-Goldwyn-Mayer
747188,Indian Paintbrush
747188,American Empirical Pictures
747188,Studio Babelsberg
1196573,Fifth Season
1196573,Makeready
1196573,Super Frog
1196573,Waypoint Entertainment
1196573,Black Bear Pictures
8836,Ten Thirteen Productions
8836,Dune Entertainment III
8836,Crying Box Productions
8836,20th Century Fox
254470,Brownstone Productions
254470,Gold Circle Films
254470,Universal Pictures
227,American Zoetrope
1100099,Film4 Productions
1100099,SunnyMarch
1100099,Shoebox Films
1100099,StudioCanal UK
255709,Lotte Entertainment
255709,Film Momentum
255709,Michigan Venture Capital
539681,Warner Animation Group
539681,Seven Bucks Productions
539681,Animal Logic
539681,DC
2253,Bad Hat Harry Productions
2253,Achte Babelsberg Film
2253,United Artists
1076364,Pixar
615173,Peppermint & Company
615173,Next Entertainment World
615173,Studio & New
615173,Goldmoon Film
615173,Contents Panda
615173,Warner Bros. Korea
1125,DreamWorks Pictures
1125,Paramount Pictures
1125,Laurence Mark Productions
810693,MAPPA
810693,Shueisha
810693,Sumzap
810693,MBS
810693,TOHO
927254,Jellyfish Pictures
927254,The Roald Dahl Story Company
927254,Netflix Animation Studios
87502,Paramount Pictures
87502,ImageMovers
87502,Parkes+MacDonald Image Nation
4513,HorrorFlix
4513,Columbia Pictures
4513,Ghost House Pictures
4513,Dark Horse Entertainment
4513,Mandate International
1584,Paramount Pictures
1584,Scott Rudin Productions
1584,Munich Film Partners New Century & Company (MFP) SOR Productions
619,Kasdan Pictures
619,Tig Productions
619,Warner Bros. Pictures
228967,Point Grey Pictures
228967,Columbia Pictures
228967,LStar Capital
7551,Touchstone Pictures
7551,Jerry Bruckheimer Films
7551,Scott Free Productions
1164,Central Films
1164,Zeta Film
1164,Anonymous Content
737057,J Pictures
848326,The Stone Quarry
848326,Grand Electric
15255,Nu Image Bulgaria
15255,Millennium Media
10771,DreamWorks Pictures
10771,Vanguard Films
10771,Paramount Pictures
10771,Parkes+MacDonald Production
792293,Black Bear Pictures
792293,Ryder Picture Company
792293,Winklevoss Pictures
1268,Tiger Aspect
1268,Working Title Films
1268,StudioCanal
1268,Motion Picture Alpha Produktions
1268,Universal Pictures
8848,Omnilab Media
8848,Mosaic Media Group
8848,Relativity Media
8848,Skyline (Baker St)
8848,Arclight Films
8848,Lionsgate
86331,Acajou Films
86331,Rebel Rebel
86331,Birka Holding
11351,Myriad Pictures
11351,American Zoetrope
11351,United Artists
10331,Image Ten
2604,Universal Pictures
2604,A. Kitman Ho Productions
2604,Ixtlan Productions
11187,Universal Pictures
10358,Blue Askew
10358,View Askew Productions
10358,The Weinstein Company
117263,Millennium Media
117263,G-BASE
117263,Nu Image
277217,"Bad Angels Productions, Ltd."
277217,5678 Productions
277217,Disney Channel
6282,Touchstone Pictures
6282,Jerry Bruckheimer Films
277,Screen Gems
277,Lakeshore Entertainment
277,Subterranean Productions UK Ltd.
277,Underworld Produktions GmbH
277,Laurinfilm
384680,Waypoint Entertainment
384680,Le Grisbi Productions
384680,Bloom
384680,Entertainment Studios
14537,Shochiku
2005,Touchstone Pictures
2005,Touchwood Pacific Partners 1
2005,Scott Rudin Productions
346648,StudioCanal
346648,Heyday Films
346648,Anton Capital Entertainment
16307,British Lion Films
522938,Millennium Media
522938,Templeton Media
522938,Campbell Grobman Films
522938,Dadi Film Group
522938,Balboa Productions
45317,The Weinstein Company
45317,Relativity Media
45317,Mandeville Films
45317,Closest to the Hole Productions
45317,Protozoa Pictures
853670,Novo Novus Productions
7299,Dimension Films
7299,Miramax
7299,Blue Tulip Productions
137094,di Bonaventura Pictures
137094,Paramount Pictures
137094,Mace Neufeld Productions
137094,Buckaroo Entertainment
137094,Skydance Media
829,Paramount Pictures
829,Long Road Productions
829,Robert Evans Productions
8643,Lakeshore Entertainment
8643,Firm Films
8643,Screen Gems
62835,A.J.O.Z. Films
62835,EuropaCorp
62835,Grive Productions
62835,CinéCinéma
62835,Canal+
62835,TF1 Films Production
116149,StudioCanal
116149,Anton Capital Entertainment
116149,Heyday Films
116149,TF1 Films Production
97020,Metro-Goldwyn-Mayer
97020,Columbia Pictures
97020,Strike Entertainment
138697,Ram Bergman Productions
138697,HitRecord Films
138697,Voltage Pictures
798286,A24
798286,Square Peg
798286,IPR.VC
798286,Access Entertainment
104226,Retromedia Entertainment
104226,Synthetic Filmwerx
760329,A24
760329,Seven Bucks Productions
760329,Out for the Count
760329,Magnetic Fields Entertainment
324544,Constantin Film
324544,Spark Productions
399404,Working Title Films
399404,Perfect World Pictures
399404,Focus Features
559907,A24
559907,Bron Studios
559907,Sailor Bear
559907,Ley Line Entertainment
559907,Wild Atlantic Pictures
2135,DreamWorks Pictures
2135,Warner Bros. Pictures
2135,Parkes+MacDonald Production
1010600,Fifth Element Productions
1010600,Sherbone Media
1010600,Lipsync Productions
1010600,Stream Media
1010600,Lionsgate
1010600,Richmond Pictures
1010600,Village Roadshow
1010600,Hasbula Productions
1010600,Elipsis Capital
10340,Walt Disney Productions
9482,Cinergi Pictures
9482,Pressman Film
646097,filmscience
646097,Bonneville Pictures
612,Universal Pictures
612,DreamWorks Pictures
612,Alliance Atlantis
612,Amblin Entertainment
612,The Kennedy/Marshall Company
612,Barry Mendel Productions
560016,Thunder Road
560016,Bron Studios
560016,Monkeypaw Productions
560016,Minor Realm
560016,Creative Wealth Media Finance
560016,S'YA Concept
560016,WME Independent
698508,Mission Pictures International
698508,Advantage Entertainment
698508,Pinnacle Peak Pictures
698508,Nthibah Pictures
698508,Universal Pictures
417555,Globo Filmes
417555,GloboNews
417555,Modo Operante
241554,RatPac Entertainment
241554,Vertigo Entertainment
241554,Energy Entertainment
241554,Ombra Films
241554,Warner Bros. Pictures
429415,Good Universe
429415,Mandeville Films
18405,Rogue Pictures
18405,Film Afrika
18405,Sean S. Cunningham Films
18405,The Night Co.
18405,Focus Features
18405,Scion Films
18405,Universal Pictures
3981,Paramount Pictures
3981,Icon Productions
3981,Wind Dancer Films
9091,Shattered Productions
9091,Universal Pictures
9091,Imperial Entertainment
9091,Signature Entertainment
171274,Warner Bros. Pictures
171274,IAC Films
171274,JoAnne Sellar Productions
171274,Ghoulardi Film Company
171274,RatPac Entertainment
16363,Miller-Milkis-Boyett Productions
770156,Rob Diamond Films
770156,Future Movie Productions
22832,Legendary Pictures
22832,Dark Castle Entertainment
22832,Silver Pictures
22832,Anarchos Productions
22832,Rocklock Films
22832,Studio Babelsberg
22832,Warner Bros. Pictures
22832,Hermanas Wachowski
22832,StudioCanal
412656,Quadrant Pictures
412656,Lionsgate
412656,Bron Studios
412656,3 Arts Entertainment
412656,TIK Films
412656,Hercules Film Fund
412656,Allison Shearmur Productions
412656,Creative Wealth Media Finance
1169516,Base Industries Group
1169516,Cape of Good Films
1169516,Nadiadwala Grandson Entertainment
1169516,Seeta Films
114150,Brownstone Productions
114150,Gold Circle Films
114150,Universal Pictures
1043197,Entertainment One
1043197,Thunder Road
1043197,Hero Squared
1043197,Living Dead Guy Productions
166424,20th Century Fox
166424,Constantin Film
166424,Marvel Entertainment
166424,Marv
166424,Genre Films
166424,Robert Kulzer Productions
166424,TSG Entertainment
501170,Vertigo Entertainment
501170,Intrepid Pictures
501170,Warner Bros. Pictures
527641,Wayfarer Entertainment
527641,CBS Films
1422096,What’s Wrong with Your Dog?
1125257,Walt Disney Pictures
1125257,Burr! Productions
1125257,Gunn Films
522162,AGC Studios
522162,Centropolis Entertainment
522162,Street Entertainment
522162,Entertainment One
522162,Starlight Culture Entertainment Group
522162,Shanghai RuYi Entertainment
9904,Walt Disney Pictures
9904,C.O.R.E. Feature Animation
9904,Contrafilm
9904,Hoytyboy Pictures
9904,Nigel Productions
9904,Sir Zip Studios
613868,MACA Entretenimento
613868,TLA Releasing
9757,Davis Entertainment
9757,DreamWorks Pictures
12437,Screen Gems
12437,Lakeshore Entertainment
12437,Sketch Films
12437,UW3 Film Productions
14306,Sunswept Entertainment
14306,Dune Entertainment III
38234,Undisputed 3 Productions
38234,Nu Image
218836,Disney Television Animation
218836,Prana Animation Studios
218836,DisneyToon Studios
218836,Walt Disney Pictures
218836,Prana Studios
10022,Walt Disney Pictures
10022,Spyglass Entertainment
25,Red Wagon Entertainment
25,Neal Street Productions
530254,Peppermint & Company
530254,Warner Bros. Korea
530254,Goldmoon Film
530254,Finecut
530254,Huayi Tencent Entertainment
530254,Union Investment Partners
4977,Madhouse
4977,Sony Pictures
698128,XYZ Films
698128,IPR.VC
698128,Resolute Films and Entertainment
698128,BondIt Media Capital
698128,Head Gear Films
698128,Metrol Technology
1548113,The Muppets Studio
1548113,Point Grey Pictures
1548113,20th Television
34813,Dark Castle Entertainment
34813,Weed Road Pictures
34813,Warner Bros. Pictures
34813,DC Vertigo
1040148,DreamWorks Animation
9056,Golden Way Films Ltd.
9056,Paragon Films
9056,Orange Sky Golden Harvest
188927,Skydance Media
188927,Paramount Pictures
188927,Bad Robot
188927,Perfect Storm Entertainment
188927,Sneaky Shark
37430,Dark Horse Entertainment
37430,Nu Image
37430,Paradox Entertainment
37430,Nimar Studios
37430,Cinema Vehicle Services
37430,Millennium Media
11430,DisneyToon Studios
136797,DreamWorks Pictures
136797,Reliance Entertainment
136797,Bandito Brothers
136797,Mark Sourian Productions
136797,John Gatins Productions
136797,Electronic Arts
1278101,Zhejiang Hengdian Film Production
1278101,Shanghai Gengxi Film
1278101,Tianjin Zuoyi Film
1278101,China Film Group Corporation
1278101,Tao Piao Piao 淘票票
705996,Moho Film
705996,CJ ENM
705996,CJ Entertainment
97698,Nikkatsu Corporation
1380316,Linden Productions
1380316,Orion Pictures
1380316,Viva Maude
1380316,CYRK
388375,Visual Amazônico
30484,Lightning Pictures Inc.
212778,Altus Media
212778,Fairview Entertainment
212778,Prescience
112205,EuropaCorp
112205,Relativity Media
112205,Grive Productions
112205,TF1 Films Production
16320,Universal Pictures
16320,Barry Mendel Productions
1398,Mosfilm
9374,Universal Pictures
9374,South Side Amusement Company
592831,American Zoetrope
592831,Caesar Film
8845,Regency Enterprises
8845,Warner Bros. Pictures
8845,Alcor Films
8845,Arnon Milchan Productions
8845,Le Studio Canal+
437557,Hurwitz & Schlossberg Productions
437557,Good Universe
437557,DMG Entertainment
437557,Point Grey Pictures
9543,Walt Disney Pictures
9543,Jerry Bruckheimer Films
18334,Sai Enterprise
37264,Hollywood Pictures
37264,Sandollar Productions
484247,Feigco Entertainment
484247,Bron Studios
8960,Columbia Pictures
8960,Relativity Media
8960,Blue Light
8960,Weed Road Pictures
8960,Overbrook Entertainment
372343,Universal Pictures
372343,Working Title Films
372343,Another Park Film
372343,Perfect World Pictures
9383,Columbia Pictures
9383,Red Wagon Entertainment
9383,Global Medien KG
22744,20th Century Fox
839369,Gloria Sanchez Productions
839369,Killer Films
839369,MountainA
839369,Taylor & Dodge
839369,Project Infinity
20116,Here! Films
1106289,The Story Company
1106289,Davis Entertainment
1106289,Eddie Murphy Productions
1106289,Amazon MGM Studios
877269,Walt Disney Animation Studios
3170,Walt Disney Productions
75174,Open Road Films
75174,Scott Free Productions
75174,1984 Private Defense Contractors
75174,Inferno Distribution
75174,Chambara Pictures
75174,LD Entertainment
846422,Skydance Media
846422,Denver & Delilah Productions
846422,Marc Evans Productions
423204,Campbell Grobman Films
423204,Eclectic Pictures
423204,G-BASE
423204,Millennium Media
287948,EuropaCorp
287948,TF1 Films Production
287948,Fundamental Films
287948,Belga Films
287948,Belga Productions
381283,Paramount Pictures
381283,Protozoa Pictures
8839,The Harvey Entertainment Company
8839,Universal Pictures
8839,Amblin Entertainment
587,Columbia Pictures
587,The Zanuck Company
587,Jinks/Cohen Company
587,Tim Burton Productions
123725,Smart Egg Pictures
123725,Vidmark Entertainment
51540,New Line Cinema
51540,RAT Entertainment
870360,Warner Bros. Animation
379149,Sparkle Roll Media
379149,STXfilms
379149,Arthur Sarkissian Productions
379149,The Entertainer Production Company
379149,Orange Corp
379149,Wanda Pictures
379149,Huayi Brothers Pictures
379149,Prosperity Pictures
763285,Bay Films
763285,Endeavor Content
763285,New Republic Pictures
763285,Project X Entertainment
763285,Universal Pictures
8536,Dovemead Films
8536,Alexander and Ilya Salkind Productions
8536,International Film Production
1036081,Jiinu Abraham Innovation
1036081,London Studios
840326,Subzero Film Entertainment
840326,Good Chaos
840326,Stage 6 Films
1255,Chungeorahm Film
1255,Showbox
1491902,+Sixty Six
1491902,Kaos Entertainment
25237,Belarusfilm
25237,Mosfilm
10543,Universal Pictures
10543,Imagine Entertainment
4176,EMI Films
4176,G.W. Films
296099,BenderSpink
296099,David Dobkin Productions
369885,Paramount Pictures
369885,GK Films
369885,ImageMovers
369885,Huahua Media
11713,Orange Sky Golden Harvest
11713,Concord Productions
21208,Dark Castle Entertainment
21208,Appian Way
31011,Pan-Européenne
31011,Integral Film
31011,Lago Film
31011,Christal Films
31011,Toto & Co Films
31011,France 2 Cinéma
31011,France 3 Cinéma
31011,SCOPE Pictures
356305,21 Laps Entertainment
356305,TSG Entertainment
356305,20th Century Fox
356305,Red Hour
356305,75 Year Plan Productions
1248832,Warner Bros. Pictures
1248832,Legendary Pictures
1248832,TC Productions
1248832,M Productions
1248832,Domain Entertainment
9008,Touchstone Pictures
9008,Mann/Roth Productions
9008,Forward Pass
11774,Paramount Pictures
11774,DreamWorks Pictures
11774,Nickelodeon Movies
11774,Parkes+MacDonald Production
11774,Kumar Mobiliengesellschaft mbH & Co. Projekt Nr. 2
1710886,Vivamax
2019,Alphaville Films
2019,Universal Pictures
2019,Renaissance Pictures
37735,Screen Gems
37735,Olive Bridge Entertainment
990140,Wishart Media
990140,Super Bullet Pictures 超级子弹影业
7459,Warner Bros. Pictures
7459,Village Roadshow Pictures
7459,Silver Pictures
7459,Anarchos Productions
1023922,A24
1023922,Motel Mojave
1023922,Access Entertainment
329505,Geo Film
15472,Det Danske Filminstitut
15472,Nordisk Film Denmark
15472,ZDF
15472,Yellow Bird
15472,Film Capital Stockholm
15472,Spiltan Underhållning
15472,Nordisk Film & TV Fond
15472,Svenska Filminstitutet
15472,SVT
15472,Film i Väst
10995,Timothy Burrill Productions
10995,Renn Productions
10995,Grai Phang Film Studio
10995,Films A2
678512,Santa Fe Films
891621,Searchlight Pictures
891621,Blueprint Pictures
891621,Film4 Productions
891621,TSG Entertainment
11130,BrownHouse Productions
11130,Walt Disney Pictures
9772,Radiant Productions
305470,Lionsgate
305470,Saban Brands
305470,Saban Films
305470,Temple Hill Entertainment
305470,TIK Films
11690,The Cannon Group
11690,Warner Bros. Pictures
668489,XYZ Films
668489,Severn Screen
668489,One More One Productions
1314786,Fonte Films
1205515,PASTEL
1205515,Big Beach
1205515,Tango Entertainment
1205515,High Frequency Entertainment
1205515,Case Study Films
1205515,Charades
1205515,AF Films
9072,Wayans Bros. Entertainment
9072,Revolution Studios
9767,Universal Pictures
9767,Mosaic Media Group
9767,Wild West Picture Show Productions
8292,Paramount Pictures
8292,di Bonaventura Pictures
35739,Malibu Bay Films
524369,HBO Films
524369,New Line Cinema
524369,Chase Films
1447971,Damai Entertainment
1447971,中中（北京）影业有限公司
1447971,Beijing Lifeng Culture 北京黎枫文化发展有限公司
1447971,China Film Group Corporation
1447971,上海中中影业有限公司
331313,Parkes+MacDonald Image Nation
331313,Fox 2000 Pictures
331313,TSG Entertainment
1542,20th Century Fox
1246,Metro-Goldwyn-Mayer
1246,Revolution Studios
1246,Chartoff Productions
1246,Winkler Films
44943,Columbia Pictures
44943,Relativity Media
44943,Original Film
1012201,Production I.G
1012201,TOHO
1012201,Shueisha
1012201,MBS
1012201,dentsu
1012201,Sony Music Entertainment (Japan)
1012201,movic
9595,20th Century Fox
12493,TOHO
12493,Kurosawa Production
1723460,Curious Films
43539,Hwy61
43539,Lionsgate
12113,De Line Pictures
12113,Warner Bros. Pictures
12113,Scott Free Productions
497828,30WEST
497828,BBC Film
497828,Bord Cadre Films
497828,Coproduction Office
497828,Film i Väst
497828,Heretic
497828,Imperative Entertainment
497828,Sovereign Films
497828,Plattform Produktion
497828,SVT
497828,BFI
497828,Piano
497828,ARTE France Cinéma
497828,Essential Filmproduktion
497828,TRT 12 PUNTO
497828,ZDF/Arte
9276,Los Hooligans Productions
200727,Constantin Film
200727,Canyon Creek Films
1102493,Artists Equity
1102493,Big Things Films
1102493,Wilder Content
1102493,Fís Éireann/Screen Ireland
583,Handmade Films
583,Python (Monty) Pictures
492188,Heyday Films
13885,DreamWorks Pictures
13885,Warner Bros. Pictures
13885,The Zanuck Company
13885,Dombey Street Productions
13885,Parkes+MacDonald Production
253,EON Productions
253,United Artists
9477,Jerry Bruckheimer Films
9477,World 2000 Entertainment
9477,Touchstone Pictures
9477,Green Hills Productions
1716513,Gracie Films
1716513,20th Television Animation
1208348,Sight Unseen Pictures
1208348,Domo Arigato Productions
1071640,Emperor Motion Pictures
385128,Original Film
385128,One Race
385128,Perfect Storm Entertainment
385128,Universal Pictures
385128,Roth-Kirschenbaum Films
1700944,Viva Films
9986,Paramount Pictures
9986,The Kerner Entertainment Company
9986,Nickelodeon Movies
9986,Walden Media
9986,KMP Film Invest
6075,Universal Pictures
6075,Epic Productions
6075,Bregman/Baer Productions
10607,Ivory Way Productions
10607,Island Pictures
97370,Film4 Productions
97370,BFI
97370,Nick Wechsler Productions
97370,JW Films
97370,Sigma Films
97370,Silver Reel
97370,Creative Scotland
97370,Seventh Kingdom Productions
10204,Studio Babelsberg
10204,Walden Media
10204,Mostow/Lieberman Productions
10204,80 Days Productions
10204,Spanknyce Films
10204,Fitzwilliam Productions
10204,Walt Disney Pictures
10204,Summit Entertainment
296524,Summit Entertainment
296524,Participant
296524,di Bonaventura Pictures
296524,Closest to the Hole Productions
296524,Leverage Entertainment
296524,TIK Films
296524,Lionsgate
710295,Universal Pictures
710295,Cloak & Co.
710295,Blumhouse Productions
11636,JCE Movies
11636,Emperor Motion Pictures
11636,China Film Group Corporation
317442,Aniplex
317442,Pierrot
317442,Bandai Visual
317442,dentsu
317442,Shueisha
317442,TV Tokyo
13387,Grive Productions
13387,EuropaCorp
13387,TF1 Films Production
13387,Current Entertainment
13387,Apipoulaï Prod
1428,Columbia Pictures
1428,Dimension Films
1428,Troublemaker Studios
899112,87North Productions
899112,Universal Pictures
899112,Original Pictures
284,The Mirisch Company
661539,Veritas Entertainment Group
661539,Range Media Partners
661539,The Picture Company
661539,Turnpike Films
661539,White Water
661539,Searchlight Pictures
661539,TSG Entertainment
1441228,Mythri Movie Makers
9679,Touchstone Pictures
9679,Jerry Bruckheimer Films
69,Mars Media Beteiligungs
69,Tree Line Films
69,Catfish Productions
69,Fox 2000 Pictures
4147,DreamWorks Pictures
4147,20th Century Fox
4147,The Zanuck Company
1259,Fox Searchlight Pictures
1259,DNA Films
1259,UK Film Council
1259,BBC Film
1259,Scott Rudin Productions
1259,Robert Fox Productions
1259,Ingenious Film Partners
446791,Imperative Entertainment
446791,Lotus Production
446791,Redrum Films
446791,Panorama Films
446791,TriStar Pictures
446791,Scott Free Productions
556984,DreamWorks Pictures
556984,Marc Platt Productions
943,Silver Pictures
943,Warner Bros. Pictures
943,St. Petersburg Clearwater Film Commision
283566,khara
9319,Geffen Pictures
9319,Silver Pictures
614934,Warner Bros. Pictures
614934,Bazmark
614934,The Jackal Group
1451078,Pink Elephant Pictures
1451078,Zee Studios
662707,Lucente Filmed Entertainment
4258,Dimension Films
4258,Brad Grey Pictures
68737,Legendary Pictures
68737,Thunder Road
68737,Moving Picture Company
68737,Pendle Mountain Productions
68737,Wigram Productions
68737,Outlaw Sinema
68737,China Film Group Corporation
1588,Universal Pictures
1588,Beacon Pictures
9567,Revolution Studios
9567,Cheyenne Enterprises
9567,Michael Lobell Productions
744653,Amblin Entertainment
744653,Maiden Voyage Pictures
744653,Jennifer Todd Pictures
291870,Covert Media
291870,BillBlock Media
291870,QED International
291870,Josephson Entertainment
291870,Ninjas Runnin' Wild Productions
291870,Taurus Film
291870,Vincent Pictures
291870,Lionsgate
3597,Mandalay Entertainment
3597,Neal H. Moritz Productions
2163,The De Laurentiis Company
2163,Spelling Films
2163,Paramount Pictures
10439,Walt Disney Pictures
10439,Touchwood Pacific Partners 1
10439,David Kirschner Productions
897087,Endurance Media
897087,AGC Studios
897087,Sentient Entertainment
897087,Signature Films
897087,Wideangle Films
897087,Lipsync Productions
61012,Konami
61012,Davis Films
61012,Silent Hill 2 DCP
11005,Parkes/Lasker productions
1498,Orange Sky Golden Harvest
1498,Mirage Studios
1088434,Price Productions II
1088434,Skipstone Pictures
1088434,Millman Productions
1088434,Ron Lee Productions
1088434,Saban Films
1088434,Umbrelic Entertainment
1088434,Edge Code Films
1088434,Focus-Fox Studio
1088434,Satyricon Pictures
1088434,Vibrant Pictures
975511,Picomedia
975511,RAI Cinema
975511,Redwave Films
975511,Heretic
975511,Kabo Films
975511,Marvelous Productions
975511,Ithaca Films
975511,Greek Film Centre
975511,ERT
975511,UK Global Screen Fund
975511,MiC
975511,CNC
241,Warner Bros. Pictures
241,Regency Enterprises
241,Alcor Films
241,Ixtlan Productions
241,New Regency Pictures
241,JD Productions
11045,Robert Simonds Productions
11045,EuropaCorp
11045,20th Century Fox
10014,New Line Cinema
10014,Smart Egg Pictures
10014,Heron Communications
10014,Media Home Entertainment
631842,Blinding Edge Pictures
631842,FilmNation Entertainment
631842,Wishmore
631842,Universal Pictures
634,Universal Pictures
634,StudioCanal
634,Miramax
634,Working Title Films
634,Little Bird
9397,DreamWorks Pictures
9397,Columbia Pictures
9397,The Montecito Picture Company
7214,Paramount Pictures
7214,MTV Films
7214,Tollin/Robbins Productions
7214,Munich Movie Development & Production & Company (MMDP) Projekt 1
165213,Sanai Pictures
165213,Peppermint & Company
165213,Daemyung Culture Factory
165213,Next Entertainment World
165213,kth
165213,Finecut
1309083,Witchcraft Motion Picture Company
1309083,Gentile Entertainment Group
1309083,Mama Bear Studios
1309083,Monarque Entertainment
1309083,Set Point Entertainment
7484,Sony Pictures Animation
7484,Columbia Pictures
14873,DisneyToon Studios
12123,Chicago Pacific Entertainment
12123,20th Century Fox
12123,The Zanuck Company
12123,3 Arts Entertainment
8321,Twins Financing
8321,Blueprint Pictures
8321,Focus Features
8321,Scion Films
8321,Film4 Productions
1832,View Askew Productions
1832,Miramax
1832,Lionsgate
8920,Davis Entertainment
8920,20th Century Fox
37169,Six Entertainment
9593,Oak Productions
9593,Columbia Pictures
9705,Village Roadshow Pictures
9705,Silver Pictures
9705,Jonathan Krane Group
9705,NPV Entertainment
9705,Warner Bros. Pictures
9486,Working Title Films
795514,Clear Horizon Entertainment
795514,SSS Entertainment
10234,Wega Film
10234,ORF
37958,Relativity Media
37958,Virgin Produced
37958,Hollywood Gang Productions
37958,Atmosphere Entertainment MM
37958,Rogue Pictures
1327688,Kapital Entertainment
1327688,Nomadic Pictures
744857,Machaco Films
744857,La Puerta Roja
744857,Aramos Cine
744857,Shudder
744857,Cine Argentino
744857,INCAA
665760,Okofilm Productions
665760,Dinaridi film
1300968,Lionsgate
1300968,Color Force
1300968,about:blank
1300968,Studio Babelsberg
1035048,Lyrical Media
1035048,Grinder Monkey
1035048,John Glenn Entertainment
1035048,Story Ink
581726,di Bonaventura Pictures
581726,Closest to the Hole Productions
581726,Paramount Pictures
581726,New Republic Pictures
581726,Leverage Entertainment
1532610,StudioCanal UK
1532610,Media Res
1532610,House Productions
1532610,Decibel Films
19,UFA
4806,Paramount Pictures
4806,Touchstone Pictures
4806,Interscope Communications
4806,Lakeshore Entertainment
804,Paramount Pictures
72784,Open Road Films
72784,Anonymous Content
267860,Millennium Media
267860,Gramercy Pictures
267860,G-BASE
267860,LHF Film
267860,Nu Boyana Film Studios
11453,Out of the Blue... Entertainment
11453,Columbia Pictures
11453,Happy Madison Productions
394117,Cre Film
394117,Freestyle Picture Company
394117,June Pictures
1010756,Sherbone Media
1010756,Lipsync Productions
1010756,Stream Media
1010756,Fifth Element Productions
1010756,Lionsgate
699,EON Productions
699,United Artists
397567,Lotte Entertainment
397567,Dexter Studios
397567,Realies Pictures
397567,Korean Film Council
397567,Alpha Pictures
397567,kth
397567,Union Investment Partners
134,Touchstone Pictures
134,Universal Pictures
134,StudioCanal
134,Working Title Films
134,Mike Zoss Productions
820609,20th Century Studios
820609,Star Thrower Entertainment
80785,Produções Cine Televisão (PROCITEL)
80785,Atlas International Film
80785,Cena Filmes Ltda.
1411773,Regency Enterprises
1411773,QCODE
1411773,Automatik Entertainment
1411773,Oddfellows Entertainment
1411773,42
1411773,Subzero Film Entertainment
14442,World 2000 Entertainment
14442,Enchanted Productions
1005331,Dylan Clark Productions
1005331,DreamWorks Pictures
490,SF Studios
19543,Stage 6 Films
19543,Hollywood Media Bridge
19543,Castel Film
19543,Syfy
451915,Plan B Entertainment
71672,Summit Entertainment
71672,Constantin Film
71672,20th Century Fox Home Entertainment
71672,Canada Film Capital
556694,FilmNation Entertainment
556694,Elevate Production Finance
556694,Sunac Pictures
556694,Kennedy Miller Mitchell
664413,Ekipa
664413,Future Space
664413,Next Film
664413,TVN
314095,Northern Ireland Screen
314095,Plan B Entertainment
314095,Sierra/Affinity
314095,MICA Entertainment
314095,MadRiver Pictures
314095,Keep Your Head Productions
9614,Universal Pictures
9614,Brillstein-Grey Entertainment
9614,Robert Simonds Productions
338952,Warner Bros. Pictures
338952,Heyday Films
21484,Gaumont
21484,Oliane Productions
21484,Marianne Productions
21484,Soma Film Produktion
514999,Vinson Films
514999,Endgame Entertainment
514999,Tower Hill Entertainment
514999,Denver & Delilah Productions
514999,Happy Madison Productions
4192,Mersham Productions
4192,EMI Films
59859,Marv
59859,Universal Pictures
1602727,Edko Films
1602727,Guava Pictures Limited
1602727,Maoyan Entertainment
964980,Amazon Studios
964980,Skydance Sports
964980,Mandalay Pictures
964980,Artists Equity
964980,Vinik Productions
964980,Puji Films
1752159,Luminant Media
335777,GulfStream Pictures
335777,Redrover
335777,ToonBox Entertainment
335777,Open Road Films
309809,Orange Studio
309809,M6 Films
309809,Lucky Red
309809,LPPTV
309809,On Entertainment
522478,Columbia Pictures
522478,Olive Bridge Entertainment
522478,Animal Logic
522478,MRC
522478,2.0 Entertainment
18360,21 Laps Entertainment
18360,1492 Pictures
18360,Dune Entertainment
18360,20th Century Fox
395990,Metro-Goldwyn-Mayer
395990,Cave 76 Productions
109451,Columbia Pictures
109451,Sony Pictures Animation
7350,Two Ton Films
7350,Zadan / Meron Productions
7350,Reiner / Greisman Productions
308548,UCLA School of Film and Television
846,Ten Thirteen Productions
846,20th Century Fox
613,NDR
613,ORF
613,ARD Degeto
613,EOS Entertainment
613,WDR
613,RAI
613,Constantin Film
9946,Beacon Communications
14784,Googly Films
14784,Absolute Entertainment
14784,RadicalMedia
14784,Tree Top Films
14784,Deep Films
1341137,Sight & Sound Films
1341137,Roadside Attractions
1299655,Detour Filmproduction
1299655,Sony Pictures Classics
1299655,Renovo Media Group
1299655,Wild Atlantic Pictures
1299655,Under the Influence Productions
1299655,Cinetic Media
1299655,Not to Be Seen Productions
1299655,Concord Originals
826510,Davis Entertainment
826510,Columbia Pictures
826510,TSG Entertainment
1267905,Searchlight Pictures
1267905,South of the River Pictures
1267905,SunnyMarch
1267905,Delirious Media
1267905,TSG Entertainment
9411,Turner Pictures
9411,Atlas Entertainment
13494,Millennium Media
13494,Mark Canton Productions
13494,Courtney Solomon Productions
13494,Campbell Grobman Films
274870,Columbia Pictures
274870,Village Roadshow Pictures
274870,Original Film
274870,Company Films
274870,Start Motion Pictures
274870,LStar Capital
274870,Wanda Pictures
1556616,OGM Pictures
437342,Phantom Four
437342,20th Century Studios
856289,Beijing Culture 北京京西文化
856289,Century Changshengtian Film
856289,Tencent Penguin Pictures
856289,Maoyan Entertainment
856289,Huaxia Film Distribution
188222,Closest to the Hole Productions
188222,RatPac Entertainment
188222,Leverage Entertainment
188222,Warner Bros. Pictures
977942,Blumhouse Productions
977942,Supernix
977942,Thank You Pictures
977942,Atomic Monster
977942,Electric Shadow Company
977942,FilmNation Entertainment
10398,Paramount Pictures
10398,MFP Munich Film Partners & Company I. Produktions
57212,DreamWorks Pictures
57212,Reliance Entertainment
57212,Amblin Entertainment
57212,The Kennedy/Marshall Company
442062,Columbia Pictures
442062,Original Film
442062,Scholastic Entertainment
442062,Silvertongue Films
442062,Sony Pictures Animation
13523,Summit Entertainment
13523,Alloy Entertainment
13523,Goldcrest
4234,Dimension Films
4234,Konrad Pictures
4234,Craven-Maddalena Films
1293550,Zee Studios
1293550,Saffron Magicworks
622,R.P. Productions
622,Orly Films
622,Bac Films
622,Kino Visión
622,Origen Producciones Cinematograficas
622,Vía Digital
622,Canal+
622,TF1 Films Production
36095,Daiei Film
36095,Twins Japan
1630,Columbia Pictures
1630,Phoenix Pictures
1630,Ixtlan Productions
1241983,Kamala Films
1241983,Black Bear Pictures
17979,Walt Disney Pictures
17979,ImageMovers Digital
378236,Columbia Pictures
378236,Sony Pictures Animation
378236,LStar Capital
1290879,SISTER
44048,20th Century Fox
44048,Dune Entertainment
44048,Prospect Park
44048,Ingenious Media
44048,Scott Free Productions
44048,Big Screen Entertainment Group
11621,Studio Ghibli
11621,Tokuma Shoten
11621,Nippon Television Network Corporation
11621,Japan Airlines
11621,Japan Airlines Cultural Business Center
1111873,Project X Entertainment
1111873,Radio Silence
1111873,Universal Pictures
1111873,Vinson Films
333669,StudioCanal
333669,Vendôme Pictures
333669,Anonymous Content
333669,Anton Capital Entertainment
333669,Canal+
333669,TF1 Films Production
438650,StudioCanal
438650,Paradox Produksjon
438650,MAS Productions
438650,Summit Entertainment
957119,Great Pacific Media
957119,Thunderbird Entertainment
957119,Wattpad
957119,Marshall Arts Studios
8814,di Bonaventura Pictures
8814,John Wells Productions
8814,Reaper Productions
8814,Stillking Films
8814,Doom Productions
8814,Distant Planet Productions
8814,Babelsberg Film
257088,Studio Babelsberg
257088,Alcon Entertainment
257088,DMG Entertainment
257088,Taylor-Baldecchi-Wimmer
11371,Horseshoe Bay Productions
11371,Paramount Pictures
11371,Mandalay Pictures
11371,CP Medien
11371,MP Film Management
11371,Lee Rich Productions
1125899,Anton
1125899,Qwerty Films
4909,Universal Productions France
4909,Warwick Film Productions
4909,John Woolf Productions
345911,New Line Cinema
345911,Atomic Monster
345911,Grey Matter Productions
345911,RatPac Entertainment
869548,Jogja Film Academy
869548,Aranck Project
570595,Eros Film
340666,Fade To Black
340666,Artina Films
340666,Focus Features
340666,Perfect World Pictures
340666,Tom Ford
347847,Scatena & Rosner Films
347847,Allegra Pictures
635910,Phoenix Pictures
635910,DreamWorks Pictures
635910,Reliance Entertainment
635910,Studio Babelsberg
635910,StoryWorks Productions
635910,Wise Owl Media
1291659,Curiosa Films
1291659,Gaumont
1291659,France 2 Cinéma
1291659,Tribune Pictures
1291659,LB Entertainment
1291659,Jeff Rice Films
1291659,Pierce Capital Entertainment
807172,Universal Pictures
807172,Blumhouse Productions
807172,Morgan Creek Entertainment
807172,Rough House Pictures
253412,Cross Creek Pictures
253412,Working Title Films
253412,Walden Media
253412,RVK Studios
253412,Universal Pictures
253412,Free State Pictures
660,EON Productions
503736,The Stone Quarry
100042,New Line Cinema
100042,Universal Pictures
100042,Conundrum Entertainment
100042,Red Granite Pictures
4553,Castelao Productions
11954,Golan-Globus Productions
11954,Easedram
11954,London-Cannon Films
11954,The Cannon Group
1907,Figment Films
509967,Skydance Media
509967,Bay Films
9594,Stone Group Pictures
9594,Vision International
9594,Columbia Pictures
600583,See-Saw Films
600583,Max Films
600583,Brightstar
600583,New Zealand Film Commission
600583,Cross City Films
600583,BBC Film
600583,Bad Girl Creek
28322,Midia Cinematografica
1581366,Vivamax
60935,Universal Pictures
60935,Morgan Creek Entertainment
60935,Strike Entertainment
842675,Guo Fan Culture and Media
842675,G!Film Studio
842675,DF Pictures
842675,China Film Group Corporation
458428,Video Flims
458428,Vaco Moloco
2268,Depth of Field
2268,New Line Cinema
2268,Scholastic Productions
2268,Ingenious Media
1272149,StudioCanal
1272149,Miramax
1272149,Working Title Films
293767,Bona Film Group
293767,The Ink Factory
293767,Marc Platt Productions
293767,Studio 8
293767,TriStar Pictures
293767,Film4 Productions
293767,LStar Capital
293767,Haishang Films
1409853,Red Sea Media
1409853,Latigo Films
447200,Flynn Picture Company
447200,Legendary Pictures
447200,Seven Bucks Productions
447200,Universal Pictures
9354,Walt Disney Pictures
9354,Silver Screen Partners III
773,Big Beach
773,Bona Fide Productions
1283515,Eat the Cat
1283515,Semi-Formal Productions
1283515,Somewhere Pictures
1283515,Shiny Penny Productions
1283515,Heartbones Entertainment
1283515,Amazon MGM Studios
550205,Sony Pictures Animation
550205,Tencent Pictures
550205,Base Media
550205,Alkay Animation Prague
12207,Orange Sky Golden Harvest
12207,Hong Kong Stuntman Association
12207,Paragon Films
627725,Romulus Entertainment
627725,Hyphenate Films
627725,iAm21 Entertainment
627725,Mad Hatter Entertainment
11565,Big Lou House Productions
11565,Deep River Productions
11565,Firm Films
11565,Runteldat Entertainment
11565,New Regency Pictures
11565,Epsilon Motion Pictures
11565,Ed Friendly Productions
836919,Imagine Documentaries
836919,WildBrain Studios
836919,Imagine Entertainment
836919,Charles M. Schulz Creative Associates
481084,Cinesite Animation
481084,Nitrogen Studios Canada
481084,Bron Studios
481084,Metro-Goldwyn-Mayer
481084,Creative Wealth Media Finance
481084,The Jackal Group
338803,Lotte Entertainment
338803,Soo Film
17899,Tornasol Media
17899,Agrupación de Cine 001 AIE
17899,Castafiore Films
48138,Panda Productions
48138,Dark Castle Entertainment
48138,StudioCanal
48138,TF1 Films Production
48138,Warner Bros. Pictures
48138,Horticus UK
48138,Studio Babelsberg
8874,Zucker Brothers Productions
8874,Predawn Productions
8874,TriStar Pictures
744276,Voltage Pictures
744276,Wattpad
744276,Ethea Entertainment
744276,CalMaple Films
372962,Earth Gate
372962,Fetis
372962,Uziga Works
9619,Pacific Western
9619,Universal Pictures
8697,Orange Sky Golden Harvest
667520,Studio Colorido
667520,Fuji Television Network
667520,Twin Engine
667520,Fuji Creative Corporation
667520,TOHO
667520,KDDI
667520,KADOKAWA
667520,BS Fuji
667520,Dentsu Meitetsu Communications
1743955,Goldhill Home Media
1743955,Atlas Media Corp.
1598,Amblin Entertainment
1598,Cappa Productions
1598,Tribeca Productions
1598,Universal Pictures
357547,Deutsche Film- und Fernsehakademie Berlin (DFFB)
18487,Escape Artists
18487,Columbia Pictures
18487,Relativity Media
18487,Scott Free Productions
18487,Metro-Goldwyn-Mayer
547016,Skydance Media
547016,Denver & Delilah Productions
547016,Marc Evans Productions
71552,Universal Pictures
71552,Practical Pictures
71552,Relativity Media
71552,Zide Pictures
457332,Talent International Media
457332,XYZ Films
457332,长春电影制片厂
457332,Huaxia Film Distribution
457332,Flame Pictures Company
457332,Epitome Capital
457332,Sparkle Roll Media
457332,Tencent Pictures
9522,Avery Pix
9522,New Line Cinema
9522,Tapestry Films
10068,Jonesfilm
10068,Galactic Films
10068,Triple Ajaxxx
10068,PSO
465914,Annapurna Pictures
465914,Plan B Entertainment
465914,PASTEL
1284016,Likely Story
1284016,30WEST
1284016,Fís Éireann/Screen Ireland
1284016,Treasure Entertainment
1284016,Distressed Films
1284016,Media Capital Technologies
8769,Columbia Pictures
8769,Polar Film
263354,Reteitalia
263354,Cecchi Gori Group Tiger Cinematografica
263354,Cinelife
339527,Venture Forth
339527,Grindstone Entertainment Group
339527,Lionsgate Premiere
339527,Eden Rock Media
339527,FilmNation Entertainment
339527,Flynn Picture Company
339527,Silver Reel
339527,Supersensory
339527,Black Maria
23629,Legendary Pictures
23629,Warner Bros. Pictures
23629,Cruel & Unusual Films
256835,Pixar
181283,Summit Entertainment
181283,Worldview Entertainment
181283,Lionsgate
181283,Scott Free Productions
379536,La Sans Sou Cie
1729,Casey Silver Productions
1729,China Film Co-Production
1729,Relativity Media
1729,Lionsgate
1729,The Weinstein Company
1729,Arclight Films
1729,Huayi Brothers Pictures
1729,J&J Project
1729,Salon Films
7516,Universal Pictures
7516,Working Title Films
7516,StudioCanal
7516,Relativity Media
7516,Scion Films
125509,Summit Entertainment
125509,Constantin Film
125509,BUFO
27576,Wintergreen Productions
27576,Columbia Pictures
27576,Relativity Media
27576,di Bonaventura Pictures
13363,Falling Sky Entertainment
1992,Dimension Films
1992,Troublemaker Studios
1992,Rodriguez International Pictures
1017163,BA Entertainment
1017163,Hong Film
1017163,Big Punch Pictures
1017163,ABO Entertainment
12106,TriStar Pictures
12106,Japan Satellite Broadcasting
12106,IndieProd Company Productions
610253,Blumhouse Productions
610253,Miramax
610253,Rough House Pictures
610253,Trancas International Films
1576,Impact Pictures
1576,Davis Films
1576,New Legacy Film
1576,Constantin Film
1278950,Cinemachineshop
1278950,Redbird Entertainment
1278950,Andrew Stevens Entertainment
1278950,MetaFilms
1278950,Baweja Studios
1278950,BondIt Media Capital
1278950,Isro Productions
1278950,IFeelYouFilms
1278950,LB Entertainment
1278950,Jeff Rice Films
1278950,Eyevox
1278950,XYZ Films
9473,Paramount Pictures
9473,Warner Bros. Pictures
9473,Comedy Central
9473,Scott Rudin Productions
9473,Braniff Productions
399170,Fingerprint Releasing
47327,Summit Entertainment
47327,Saturn Films
47327,Nu Image
47327,Michael De Luca Productions
47327,Millennium Media
9341,Paramount Pictures
9341,David Foster Productions
9341,HorsePower Entertainment
9341,Core Productions
9341,LivePlanet
9341,Munich Film Partners New Century & Company (MFP) Core Productions
1645603,Tiki Terrors
10907,Warner Bros. Pictures
10982,Kanbar Entertainment
10982,Kanbar Animation
10982,Blue Yonder Films
1094138,Roth-Kirschenbaum Films
1094138,Feigco Entertainment
1094138,Amazon MGM Studios
1094138,Big Indie Pictures
1333100,MAPPA
1333100,Pony Canyon
460885,SpectreVision
460885,XYZ Films
460885,uMedia
460885,Legion M
460885,Piccadilly Pictures
460885,Wallimage
862163,Big Banner Films
862163,Daya Entertainment
542178,Indian Paintbrush
542178,American Empirical Pictures
542178,Studio Babelsberg
1033148,Excellent Cadaver
1033148,Sikelia Productions
1033148,Black Label Media
50727,Barunson E&A
50727,Sio Film
50727,The Tower Pictures
50727,CJ Entertainment
323260,"Cameron Entertainment Co., Ltd."
323260,Mega-Vision Productions Limited
400160,United Plankton Pictures
400160,Nickelodeon Movies
400160,Paramount Animation
400160,Paramount Pictures
400160,MRC
400160,Mikros Image
400160,Mikros Animation
1443894,Five Films (NZ)
1443894,Stiles Pictures (NZ)
592834,STXfilms
592834,MWM Studios
592834,Good Fear
1633056,Pearl Studio
1633056,CMC Pictures
1633056,Tianjin Maoyan Weiying Culture Media 天津猫眼微影文化传媒
1633056,Shanghai Ruyi Film & TV Production 上海儒意影视制作
1633056,China Film Group Corporation
1633056,Youth Light Film
280180,Don Simpson/Jerry Bruckheimer Films
280180,Eddie Murphy Productions
984,Malpaso Productions
399360,Studio 8
399360,Columbia Pictures
399360,Fosun Pictures
1118031,Nostromo Pictures
10428,Suftley
10428,United Artists
10428,Metro-Goldwyn-Mayer
11283,Metro-Goldwyn-Mayer
11283,Three Strange Angels
11283,Nanny McPhee Productions
11283,Working Title Films
11283,StudioCanal
11283,Universal Pictures
1125510,Basque Films
936245,Studio & New
15370,Studio Ghibli
15370,Mitsubishi
15370,Nippon Television Network Corporation
15370,TOHO
15370,Tokuma Shoten
15370,Hakuhodo
72387,IM Global
72387,Automatik Entertainment
72387,Lawrence Bender Productions
72387,Trigger Street Productions
72387,Reliance Entertainment
72387,Lionsgate
503,Virtual Studios
503,Radiant Productions
503,Next Entertainment
503,Irwin Allen Productions
503,Synthesis Entertainment
503,Warner Bros. Pictures
656908,Monster Mind Creations
656908,Prime Focus Studios
656908,DNEG
544401,AGBO
544401,The Hideaway Entertainment
10897,Universal Pictures
10897,King World Entertainment
10897,Amblin Entertainment
1377676,Yellow Film & TV
458376,Toei Video Company
2757,Columbia Pictures
2757,Propaganda Films
2757,Good Machine
2757,Intermedia
2757,Beverly Detroit Studios
2757,Clinica Estetico
421892,DreamWorks Animation
618162,Overbrook Entertainment
49017,Universal Pictures
49017,Legendary Pictures
49017,Michael De Luca Productions
1627824,Guru Studio
630940,Toei Video Company
6145,M7 Filmproduktion
6145,New Line Cinema
6145,Castle Rock Entertainment
6145,Weinstock Productions
210860,Lionsgate
210860,Mad Chance
210860,Infinitum Nihil
210860,OddLot Entertainment
210860,Huayi Brothers Pictures
210860,MWM Studios
349092,Shintoho Pictures
730028,Mantaray Film
730028,Jonas Gardell Produktion
730028,SVT
730028,ZDF/Arte
923,Dawn Associates
923,Laurel Entertainment
9315,Touchstone Pictures
9315,Imagine Entertainment
334533,Electric City Entertainment
334533,Shivhans Pictures
313534,Avoa Filmes
833425,20th Century Studios
833425,Flitcraft
10404,ERA International
10404,China Film Co-Production
10404,Century Communications
10404,Salon Films
10141,Orion Pictures
41402,Hammer Film Productions
41402,EFTI
41402,Exclusive Media
433808,Entertainment One
433808,The Imaginarium
433808,Sierra/Affinity
446807,Columbia Pictures
446807,Metro-Goldwyn-Mayer
446807,Regency Enterprises
446807,Scott Rudin Productions
446807,The Cantillon Company
446807,Rose Pine Productions
446807,Studio Babelsberg
446807,Yellow Bird UK
3050,20th Century Fox
3050,Davis Entertainment
3050,Joseph M. Singer Entertainment
82700,Columbia Pictures
82700,Overbrook Entertainment
82700,Blinding Edge Pictures
199,Paramount Pictures
1087388,See Pictures
1087388,Align
1087388,Pictures in Paradise
1087388,Cumulus VFX
1087388,Spectrum Films
1087388,Cornerstone Films
1326106,Production I.G
1326106,Shueisha
1326106,TOHO
2064,Caravan Pictures
2064,Hollywood Pictures
1131759,MYM Entertainment
1131759,Realies Pictures
1131759,SmilegateRealies
1131759,The Present Company
4858,Village Roadshow Pictures
4858,Silver Pictures
4858,Vertigo Entertainment
329996,Tim Burton Productions
329996,Walt Disney Pictures
329996,Infinite Detective
329996,Secret Machine Entertainment
62215,Zentropa Entertainments
62215,Memfis Film
62215,Zentropa International Sweden
62215,Slot Machine
62215,Liberator Productions
62215,Zentropa International Köln
62215,DR
62215,Film i Väst
62215,ARTE France Cinéma
1272166,Good Chaos
1272166,Stigma Films
1272166,Nine Hours
51608,Opus Pictures
51608,CJ Entertainment
51608,United Pictures
51608,M-Line Distribution
616820,Universal Pictures
616820,Blumhouse Productions
616820,Miramax
616820,Rough House Pictures
616820,Trancas International Films
576004,Evoke
576004,Cranked Up Films
576004,Fangoria Films
576004,Cinestate
11967,Morgan Creek Entertainment
10228,OLM
10228,Shogakukan Production
10228,TV Tokyo
10228,Pikachu Project '98
10228,Media Factory
10228,Creatures
10228,Nintendo
10228,GAME FREAK
10228,jeki
10228,Shogakukan
10228,Tomy
94329,Celluloid Dreams
94329,PT. Merantau Films
94329,XYZ Films
94329,Stage 6 Films
535292,STXfilms
535292,MWM Studios
535292,Huayi Brothers Pictures
535292,X•Ception Content
535292,AGBO
134374,Paramount Pictures
134374,De Line Pictures
134374,Bay Films
1597,Universal Pictures
1597,DreamWorks Pictures
1597,Nancy Tenenbaum Films
1597,Tribeca Productions
758866,Bitters End
758866,C&I entertainment
758866,Culture Entertainment
758866,nekojarashi
758866,Quaras
758866,Bungeishunju
758866,Nippan Group Holdings
758866,The Asahi Shimbun
758866,L'espace Vision
1704090,French Toast Films
1704090,Muse Entertainment
1704090,No Rushing Pictures
353208,Cinematografica '74
1693400,Fortress Entertainment Group
1693400,Loma Vista Productions
1693400,Popecorn Cinematic Pictures
1321179,BA Entertainment
1321179,Onda Works
13700,Walt Disney Pictures
13700,Walt Disney Feature Animation
451,Initial Productions
451,Lumière Pictures
1064486,Arenamedia
1064486,MIFF Premiere Fund
11824,Wolfkill
9994,Silver Screen Partners II
9994,Walt Disney Pictures
1180831,Motion Blur
657,EON Productions
816,New Line Cinema
816,Capella International
816,Moving Pictures
816,Eric's Boy
816,KC Medien
816,Team Todd
658,EON Productions
658,United Artists
508965,Atresmedia
508965,The SPA Studios
820067,Pony Canyon
820067,Nichion
820067,Bibury Animation Studios
820067,BS11
820067,GYAO
820067,Kodansha
820067,Good Smile Film
820067,Bushiroad
820067,MAGNET
820067,TBS
10774,Metro-Goldwyn-Mayer
774752,Marvel Studios
774752,Kevin Feige Productions
774752,Troll Court Entertainment
4512,Plan B Entertainment
4512,Virtual Studios
4512,Scott Free Productions
4512,Alberta Film Entertainment
4512,Warner Bros. Pictures
3782,TOHO
71578,Instituto Mexicano de Cinematografía
71578,FIDECINE
837881,Plan B Entertainment
837881,Annapurna Pictures
837881,Universal Pictures
96,Eddie Murphy Productions
96,Paramount Pictures
96,Don Simpson/Jerry Bruckheimer Films
8856,Columbia Pictures
8856,Delphi II Productions
795,Atlas Entertainment
795,Regency Enterprises
795,Taurus Film
795,Warner Bros. Pictures
345938,Summit Entertainment
345938,Netter Productions
345938,TIK Films
345938,Lionsgate
342473,Main Journey
342473,Caramel Films
342473,Quad Productions
342473,L'Atelier Animation
342473,Gaumont
342473,M6 Films
1634,Warner Bros. Pictures
1634,Le Studio Canal+
1634,Regency Enterprises
1634,Alcor Films
1634,Donner/Shuler-Donner Productions
347375,STXfilms
347375,Closest to the Hole Productions
347375,Film 44
347375,The Hideaway Entertainment
347375,Huayi Brothers Pictures
347375,Tang Media Productions
347375,Leverage Entertainment
9313,United Artists
9313,Metro-Goldwyn-Mayer
9313,The Ladd Company
9313,UAC
1913,Sogecine
1913,Himenóptero
1913,UGC
1913,Eyescreen
57201,Walt Disney Pictures
57201,Jerry Bruckheimer Films
57201,Infinitum Nihil
57201,Blind Wink
617,Mandalay Entertainment
11827,Canadian Film Development Corporation
11827,Guardian Trust Company
11827,Famous Players
11827,Potterton Productions
11827,Columbia Pictures
1368881,3dot Productions
1368881,Netflix
82703,Pacific Data Images
82703,DreamWorks Animation
82703,Bullwinkle Studios
9559,Malpaso Productions
9559,Warner Bros. Pictures
24803,Columbia Pictures
24803,Easy There Tiger Productions
24803,Amy Robinson Productions
24803,Laurence Mark Productions
639,Castle Rock Entertainment
639,Nelson Entertainment
9631,Regency Enterprises
9631,Mandeville Films
9631,Taurus Film
1000837,VideoFilmes
1000837,MACT Productions
1000837,RT Features
1000837,ARTE France Cinéma
1000837,Conspiração Filmes
1000837,Globoplay
9326,SLM Production Group
9326,Nina Saxon Film Design
9326,El Corazon Producciones S.A.
9326,20th Century Fox
9312,New Line Cinema
9312,Threshold Entertainment
1196470,M.E.S. Productions
1196470,Monkey Pack Films
1196470,C8 Films
58431,Handsomecharlie Films
58431,Cross Creek Pictures
58431,Panorama Media
58431,QC Entertainment
58431,MadRiver Pictures
58431,Allison Shearmur Productions
58431,Head Gear Films
58431,PPZ Holdings
58431,Sierra/Affinity
58431,Screen Gems
858,TriStar Pictures
23398,Fox 2000 Pictures
23398,Bagdasarian Productions
23398,Regency Enterprises
23398,20th Century Fox
23398,Dune Entertainment
170687,LAIKA
995133,NoneMore Productions
995133,Bad Robot
995133,BBC
3112,Paul Gregory Productions
3112,United Artists
507244,Endurance Media
507244,Original Film
507244,Dogbone Entertainment
507244,Lipsync Productions
9444,Fox Animation Studios
9444,20th Century Fox
186,FilmEngine
186,Capitol Films
186,Ascendant Pictures
186,VIP Medienfonds 4
186,Lucky Number Slevin Productions Inc.
186,The Complex
186,Don Carmody Productions
186,The Weinstein Company
87516,40 Acres and a Mule Filmworks
87516,Vertigo Entertainment
87516,Good Universe
87516,FilmDistrict
1752122,My Own Backyard Films
567189,Weed Road Pictures
567189,Outlier Society
567189,The Saw Mill
567189,Paramount Pictures
567189,New Republic Pictures
567189,Skydance Media
1097870,Paramount Pictures
1097870,Farrelly Brothers
1097870,Kraymation Films
479718,Hong Film
479718,BA Entertainment
55,Altavista Films
55,Zeta Film
164,Paramount Pictures
164,Jurow-Shepherd
218043,Stoney Lake Entertainment
425001,Marro Films
425001,EFO Films
425001,Tri G
425001,West Madison Entertainment
10054,Troublemaker Studios
10054,Dimension Films
10054,Miramax
455980,Broken Road Productions
455980,New Line Cinema
928344,Tango Entertainment
928344,Funny or Die
928344,Ear Booker Productions
928344,Famous Andy's
614560,Netflix International Pictures
533514,Kyoto Animation
533514,ABC Animation
533514,Pony Canyon
533514,Bandai Namco Arts
533514,Rakuonsha
46581,Argos films
46581,Syn-Frank Enterprises
8584,Touchstone Pictures
8584,Spyglass Entertainment
8584,Birnbaum/Barber Productions
8584,JCE Movies
409,Miramax
409,The Saul Zaentz Company
409,Tiger Moth Productions
77174,LAIKA
24253,Nordisk Film Denmark
24253,ZDF
24253,Film Capital Stockholm
24253,Spiltan Underhållning
24253,Svenska Filminstitutet
24253,SVT
24253,Film i Väst
2291,Carolco Pictures
1324842,Kavithalayaa Productions
9610,The De Laurentiis Company
9610,Pressman Film
470,This is that
470,Y Productions
470,Focus Features
460793,Walt Disney Animation Studios
11932,Universal Pictures
11932,Midwinter Productions Inc.
11932,David Kirschner Productions
302699,New Line Cinema
302699,Bluegrass Films
302699,RatPac Entertainment
302699,Principato-Young Entertainment
302699,Perfect World Pictures
456740,Campbell Grobman Films
456740,Dark Horse Entertainment
456740,Millennium Media
456740,Boyana Film Studios
456740,Lawrence Gordon Productions
456740,Lloyd Levin Productions
456740,Davis Films
456740,Summit Entertainment
532408,21 Laps Entertainment
532408,20th Century Studios
1627792,Vivamax
87818,Witness Protection Films
87818,Relativity Media
87818,Virgin Produced
87818,GreeneStreet Films
87818,Wessler Entertainment
77931,NeoReel
77931,Columbia Pictures
77931,Sony Pictures Animation
77931,Hemisphere Media Capital
77931,The Kerner Entertainment Company
376865,Andrew Lauren Productions
376865,Pandora Film
376865,Alcatraz Films
376865,The Apocalypse Films
376865,Madants
376865,Match&Spark
87421,One Race
87421,Riddick Canada Productions
87421,Radar Pictures
87421,Universal Pictures
1217584,Bowfinger
1217584,Atresmedia Cine
1217584,Amiguetes Entertainment
1724072,Acid Flicks Pty Ltd
9378,Warner Bros. Pictures
9378,Columbia Pictures
9378,Dark Castle Entertainment
1241470,Roosevelt Film Lab
1241470,Denton Film
1241470,Burning Tractor
646389,MadRiver Pictures
646389,di Bonaventura Pictures
646389,G-BASE
646389,Olive Hill Media
646389,Riverstone Pictures
9316,Baa-Ram-Ewe
9316,Sahamongkolfilm
9316,EuropaCorp
9316,Golden Network Asia
491584,Pinehouse Film
491584,NOWFILM
491584,NHK
195589,Good Universe
195589,Universal Pictures
195589,Point Grey Pictures
18501,Lakeshore Entertainment
18501,Taurus Film
18501,Vincent Pictures
18501,Lionsgate
192,Cristaldifilm
192,Les Films Ariane
192,ZDF
192,RAI
192,Constantin Film
261776,Twins Latin Films
261776,TLA Releasing
420808,Walt Disney Pictures
420808,Whitaker Entertainment
49520,Universal Pictures
49520,Relativity Media
49520,Original Film
49520,Big Kid Pictures
560057,Netflix
1079485,Jagged Edge Productions
1079485,ITN Distribution
23169,Summit Entertainment
1422562,Studio365
1422562,A24
1422562,Atlantic Records
1422562,Good World
1422562,2AM
1139829,DreamWorks Animation
1364958,Entertain ME
11199,Touchstone Pictures
11199,Wild Hogs Productions
645886,GK Films
645886,Fortis Films
645886,Construction Film
645886,Red Production Company
366672,Flying Tigers Entertainment
366672,Aniventure
366672,HB Wink Animation
366672,Cinesite Animation
366672,Align
366672,GFM Animation
366672,Mass Animation
366672,Blazing Productions
366672,Brooksfilms
693,Universal Pictures
693,DreamWorks Pictures
693,Tribeca Productions
693,Everyman Pictures
693,Nancy Tenenbaum Films
628900,Thunder Road
628900,30WEST
628900,STXfilms
628900,Ingenious Media
628900,Icon Films
1161617,Wayfarer Studios
1161617,Circle of Confusion
1161617,Electro Corduroy Entertainment
1161617,Realdream
1161617,Silver Hearts Productions
10327,Metro-Goldwyn-Mayer
10327,Marc Platt Productions
10327,Type A Films
9907,O Entertainment
9907,Nickelodeon Movies
9907,Paramount Pictures
9907,Kumar Mobiliengesellschaft mbH & Co. Projekt Nr. 2
17609,Zentropa Entertainments
17609,Slot Machine
17609,Memfis Film
17609,Zentropa International Köln
17609,Trollhättan Film
17609,Lucky Red
17609,Zentropa International Poland
17609,DR
17609,ARTE France Cinéma
17609,Film i Väst
17609,SVT
17609,Groupe Grand Accord
17609,Liberator Productions
17609,ZDF/Arte
2899,Pathé
2899,La Petite Reine
2899,Katharina
2899,Renn Productions
2899,TF1 Films Production
2899,Chez Wam
2899,CP Medien
2899,KC Medien
434203,Lost City
434203,Seville International
434203,Scott Free Productions
1431068,Applause Entertainment
1431068,Window Seat Films
1431068,Birla Studios
1584072,Media Connections Film
20048,Touchstone Pictures
20048,Jerry Bruckheimer Films
1160360,A24
1160360,Central Pictures
1160360,Fat City
1160360,Bronxburgh
1456349,Jafar Panahi Productions
1456349,Les Films Pelléas
1456349,Bidibul Productions
1456349,Pio & Co
1456349,ARTE France Cinéma
537061,Cartoon Network Studios
19901,Lionsgate
19901,Pictures in Paradise
19901,Pacific Film and Television Commission
19901,Furst Films
19901,Australian Film Finance Corporation
708,EON Productions
708,United Artists
1443,American Zoetrope
1443,Muse Productions
1443,Eternity Pictures
9408,Columbia Pictures
9408,Sony Pictures Animation
14411,DreamWorks Animation
14411,DreamWorks Pictures
3563,Universal Pictures
3563,Relativity Media
3563,Happy Madison Productions
3563,Shady Acres Entertainment
802,Seven Arts Productions
802,Harris Kubrick Pictures
802,"A.A. Productions, Ltd."
802,Anya Pictures
802,Transworld Pictures
22947,Paramount Pictures
22947,DreamWorks Pictures
22947,Cold Spring Pictures
22947,The Montecito Picture Company
22947,Rickshaw Productions
22947,Right of Way Films
474395,Warner Bros. Animation
474395,DC Entertainment
1214140,Gorylah Pictures
1214140,SC Films International
1214140,Zhao Wei Films
1214140,Tigon Pictures
1214140,Yaman Films
1214140,Splendid Film
1214140,Amasia Entertainment
1214140,Causeway Media Productions
1214140,Onle Pte Ltd
1214140,S'YA Concept
398181,Why Not Productions
398181,Film4 Productions
398181,Sixteen Films
274167,Paramount Pictures
274167,Gary Sanchez Productions
274167,Red Granite Pictures
2280,American Entertainment Partners II L.P.
2280,Gracie Films
2280,20th Century Fox
9598,Universal Pictures
9598,Kennedy Miller Productions
355547,Franklin Entertainment
355547,Sony Pictures Animation
355547,Columbia Pictures
355547,The Jim Henson Company
355547,Walden Media
355547,Affirm Films
371893,Hene Film
258230,River Road Entertainment
258230,Participant
258230,Apaches Films
258230,La Trini
258230,A Monster Calls
258230,Telecinco Cinema
8068,Columbia Pictures
8068,Los Hooligans Productions
15019,Bauer Martinez Studios
15019,Templar Production
15019,Lucky 7 Productions
15019,Formula Films
15019,The Weinstein Company
1633263,Viva Films
791523,LAIKA
76640,di Bonaventura Pictures
76640,CJ Entertainment
76640,Lionsgate
1048241,STXfilms
1048241,MWM Studios
1048241,Good Fear
1048241,Dogbone Entertainment
1083862,Capcom
1083862,Quebico
1083862,Sony Pictures
1083862,Sammy
1083862,Robot Communications
1083862,KADOKAWA
1083862,TMS Entertainment
49021,Open Road Films
49021,Current Entertainment
49021,Omnilab Media
49021,Ambience Entertainment
49021,International Traders
49021,Sighvatsson Films
49021,Palomar Pictures
49021,Film Victoria
49021,Wales Creative IP Fund
49021,Agora Films
49021,Mascot Pictures Wales
10214,New Line Cinema
10214,Kumar Mobiliengesellschaft mbH & Co. Projekt Nr. 1
10214,Dark Horse Entertainment
10214,Radar Pictures
10312,Universal Pictures
10312,Bungalow 78 Productions
10312,Blue Wolf
10312,Farrell/Minoff
632357,Ghost House Pictures
632357,Screen Gems
9398,Paramount Pictures
9398,Village Roadshow Pictures
9398,VH1 Films
9398,NPV Entertainment
9398,Scott Rudin Productions
9398,Red Hour
11583,United Artists
11583,Starling Films
11459,Max Stronghold Productions Inc.
11459,Walt Disney Pictures
11459,Gunn Films
207947,Nikkatsu Corporation
823482,A24
823482,Square Peg
823482,Saturn Films
9285,DreamWorks Pictures
9285,The Montecito Picture Company
1236470,Blumhouse Productions
1236470,Comet Pictures
1236470,Apple Studios
389015,LuckyChap Entertainment
389015,Clubhouse Pictures
1326891,Mini Studios
1326891,The Show People
492,Propaganda Films
492,Single Cell Pictures
492,Gramercy Pictures
581389,Bidangil Pictures
581389,Merry Christmas
10648,Warner Bros. Pictures
10648,Malpaso Productions
152532,Truth Entertainment
152532,Voltage Pictures
152532,CE
152532,Evolution Independent
152532,R² Films
152532,Rainmaker Films
13455,Summit Entertainment
13455,Icon Productions
13455,Infinity Features
258480,Killer Films
258480,Number 9 Films
258480,Film4 Productions
258480,Dirty Films
847,Lucasfilm Ltd.
847,Imagine Entertainment
1479832,Sun Pictures
1479832,G Squad (IN)
431,Cube Libre
431,The Feature Film Project
1691,Next Entertainment
1691,Screen Gems
1691,Lionsgate
1691,Raw Nerve
1691,International Production Company
323675,Reel Chefs Catering
323675,Universal Pictures
323675,Will Packer Productions
323675,Cube Vision
681,EON Productions
681,United Artists
1288220,Greenmachine Films
1288220,Foothill Productions
1288220,Whiskey Stream Films
1288220,Steak & Rosé
1288220,5X Media
1288220,Wooden Trailer Productions
1288220,3DMC
1288220,Ratan Films
1288220,Spirit Pictures
1288220,Lasutra Pictures
1288220,Mirador Pictures
511987,Raimi Productions
511987,Fire Axe Pictures
511987,Serbia Creates Film
511987,Paramount Pictures
1492640,MRC
1492640,2.0 Entertainment
280996,FilmNation Entertainment
280996,BBC Film
280996,See-Saw Films
280996,Archer Gray
280996,AI Film
280996,Miramax
1168719,Pandora Film
1168719,Galatée Films
1168719,Inforg-M&M Film
1168719,Rediance
1168719,ZDF/Arte
1168719,ARTE France Cinéma
1168719,Allons Voir
22164,Remarkable Films
22164,Michael Mailer Films
955555,Big Punch Pictures
955555,Hong Film
955555,BA Entertainment
17111,GMM Pictures Co.
17111,GMM Tai Hub (GTH)
586707,Lionsgate
586707,Sprockefeller Pictures
586707,Wildfire Pictures
1147416,ZAG Entertainment
1147416,Method Animation
961268,Climax Studios
1375,United Artists
1375,Metro-Goldwyn-Mayer
1375,Chartoff Productions
1375,Winkler Films
9343,Werner Herzog Filmproduktion
9343,Pro-ject Filmproduktion
9343,ZDF
9343,Wildlife Films Peru
9343,Filmverlag der Autoren
811703,BBC Studios Natural History Unit
1266798,Chi-Fou-Mi Productions
1266798,Artémis Productions
1266798,StudioCanal
1266798,France 2 Cinéma
1266798,Shelter Prod
1266798,Jim Films
1266798,Taxshelter.be & ING
8488,Columbia Pictures
8488,Overbrook Entertainment
1424965,A Xanaheim Original
1424965,Inkas Film & T.V. Productions
1424965,Whatevergroup
664236,China Lion Entertainment Production
664236,HB Wink Animation
664236,Timeless Films
664236,Tolerable Entertainment
664236,Huayi Brothers Pictures
133805,Misher Films
133805,Screen Gems
133805,Metro-Goldwyn-Mayer
1075175,Film4 Productions
1075175,mk2 Films
1075175,Metrol Technology
1075175,uMedia
1075175,Wild Swim Films
1075175,Heretic
1075175,Head Gear Films
1195506,Safehouse Pictures
1195506,Paramount Pictures
1195506,Infrared Pictures
1195506,Domain Entertainment
1195506,Circle Management + Production
13971,Working Title Films
13971,StudioCanal
13971,Universal Pictures
1646,Double Feature Films
1646,Jersey Films
1646,Kernos
585032,Inchang Film
10357,20th Century Fox
10357,Fox 2000 Pictures
10357,Donner/Shuler-Donner Productions
10357,Neal H. Moritz Productions
23056,CinéGroupe
23056,Anima Kids
23056,Bren Entertainment
23056,France 2 Cinéma
23056,Filmax Animation
23056,Filmax
23056,Canal+
23056,Téléfilm Canada
23056,CNC
23056,Vía Digital
23056,Castelao Productions
11906,Seda Spettacoli
339692,DirecTV
339692,Bold Films
339692,Participant
339692,Relativity Media
1405338,Netflix
1405338,AMUSE
1405338,Digital Frontier
105819,Panasia Films
70670,Nordisk Film Denmark
70670,Yellow Bird
70670,Friland
70670,TV 2
70670,SVT
70670,DR
70670,Norsk Filminstitutt
70670,Nordisk Film & TV Fond
70670,ARD Degeto
593,Unit Four
593,Creative Unit of Writers & Cinema Workers
593,Mosfilm
646683,Miramax
646683,Outerbanks Entertainment
921,Universal Pictures
921,Miramax
921,Imagine Entertainment
921,Parkway Productions
921,Brian Grazer Productions
520758,Aardman
846433,Born to Burn Films
846433,Millennium Media
8065,Columbia Pictures
8065,Relativity Media
8065,Michael De Luca Productions
8065,Trigger Street Productions
3114,Warner Bros. Pictures
3114,C.V. Whitney Pictures
785542,BBC Film
785542,Screen Scotland
785542,MBK Productions
785542,Brock Media
785542,Arcade Pictures
785542,Weydemann Bros.
785542,StudioCanal
785542,Stage 6 Films
536437,Studio 8
536437,Solstice Studios
536437,Ingenious Media
536437,Double R Productions
642,Campanile Productions
642,20th Century Fox
642,George Roy Hill-Paul Monash Production
642,Newman-Foreman Company
11319,Walt Disney Productions
51162,Walt Disney Animation Studios
10779,WingNut Films
10779,Universal Pictures
303991,Sidney Kimmel Entertainment
303991,Mr. Mudd
303991,Black Label Media
303991,Sierra/Affinity
1016084,Zapruder Films
1016084,Rhombus Media
1016084,XYZ Films
1016084,IPR.VC
1016084,Canada Media Fund | Fonds des médias du Canada
601666,STXfilms
601666,Black Bear Pictures
601666,Crimple Beck
531309,Troll Court Entertainment
531309,Screen Gems
531309,Stage 6 Films
531309,The H Collective
9036,Walt Disney Pictures
9036,Spyglass Entertainment
9036,Mandeville Films
9036,The Kennedy/Marshall Company
9036,Winking Productions
9036,Survival Productions
4442,Summit Entertainment
4442,Atlas Entertainment
4442,Mosaic Media Group
4442,Dimension Films
4442,Metro-Goldwyn-Mayer
4442,Daniel Bobker Productions
71859,BBC Film
71859,Independent
71859,Footprint Investment
71859,Peccadillo Pictures
71859,Lipsync Productions
71859,Rockinghorse Films
71859,Artina Films
71859,Caemhan
71859,Panaramic
71859,Beryl Betty
71859,Atlantic Swiss Productions
71859,UK Film Council
980026,Zentropa International Berlin
980026,Zentropa International Sweden
980026,Zentropa Entertainments
1104845,Nickelodeon Movies
33217,Dayday Films
33217,Color Force
33217,Dune Entertainment
33217,Fox 2000 Pictures
334543,The Weinstein Company
334543,See-Saw Films
334543,Screen Australia
334543,Aquarius Films
334543,Sunstar Entertainment
9913,Universal Pictures
9913,MFPV Film
9913,Double Feature Films
9913,ShadowCatcher Entertainment
9913,Daniel Bobker Productions
9913,Brick Dust Productions LLC
1401778,Altitude Film Sales
1401778,Head Gear Films
1401778,Metrol Technology
1401778,Altitude Film Entertainment
1401778,Enderby Entertainment
1401778,Phiphen Pictures
257445,Original Film
257445,Scholastic Entertainment
257445,Columbia Pictures
257445,Village Roadshow Pictures
257445,Sony Pictures Animation
1228834,Astral Future
1228834,Dreamtime Entertainment
1228834,Oakhurst Entertainment
1228834,BondIt Media Capital
1228834,Latigo Films
1228834,Blue Rider Pictures
1228834,Rabbits Black
1228834,Thomasville Pictures
1228834,Eyevox Entertainment
2039,Star Partners
2039,Metro-Goldwyn-Mayer
2039,Patrick Palmer & Norman Jewison Productions
11237,Middle Fork Productions
11237,Screen Gems
11237,Columbia Pictures
3509,Warner Independent Pictures
3509,Thousand Words
3509,Detour Filmproduction
3509,Section Eight
3509,3 Arts Entertainment
3034,Crossbow Productions
3034,Gruskoff/Venture Films
3034,Jouer Limited
440021,Vesuvius Productions
440021,Blumhouse Productions
440021,Digital Riot Media
440021,Universal Pictures
1049471,Apple Studios
1049471,Strong Baby Productions
77016,5150 Action
77016,Exclusive Media
77016,Hedge Fund Film Partners
77016,Crave Films
77016,Knightsbridge Entertainment
77016,Le Grisbi Productions
77016,Emmett/Furla Films
791177,Frenesy Film
791177,Per Capita Productions
791177,MeMo Films
791177,The Apartment Pictures
791177,3 Marys Entertainment
791177,Tenderstories
791177,Elafilm
1381,Regency Enterprises
1381,Protozoa Pictures
1381,New Regency Pictures
1381,Warner Bros. Pictures
11667,Capcom
11667,Universal Pictures
11667,Pressman Film
11667,Film Queensland
11667,Salon Films
416477,FilmNation Entertainment
416477,Apatow Productions
416477,Story Ink
641,Artisan Entertainment
641,Thousand Words
641,Protozoa Pictures
641,Industry Entertainment Partners
641,Bandeira Entertainment
2022,Columbia Pictures
2022,New Line Cinema
2022,Happy Madison Productions
2022,Out of the Blue... Entertainment
7347,Universal Pictures do Brasil
7347,The Weinstein Company
7347,Zazen Produções
7347,Estúdios Mega
7347,Quanta Centro de Produções Cinematográficas
7347,Costa Films
7347,Posto 9
7347,Feijão Filmes
7347,Petrobras
569547,House of Tomorrow
579583,Universal Pictures
579583,Apatow Productions
1484573,LETHAL CRYSIS
1484573,Feral Stories
17379,Paramount Pictures
17379,ImageMovers
17379,Laurence Mark Productions
10950,New Line Cinema
10950,Bedford Falls Productions
10950,"Red Fish, Blue Fish Films"
10950,"Sam"" Productions"
1155281,上海摩天之眼文化传媒有限公司
1155281,Beijing Culture 北京京西文化
1155281,Century Changshengtian Film
1155281,Alibaba Pictures Group
1155281,Huaxia Film Distribution
1155281,东阳浦天影视文化有限公司
9651,Artistry
9651,Alexander and Ilya Salkind Productions
37137,Paramount Pictures
1352874,Equalize Entertainment
458576,Capcom
458576,Constantin Film
458576,Tencent Pictures
458576,TOHO
458576,AB² Digital Pictures
540901,Gloria Sanchez Productions
540901,Nuyorican Productions
540901,Annapurna Pictures
540901,STXfilms
86838,BFI
86838,Blueprint Pictures
86838,Film4 Productions
86838,HanWay Films
86838,CBS Films
10521,Fox 2000 Pictures
10521,Regency Enterprises
10521,New Regency Pictures
10521,Birdie Productions
71668,Dimension Films
71668,Mark Canton Productions
71668,Intellectual Properties Worldwide
2623,Paramount Pictures
2623,Lorimar Motion Pictures
8978,Rogue Pictures
8978,Why Not Productions
8978,Liaison Films
8978,Biscayne Pictures
8978,Don Carmody Productions
11622,Midnight Sun Pictures
11622,New Line Cinema
11622,Forge
30157,UGC
30157,American Playhouse
30157,La Sept Cinéma
30157,Zenith Entertainment
30157,True Fiction Pictures
30157,Film4 Productions
212459,DMM Films
212459,Prada Films
1103434,Sibú Films
9600,Regency Enterprises
9600,20th Century Fox
9600,Taurus Film
13688,Star Overseas
13688,Beijing Film Studio
13688,Columbia Pictures
13688,China Film Group Corporation
11015,Mutual Film Company
11015,Paramount Pictures
11015,TOHO-TOWA
11015,Pacific Western
11015,PolyGram Filmed Entertainment
11015,Marubeni
11015,BBC
11015,Tele München
11451,Walt Disney Pictures
11451,Robert Simonds Productions
776305,Studio Chizu
776305,Nippon Television Network Corporation
776305,dentsu
776305,TOHO
776305,KADOKAWA
776305,Hakuhodo DY Media Partners
776305,Yomiuri Telecasting Corporation
776305,BookWalker
776305,NTT Docomo
776305,Lawson Entertainment
776305,Yomiuri Shimbun Company
776305,movic
1297446,Tideline Entertainment
1297446,Mountain Top Pictures
1654313,Polygon Pictures
11186,Universal Pictures
11186,David Kirschner Productions
9833,Odyssey Entertainment
9833,Scion Films
9833,The Really Useful Group
108258,Signboard Hill Productions
9289,Darryl F. Zanuck Productions
9289,20th Century Fox
11249,David Kirschner Productions
11249,La Sienega Productions
9778,Tapestry Films
9778,Miramax
9778,Simon Fields Productions
11212,20th Century Fox
11212,Hughes Entertainment
12201,Icon Productions
12201,GK Films
12201,BBC Film
12201,Warner Bros. Pictures
325133,Perfect World Pictures
325133,Point Grey Pictures
325133,Good Universe
325133,Universal Pictures
475,Tatira-Hiller Productions
475,Warner Bros.-Seven Arts
2001,2929 Productions
2001,Nick Wechsler Productions
517909,Anonymous Content
517909,Topic Studios
517909,Sugar23
517909,Grey Matter Productions
609,Metro-Goldwyn-Mayer
609,SLM Production Group
97,Lisberger/Kushner Productions
97,Walt Disney Productions
11527,Orion Pictures
11527,Cinema 84
18126,It's a Laugh Productions
18126,Millar Gough Ink
18126,Walt Disney Pictures
10003,Paramount Pictures
10003,Rysher Entertainment
10003,Mace Neufeld Productions
10003,Studio Trite
10098,Charles Chaplin Productions
210203,Ciné Qua Non
581734,Cor Cordium Productions
581734,Hear/Say Productions
581734,Highwayman Films
55931,Warner Bros. Pictures
55931,Village Roadshow Pictures
55931,Silver Pictures
55931,Square USA
55931,STUDIO4℃
55931,Madhouse
55931,D N A
481848,3 Arts Entertainment
481848,20th Century Studios
481848,TSG Entertainment
15301,Warner Bros. Pictures
15301,Amblin Entertainment
252838,Screen Gems
252838,LStar Capital
252838,Miramax
252838,Will Packer Productions
8456,Summit Entertainment
8456,Mandalay Pictures
8456,Baumgarten Management and Productions (BMP)
8456,Mandalay Independent Pictures
1182047,Gidden Media
1182047,Head Gear Films
1182047,Metrol Technology
1182047,Scythia Films
1182047,Profile Pictures
1182047,Tailored Films
1182047,Film Institute
1182047,Film i Väst
1182047,Fís Éireann/Screen Ireland
1182047,RocketScience
1182047,LB Entertainment
1182047,AC Films
1182047,Rich Spirit
1182047,Wild 7 Films
1182047,Red Apple Productions
1182047,ScreenReleases
154,Paramount Pictures
663870,Zentropa International Sweden
663870,Zentropa Entertainments
663870,Film i Väst
8470,Evolution Entertainment
8470,New Line Cinema
8470,Burg/Koules Productions
47964,Mid Atlantic Films
47964,Ingenious Media
47964,Dune Entertainment
47964,Big Screen Productions
47964,Temple Hill Entertainment
47964,TSG Entertainment
47964,Giant Pictures
47964,Origo Film Group
47964,20th Century Fox
1107166,New Regency Pictures
1107166,Vertigo Entertainment
1107166,Constantin Film
1107166,Regency Enterprises
1592203,Triangledrama
1592203,Unlimited Stories
11675,Dimension Films
11675,Nightfall Productions
11675,Trancas International Films
11675,Miramax
196867,Marcy Media
196867,Columbia Pictures
196867,Olive Bridge Entertainment
196867,Overbrook Entertainment
1688804,Imagine Documentaries
1688804,Moxie Films
823452,Smokehouse Pictures
823452,Spyglass Media Group
823452,Amazon MGM Studios
1392796,Walt Disney Pictures
1392796,Bardel Entertainment
9322,Gaumont
9322,Cecchi Gori Group Tiger Cinematografica
9322,Les Films du Loup
9322,Tiger Cinematografica
83899,Snoot Entertainment
83899,HanWay Films
1746787,Sine Sinati
1746787,Hagdanan Productions
850165,House Productions
850165,BBC Film
850165,A24
850165,Access Entertainment
1109505,Ghion Film Production
1109505,Eliana Film Production
602269,Warner Bros. Pictures
602269,Gran Via Productions
9407,Metro-Goldwyn-Mayer
9407,The Avnet/Kerner Company
1057491,SSB Films
1057491,Okko
1476682,Likely Story
1476682,Oval-5
1476682,Ling Light Times Media
1476682,Align
1476682,A Hot Dog
14926,GreeneStreet Films
14926,Metro-Goldwyn-Mayer
424781,Cinereach
424781,Significant Productions
424781,MACRO
424781,MNM Creative
424781,The Space Program
3558,Red Wagon Entertainment
3558,Columbia Pictures
8843,Caro-McLeod
8843,Katira Productions
8843,New Line Cinema
8843,Avery Pix
8843,RadicalMedia
1293167,Archstone Entertainment
1293167,BondIt Media Capital
1293167,Buffalo 8
1293167,Primal Empire Studios
6964,Columbia Pictures
6964,Warner Bros. Pictures
6964,Waverly Films
18892,Crossroads Films
18892,TriStar Pictures
18892,Kramer-Tornell Productions
18892,Film Kitchen
1636,KirchMedia
1636,Regency Enterprises
1636,Taurus Film
1636,20th Century Fox
150,Paramount Pictures
150,Lawrence Gordon Productions
150,Silver Pictures
207933,Icon Productions
207933,Sobini Films
9954,Screen Gems
9954,Lakeshore Entertainment
9954,Sandstorm Films
9876,Universal Pictures
9876,Northern Lights Entertainment
2043,Paramount Pictures
2043,David Brown Productions
2043,Phase 1 Productions
2043,Revelations Entertainment
1946,Alliance Atlantis
1946,Serendipity Point Films
1946,Natural Nylon Entertainment
306,Eddie Murphy Productions
306,Mace Neufeld Productions
306,Robert Rehme Productions
306,Paramount Pictures
10514,Robert Wise Productions
336882,Fantefilm
336882,Film i Väst
336882,Tre Vänner
891699,Thunder Road
891699,Capstone Group
891699,A Better Tomorrow Films
891699,Lionsgate
6950,Kopelson Entertainment
6950,Arnold Kopelson Productions
6950,Punch Productions
6950,Warner Bros. Pictures
1844,Fountainbridge Films
1844,Regency Enterprises
1741598,Instituto Superior de Cine y Artes Audiovisuales de Santa Fe
554230,Endeavor Content
554230,Samuel Marshall Productions
554230,Media Finance Capital
554230,Faliro House Productions
554230,Pie Films
43593,Atmosphere Entertainment MM
43593,Chako Film Company
43593,Dimension Films
43593,Aja / Levasseur Productions
313922,filmscience
313922,Broad Green Pictures
9350,Carolco Pictures
9350,Le Studio Canal+
9350,Pioneer
9350,RCS Video
11808,Kopelson Entertainment
11808,Warner Bros. Pictures
1725,Seven Arts Productions
1725,The Mirisch Company
1725,Robert Wise Productions
402897,Gaumont
402897,Quad Productions
402897,Main Journey
402897,France 3 Cinéma
402897,La Compagnie Cinématographique
402897,Panache Productions
402897,AFPI
402897,Title Media
402897,Free Range Films
1588860,Vivamax
1588860,PCB Productions
9349,Carolco Pictures
9349,IndieProd Company Productions
9349,Centropolis Entertainment
19959,Wintergreen Productions
19959,Touchstone Pictures
19959,Mandeville Films
19959,Top Shelf Productions
9078,Walt Disney Productions
4148,DreamWorks Pictures
4148,BBC Film
4148,Evamere Entertainment
4148,Neal Street Productions
4148,Goldcrest
9550,China Film Co-Production
9550,Elite Group Enterprises
9550,Zhang Yimou Studio
9550,Edko Films
9550,Bejing New Picture Distribution Company
403,Warner Bros. Pictures
403,Majestic Films International
403,Allied Filmmakers
403,The Zanuck Company
501979,Endeavor Content
501979,Hammerstone Studios
501979,TinRes Entertainment
501979,Many Rivers Productions
501979,Cittadino/Dugan Entertainment
501979,Bloom
501979,Orion Pictures
1008409,Tri-State Pictures
1008409,New Regency Pictures
1008409,Regency Enterprises
11596,New Line Cinema
19173,Filmax
19173,Canonigo Films
1451867,Sobey Road Entertainment
1451867,Skellig Rock
1451867,The Roots Production Service
1632473,Unitel Straight Shooters
553604,The Solution
553604,Dreadnought Films
553604,Zero Gravity Management
553604,Argonaut Entertainment Partners
553604,Honest Thief Productions
553604,Ingenious Media
553604,J Cubed Film Finance
553604,Samuel Marshall Productions
553604,Sprockefeller Pictures
225574,Silver Pictures
225574,StudioCanal
225574,Anton Capital Entertainment
225574,LOVEFiLM International
10474,Island Pictures
13655,Alan Sacks Productions
13655,Sudden Motion Productions
13655,Disney Channel
9314,Umbrella-Rosenblum Film Production
9314,Virgin Films
900667,Toei Animation
900667,Shueisha
900667,Toei Company
900667,Fuji Television Network
900667,Bandai
900667,Bandai Namco Entertainment
900667,ADK Emotions
900667,dentsu
1027073,Facing East Entertainment
1027073,Jumpy Cow Pictures
1027073,Merlin Films
1027073,Prodigal Films
1027073,Bleiberg Entertainment
1027073,Saga Film
1027073,Davis Films
816904,Warner Bros. Entertainment España
816904,4 Cats Pictures
816904,Moomios Movie AIE
816904,Anangu Grup
816904,C.O.R.E. Feature Animation
816904,Atresmedia
227549,Overlap Films
9334,Universal Pictures
9334,Alphaville Films
9334,Kalima Productions
9334,WWE Studios
9334,Alliance Films
1429520,Marshall Arts
1429520,Great Pacific Media
1429520,Thunderbird Entertainment
1429520,WEBTOON Productions
2654,New Line Cinema
632856,Maximum Effort
632856,Gloria Sanchez Productions
632856,Two Grown Men
632856,Apple Studios
11051,Universal Pictures
11051,Cineplex-Odeon Films
499191,Phantom Film
499191,Shueisha
499191,Horipro
499191,Happinet
83666,Indian Paintbrush
83666,American Empirical Pictures
458594,STXfilms
458594,Lakeshore Entertainment
458594,Huayi Brothers Pictures
458594,Universal Pictures
16866,Ilion Animation Studios
16866,Handmade Films
16866,Atresmedia Cine
648579,Saturn Films
648579,Burr! Productions
39013,Anonymous Content
39013,Winter's Bone Productions
682012,Maybe Movies
682012,2 Minutes
682012,France 3 Cinéma
682012,Puffin Pictures
682012,22D Music
682012,Ikki Films
34016,Paramount Pictures
34016,DreamWorks Pictures
34016,Mosaic Media Group
1574,Miramax
1574,The Producer Circle Co.
1574,Storyline Entertainment
809140,Municipal Pictures
809140,Palm Drive Productions
10057,Walt Disney Pictures
10057,Caravan Pictures
1325678,Kingdom Story Company
1325678,Wonder Project
1325678,Amazon MGM Studios
1753579,PhebMedia
1753579,Bell the Cat Films
59961,Universal Pictures
59961,Relativity Media
59961,Bluegrass Films
1390154,Sábado Películas
1390154,Playtime
1390154,Filmin
1754942,Grito Filmes
23082,MRC
23082,1821 Pictures
23082,Lynda Obst Productions
23082,Radar Pictures
13056,Lionsgate
13056,MHF Zweite Academy Film
13056,Marvel Knights
13056,Valhalla Motion Pictures
13056,SGF Entertainment
13056,Muse Entertainment
13056,Marvel Studios
1432631,Dawn Pictures
1432631,Think Music
8095,MCL Films S.A.
8095,Walwa Films S.A.
8095,20th Century Fox
15070,Amen Ra Films
15070,Motion Picture Corporation of America
15070,Hollywood Partners
15070,Millennium Media
15070,David Giler Productions
12481,Orange Sky Golden Harvest
1361982,Lunar Pictures
1361982,Tetrad Studios
1361982,Hooligan Dreamers
1361982,Screen NSW
1361982,Create NSW
1659389,Toei Animation
1659389,Fuji Television Network
535167,Beijing Jingxi Culture
535167,DF Pictures
535167,G!Film Studio
535167,Free Whale Pictures
535167,China Film Group Corporation
970347,Universal Pictures
970347,Atlas Entertainment
970347,A Better Tomorrow Films
970347,Entertainment One
1678844,Breath Film
1678844,Roger Films
1159311,BONES
1159311,TOHO
1159311,Yomiuri Telecasting Corporation
1159311,Shueisha
1159311,Nippon Television Network Corporation
1159311,dentsu
1159311,Sony Music Entertainment (Japan)
1159311,movic
49730,Appian Way
49730,Random Films
49730,Warner Bros. Pictures
45772,Touchstone Pictures
45772,Starz Animation
45772,Rocket Pictures
13460,Rogue Pictures
13460,Intrepid Pictures
13460,Crystal Sky Pictures
13460,Scion Films
13460,Moonlighting Films
13460,Internationale Filmproduktion Blackbird Dritte
62764,Misher Films
62764,Relativity Media
62764,Yucaipa Films
62764,Goldmann Pictures
62764,RAT Entertainment
62764,Misha Films
500840,Likely Story
500840,Projective Testing Service
1151272,Movistar Plus
1151272,Los Desertores Films
1151272,Filmes da Ermida
1151272,El Deseo
1151272,Uri Films
1151272,4 A 4 Productions
11330,NWR Film Productions
11330,Nordisk Film Denmark
11330,Det Danske Filminstitut
11330,TV 2
11330,Pusher III Ltd.
838240,Arcadia Motion Pictures
838240,LokizFilms
838240,Noodles Production
838240,Les films du Worso
1489187,Forza Film
1489187,All Media A Start Company
1489187,Ministry of Culture of the Russian Federation
25793,Smokewood Entertainment Group
25793,Lee Daniels Entertainment
2924,Trilogy Entertainment Group
2924,Imagine Entertainment
2924,Universal Pictures
877703,MTV Entertainment Studios
877703,MGM Television
877703,First Cause
877703,Capital Arts Entertainment
12476,Third Elm Street Venture
12476,Heron Communications
12476,Mega Entertainment
12476,New Line Cinema
672741,Millennium Media
672741,Screen Media Films
672741,Campbell Grobman Films
672741,Brave Carrot
672741,Davis Films
12139,Hughes Entertainment
824,20th Century Fox
824,Bazmark
1507275,Spin Master
59108,Universal Pictures
59108,Relativity Media
59108,RAT Entertainment
59108,Eddie Murphy Productions
59108,Imagine Entertainment
206869,Hollymood Entertainment
888,Hanna-Barbera Cartoons
888,Amblin Entertainment
888,Universal Pictures
36670,TaliaFilm II Productions
36670,Woodcote
632727,Legendary Pictures
632727,Bad Hombre
632727,Exurbia Films
632727,Good Universe
13374,Walt Disney Pictures
13374,Bridget Johnson Films
13374,Skate Away Productions
7461,KanZaman Productions
7461,Relativity Media
7461,Original Film
7461,Art In Motion
7461,Columbia Pictures
4552,Bom Film Productions
4552,Masulpiri
4552,Chungeorahm Film
4552,Barunson E&A
26388,Versus Entertainment
26388,The Safran Company
26388,Dark Trick Films
290512,Chernin Entertainment
290512,20th Century Fox
290512,Fox 2000 Pictures
214,Twisted Pictures
68730,Waypoint Entertainment
68730,Cappa Defina Productions
68730,CatchPlay
68730,Fábrica de Cine
68730,SharpSword Films
68730,Sikelia Productions
68730,EFO Films
860,Sherwood Productions
860,United Artists
192102,Wonderland Sound and Vision
192102,EuropaCorp
192102,Relativity Media
192102,20th Century Fox
192102,3DTK
866463,Black Label Media
709631,Point Grey Pictures
709631,Vertigo Entertainment
709631,Lionsgate
709631,Media Capital Technologies
1139087,Walt Disney Animation Studios
1139087,Walt Disney Pictures
288036,Sidney Kimmel Entertainment
288036,IM Global
288036,Gloria Sanchez Productions
267193,Columbia Pictures
267193,LStar Capital
267193,Village Roadshow Pictures
267193,Working Title Films
267193,Big Talk Studios
267193,Four by Two Films
399035,StudioCanal
399035,The Picture Company
399035,Ombra Films
976734,Anton Capital Entertainment
976734,Sentient Entertainment
976734,Brickell & Broadbridge International
976734,Off The Pier Productions
365942,Los Angeles Media Fund
365942,Southpaw Entertainment
365942,STXfilms
365942,Scarlet Fire Entertainment
365942,Huayi Brothers Pictures
10796,Revolution Studios
10796,Hard Eight Pictures
172,Paramount Pictures
268531,DreamWorks Animation
268531,Scholastic Entertainment
6068,Roger Birnbaum Productions
6068,Caravan Pictures
6068,Touchstone Pictures
6068,Northern Lights Entertainment
258509,TSG Entertainment
258509,Fox 2000 Pictures
258509,Regency Enterprises
258509,Bagdasarian Productions
258509,Sunswept Entertainment
249070,Daybreak Productions
249070,Prime Universe Productions
249070,Giant Pictures
249070,TSG Entertainment
249070,Dayday Films
249070,Ingenious Media
249070,Fox International Productions
10153,Warner Bros. Pictures
10153,Punch Productions
10153,Baltimore Pictures
10153,Constant c Productions
74308,Paper Street Films
74308,Kingsgate Films
74308,Appian Way
64328,Walt Disney Pictures
64328,The Muppets Studio
13192,Ultimate Productions
13192,Will Vinton Productions
13192,Lorimar Motion Pictures
13192,Warner Bros. Pictures
13192,Optimum Productions
121734,StudioCanal
121734,Lightbox Entertainment
121734,Ikiru Films
121734,Telefónica Studios
121734,El Toro Pictures
121734,Canal+
121734,Telecinco Cinema
1412,Outlaw Productions
1304434,Shanghai Animation Film Studio
1304434,Shanghai Xiaomutou Film and Television Culture Media
1304434,Shanghai Maoyan Film 上海猫眼影业
1304434,Shanghai Xiaomubiao Film and Television Culture Media
175112,DisneyToon Studios
646315,Fiveday
646315,Gnos
646315,Kkuljam Company
287598,Magyar Televízió Müvelödési Föszerkesztöség (MTV)
287598,Budapest Filmstúdió
301,Armada Productions
301,Warner Bros. Pictures
1715,Miramax
1715,Nina Saxon Film Design
1715,FilmColony
438674,Cinestate
438674,Look to the Sky Films
438674,Unified Pictures
438674,Realmbuilders Productions
438674,The Fyzz
438674,Endeavor Content
438674,Summit Entertainment
768362,Stage 6 Films
768362,Search Party
768362,Bazelevs
768362,Screen Gems
12144,Universal Pictures
12144,Amblin Entertainment
12144,Don Bluth Entertainment
12144,Don Bluth Ireland
50348,Sidney Kimmel Entertainment
50348,Lionsgate
50348,Lakeshore Entertainment
50348,Stone Village Pictures
192141,Living Films
192141,Bold Films
192141,Brothers Dowdle Productions
1090,Columbia Pictures
1090,Centropolis Entertainment
1061699,Tyler Perry Studios
1061699,Mandalay Pictures
1061699,Her Excellency Productions
1061699,Intuition Productions
10189,Columbia Pictures
10189,Relativity Media
10189,Apatow Productions
1140535,Extension 765
1140535,The Spectral Spirit Company
7978,Universal Pictures
7978,Relativity Media
7978,Stuber Pictures
521777,Good Universe
521777,Point Grey Pictures
51052,Columbia Pictures
51052,Sony Pictures Animation
51052,Aardman
455207,SK Global Entertainment
455207,Color Force
455207,Ivanhoe Pictures
455207,Warner Bros. Pictures
455207,Starlight Culture Entertainment Group
29363,Huayi Brothers Pictures
29363,Infotainment China
29363,Taihe Film Investment
29363,Media Asia Films
298312,Blumhouse Productions
298312,Blinding Edge Pictures
11321,Escape Artists
11321,Columbia Pictures
11321,Relativity Media
11321,Overbrook Entertainment
855435,Legendary Pictures
855435,Angry Films
855435,Divide / Conquer
1283671,Metafilms
1283671,Object & Animal
1219548,Zeitsprung Pictures
1219548,UFA Fiction
1219548,Beta Film
1219548,Constantin Film
1535,TOHO
1535,Kalima Productions
1535,Metropolitan Filmexport
1535,Douglas Wick Productions
645788,Millennium Media
645788,Arthur Sarkissian Productions
645788,Campbell Grobman Films
645788,Fourteen Films
645788,I Road Productions
645788,Ingenious Media
645788,Seven Stars Entertainment
645788,Signature Pictures
645788,Frame Film
645788,Nu Boyana Film Studios
645788,Lionsgate
254904,SPD Films
254904,Relativity Media
254904,Irish Dreamtime
3093,Metro-Goldwyn-Mayer
3093,C2 Pictures
3093,IMF Internationale Medien und Film 3 & Produktions
3093,KanZaman Productions
3093,Intermedia Films
3093,Summit Entertainment
10835,Film Workshop
10835,Golden Princess Film Productions
1491,Contagious Entertainment
1491,Michael London Productions
1491,Koppelman-Levien
294963,Caliber Media Company
294963,The Fyzz
294963,Realmbuilders Productions
294963,Twilight Riders
294963,The Jokers Films
294963,Platinum Platypus
294963,RLJ Entertainment
1378,Fortissimo Films
1378,Q Television
1378,Process Productions
30112,Laurel Films
30112,The French Connection
26973,Paramount Pictures
138,Universal Pictures
902,Constellation
902,Lumière Pictures
902,Le Studio Canal+
902,France 3 Cinéma
902,Elías Querejeta PC
902,Tele München
902,Sony Pictures Classics
41283,Castle Rock Entertainment
41283,State Street Pictures
41283,CBS Films
41283,TriStar Pictures
4918,The Rank Organisation
9967,Paramount Pictures
10316,Appian Way
10316,Crystal City Entertainment
10316,Cross Creek Pictures
10316,Exclusive Media
10316,Smokehouse Pictures
1406657,Studio Chizu
1406657,Nippon Television Network Corporation
1406657,Sony Pictures
1406657,Sony Pictures
1406657,KADOKAWA
1406657,TOHO
224141,Walt Disney Pictures
224141,Marc Platt Productions
224141,Lucamar Productions
10603,Walt Disney Pictures
10603,Mandeville Films
10603,The Avnet/Kerner Company
22804,Twisted Pictures
22804,A Bigger Boat
80,Warner Independent Pictures
80,Castle Rock Entertainment
80,Detour Filmproduction
937249,Curmudgeon Films
937249,The Avenue Entertainment
937249,R.U. Robot Studios
937249,Highland Film Group
937249,Revelations Entertainment
10495,Columbia Pictures
10495,Weintraub International Group
10495,Jerry Weintraub Productions
1101448,Artists Equity
1101448,Amazon MGM Studios
1101448,A Really Good Home Pictures
1101448,Wild Frontier Films
1101448,101 Studios
227973,Blue Sky Studios
227973,20th Century Fox Animation
227973,20th Century Fox
227973,Feigco Entertainment
227973,Peanuts Worldwide
357057,Lastor Media
830788,Screen Gems
830788,Latchkey Productions
1088514,El Deseo
532639,Walt Disney Pictures
532639,Depth of Field
532639,ImageMovers
82633,Benaroya Pictures
82633,Yucaipa Films
82633,Annapurna Pictures
82633,Pie Films Inc.
82633,Red Wagon Entertainment
82633,Revolt Films
82633,BlumHansonAllen Films
60898,Diagonal Pictures
60898,Orange Sky Golden Harvest
9428,Touchstone Pictures
9428,American Empirical Pictures
10623,Silver Pictures
10623,Warner Bros. Pictures
1748749,Luqsar Kreatif Sdn Bhd
760741,RVK Studios
760741,Will Packer Productions
760741,Universal Pictures
298094,World Perfect Production
13813,Paramount Vantage
13813,Grosvenor Park Productions
13813,Defiance Productions
13813,Pistachio Pictures
13813,Bedford Falls Productions
1560681,Aurum Film
103731,Everest Entertainment
103731,FilmNation Entertainment
103731,Brace Cove Productions
1059064,Artists Equity
1059064,The Walsh Company
1059064,Apple Studios
1059064,Studio 8
10381,Working Title Films
10381,Arts Council of England
10381,PolyGram Filmed Entertainment
928,Amblin Entertainment
928,Warner Bros. Pictures
79218,20th Century Fox Animation
79218,Blue Sky Studios
79218,Reel FX Creative Studios
58857,TOHO
58857,Sedic International
58857,Toei Studios Kyoto
58857,OLM
58857,TV Asahi Music
58857,IMAGICA
58857,TV Asahi
58857,dentsu
58857,Shogakukan
58857,The Asahi Shimbun
58857,Asahi Broadcasting Corporation
58857,Nagoya Broadcasting Network
58857,Kyushu Asahi Broadcasting
58857,Yahoo! Japan
58857,TSUTAYA Group
58857,Hiroshima Home Television
58857,Sedic Deux
58857,Raku Film
58857,Recorded Picture Company
58857,HanWay Films
58857,Japan Action Enterprise
58857,Shizuoka Asahi Television
58857,Hokkaido Television Broadcasting
58857,Higashi Nippon Broadcasting
15080,Studio Ghibli
15080,Tokuma Shoten
15080,Nippon Television Network Corporation
15080,Hakuhodo
1904,Columbia Pictures
1904,DreamWorks Pictures
1904,Spyglass Entertainment
1904,Amblin Entertainment
1904,Red Wagon Entertainment
1654516,Film Squad Productions
1654516,Act Three
691,EON Productions
691,United Artists
23827,Blumhouse Productions
23827,Solana Films
23827,Paramount Pictures
644583,30WEST
644583,Topic Studios
644583,STXfilms
644583,SunnyMarch
644583,BBC Film
644583,Shadowplay Features
11503,Universal Pictures
62214,Tim Burton Productions
1745392,Jamary Films
567748,Nine Stories Productions
567748,Bold Films
567748,Fuqua Films
567748,Amet Entertainment
567748,Endeavor Content
567748,Capstone Pictures
285783,TriStar Pictures
285783,LStar Capital
285783,ImageMovers
1825,The Cannon Group
1825,Warner Bros. Pictures
1825,Golan-Globus Productions
11886,Walt Disney Productions
308624,늘푸른시네마
173,Walt Disney Productions
1086260,Fuller Media
1086260,The Wonder Company
1086260,Wild Atlantic Pictures
10377,Palo Vista Productions
10377,Peter V. Miller Investment Corp.
10377,20th Century Fox
10377,Dale Launer Production
1328803,Brand in Motion
1328803,Myriad Entertainment Corp.
1328803,Odyssey Motion Pictures
1328803,Reality RR Studios
8274,Rogue Pictures
8274,Universal Pictures
531876,Millennium Media
531876,York Films
531876,Perfection Hunter Productions
9399,Universal Pictures
9399,Imperial Entertainment
10061,Paramount Pictures
10061,Rysher Entertainment
1139377,The Why Not Collective
1677,Bristol Bay Productions
1677,Universal Pictures
1677,Anvil Films
1677,Baldwin Entertainment Group
10030,Milestone Entertainment
10030,Lionsgate
10030,Karz Entertainment
1632,Orion Pictures
1632,Frederick Zollo Productions
532865,Clerkenwell Films
532865,Magnolia Mae Films
197796,Eskwad
197796,Pathé
197796,120 Films
197796,TF1 Films Production
197796,Studio Babelsberg
8840,Universal Pictures
8840,Raffaella De Laurentiis Productions
2636,Jerry Weintraub Productions
2636,Iguana Producciones
2636,Warner Bros. Pictures
1911,Touchstone Pictures
1911,Crichton/McTiernan Productions
9013,Universal Pictures
9013,City Light Films
9584,United Artists
9584,EMI Films
360814,Aamir Khan Productions
360814,UTV Motion Pictures
360814,Disney World Cinema
109421,di Bonaventura Pictures
109421,Endgame Entertainment
8326,Phoenix Pictures
8326,Chicago Pacific Entertainment
8326,Walden Media
8326,Walt Disney Pictures
12242,DisneyToon Studios
756,Walt Disney Productions
9800,TriStar Pictures
9800,Clinica Estetico
9800,A Luta Continua
12180,Lucasfilm Ltd.
12180,Lucasfilm Animation
12180,Warner Bros. Pictures
123553,Screen Gems
123553,Unique Features
123553,Mister Smith Entertainment
123553,Don Carmody Productions
123553,Constantin Film
1522690,BBC Film
1522690,Element Pictures
1522690,Fís Éireann/Screen Ireland
1522690,Fremantle
1522690,Big Red Films
1522690,Port Pictures
1522690,Coimisiún na Meán
1522690,mk2 Films
1522690,RTÉ
1522690,Besides Pictures
1685882,Mythri Movie Makers
1064307,74 Entertainment
1064307,Qvisten Animation
9879,Castle Rock Entertainment
9879,Lobell/Bergman Productions
9671,Rimfire Films
977294,Unified Pictures
977294,Current Entertainment
977294,Road Less Traveled Productions
977294,Aperture Media Partners
977294,Media Finance Capital
977294,Ludascripts
977294,Aloe Entertainment
977294,Romulus Entertainment
977294,Foxxhole Productions
504253,ABC Animation
504253,Aniplex
504253,jeki
504253,Futabasha
504253,Studio VOLN
504253,Tohan
504253,The Asahi Shimbun
1249213,Blumhouse Productions
1249213,Platinum Dunes
1249213,Universal Pictures
11541,McElroy & McElroy
11541,Metro-Goldwyn-Mayer
11541,Freddie Fields Productions
18311,In-Gear Film Production Co. Ltd.
9955,DreamWorks Pictures
9955,MTV Films
9955,Red Hour
9955,Smart Entertainment
649609,Skybound Entertainment
649609,Universal Pictures
649609,Giant Wildcat
10313,Ruby Films
10313,BBC Film
10313,Smokehouse Pictures
10313,Overture Films
10313,UK Film Council
10313,Mandate International
14976,Clinica Estetico
14976,Marc Platt Productions
14976,Sony Pictures Classics
1465887,Shishi Production
1465887,Xces Film
522402,Amblin Entertainment
522402,ImageMovers
522402,Misher Films
522402,Reliance Entertainment
522402,Walden Media
522402,Amblin Partners
502416,Blumhouse Productions
502416,Wyolah Films
1634949,Tremolo Productions
10497,R.P. Productions
10497,Les Films Alain Sarde
10497,Timothy Burrill Productions
433498,Red Granite Pictures
433498,Czech Anglo Pictures
433498,FishCorb Films
1523,Fox Searchlight Pictures
1523,Cowboy Films
1523,DNA Films
1523,Scottish Screen
1523,UK Film Council
1523,Film4 Productions
1523,Slate Films
1403836,Ludo Studio
1403836,BBC Studios
1149504,Focus Features
1149504,Working Title Films
703,Jack Rollins & Charles H. Joffe Productions
703,United Artists
34647,Fidélité Films
34647,Wild Bunch
34647,BUF
34647,Les Cinémas de la Zone
34647,Essential Filmproduktion
34647,BiM Distribuzione
34647,Paranoia Films
396371,The Mark Gordon Company
396371,Pascal Pictures
592695,Film i Väst
592695,Flamboyance Films
592695,Lemming Film
592695,Plattform Produktion
592695,SVT
592695,Logical Pictures
592695,Grand Slam Film Production
592695,SF Studios
923667,Entertaining Power
923667,One Cool Films
923667,Sil-Metropole Organisation
923667,HG Entertainment
923667,Tao Piao Piao 淘票票
923667,Media Asia Films
923667,Lian Ray Pictures
1817,Fox 2000 Pictures
1817,Zucker/Netter Productions
1547,Warner Bros. Pictures
395,Studio Babelsberg
395,Davis Entertainment
395,Stillking Films
395,Lonlink Productions
395,Kut Productions
395,Inside Track 2
395,20th Century Fox
395,Brandywine Productions
52449,Columbia Pictures
52449,Mosaic Media Group
68722,Annapurna Pictures
68722,Ghoulardi Film Company
68722,JoAnne Sellar Productions
11072,Crossbow Productions
11072,Warner Bros. Pictures
591274,Chernin Entertainment
11286,Orange Sky Golden Harvest
11286,Albert S. Ruddy Productions
136400,Universal Pictures
136400,Marc Platt Productions
136400,EFO Films
136400,Envision Entertainment
136400,Foresight Unlimited
136400,Oasis Entertainment
136400,Herrick Entertainment
136400,BOOM! Studios
136400,Empyre Media Capital
24238,Melodrama Pictures
24238,Screen Australia
24238,Film Victoria
24238,SBS
9506,Columbia Pictures
9506,Revolution Studios
9506,Happy Madison Productions
46838,Eden Rock Media
46838,Gynormous Pictures
46838,Voltage Pictures
5994,Beacon Pictures
5994,Saturn Films
5994,Universal Pictures
9348,Metro-Goldwyn-Mayer
9348,FGM Entertainment
1432547,STUDIO4℃
1432547,Warner Bros. Japan
626332,Franklin Entertainment
626332,Searchlight Pictures
206961,Rīgas kinostudija
449459,Mad as Birds
449459,Head Gear Films
449459,Kodiak Pictures
449459,Metrol Technology
449459,Cross Creek Pictures
449459,iWood Studios
449459,G-BASE
449459,Protagonist Pictures
449459,Saban Films
7303,Red Om Films
7303,Revolution Studios
34653,Fade To Black
34653,Depth of Field
34653,Artina Films
34653,Tom Ford
1092,London Films Productions
1124619,Balcony 9 Productions
1124619,Colleen Camp Productions
1124619,Elevated Films
1124619,WME Independent
1124619,Copper Island
1124619,Latigo Films
1124619,Gramercy Park Media
817758,Focus Features
817758,Standard Film Company
817758,EMJAG Productions
2897,Michael Todd Company
948713,Carnival Films
6538,Universal Pictures
6538,Relativity Media
6538,Participant
6538,Playtone
6538,MP Munich Pape Filmproductions
11850,United Artists
646207,Shivhans Pictures
646207,Code Entertainment
646207,Envision Media Arts
646207,The Solution
1934,Miramax
1934,Universal Pictures
1934,Bedford Falls Productions
71688,UK Film Council
71688,DJ Films
71688,Yuk Films
71688,Film4 Productions
71688,Goldcrest
71688,Pathe
10586,Paramount Pictures
10586,Douglas/Reuther Productions
10586,Bernina Film
10586,Mont Blanc Entertainment GmbH
10586,Constellation Films
46705,Cottage Industries
46705,Incentive Filmed Entertainment
46705,Silverwood Films
46705,Hunting Lane Films
46705,Chrysler Corporation
46705,Shade Pictures
46705,Motel Movies
668,EON Productions
668,United Artists
663,Twisted Pictures
10731,Alcor Films
10731,Regency Enterprises
10731,Warner Bros. Pictures
11474,Paramount Pictures
11474,Lawrence Gordon Productions
172226,Exclusive Media
172226,Pioneer Pictures
172226,Work in Progress
172226,LD Entertainment
172226,Wonderful Films
1751823,Volume Image
1751823,Antara films
11412,The Steve Tisch Company
11412,New Line Cinema
11412,Forge
452026,Metropoli Films
452026,Provicine
11660,Next Wave Films
11660,Syncopy
1757000,Malaking Mata
1757000,Gilid Studios
42188,DNA Films
42188,Film4 Productions
42188,Fox Searchlight Pictures
9691,Warner Bros. Pictures
9691,Silver Pictures
9691,Donner/Shuler-Donner Productions
1755103,Doodyaar Productions
440471,Leomus Pictures
440471,Grindstone Entertainment Group
440471,Lionsgate
440471,Summit Entertainment
440471,Highland Film Group
440471,Plastic Fish Productions
440471,The Fyzz
440471,Ingenious Media
440471,RPI Group Productions
440471,EFO Films
546121,Search Party
455476,Stage 6 Films
455476,Toei Animation
144,Road Movies
144,Argos films
144,WDR
144,Wim Wenders Stiftung
21542,CRML Productions
21542,Alcon Entertainment
21542,Burg/Koules Productions
937941,Paper Street Pictures
937941,Intrepid Pictures
937941,HLBRK Entertainment
937941,Title Media
1247,Universal Pictures
1247,Morgan Creek Entertainment
1247,Tribeca Productions
1247,American Zoetrope
10601,Universal Pictures
10601,Columbia Pictures
10601,Revolution Studios
10601,Red Wagon Entertainment
10601,Allied Stars
933131,Climax Studios
933131,Big Punch Pictures
933131,Nova Film
431580,DreamWorks Animation
431580,Pearl Studio
431580,Zhong Ming You Ying Film
2133,Radiant Productions
2133,Warner Bros. Pictures
2133,Baltimore Pictures
2133,Spring Creek Pictures
1088548,El Deseo
1690,International Production Company
1690,Raw Nerve
1690,Next Entertainment
1690,Hostel
1457866,Heyday Films
1457866,Netflix
1457866,Plan B Entertainment
518068,Lotte Entertainment
518068,Dexter Studios
518068,Realies Pictures
518068,Union Investment Partners
518068,Korean Film Council
518068,Art Service
518068,Alpha Pictures
1072342,Atomic Monster
1072342,Blumhouse Productions
1072342,Universal Pictures
926670,"Yes, Yes Coffee."
926670,Nickelodeon Movies
575299,Droog Drooga
575299,Premier Studios
575299,1-2-3 Production
2277,Columbia Pictures
2277,Touchstone Pictures
2277,1492 Pictures
2277,Laurence Mark Productions
2277,Radiant Productions
473,Harvest Filmworks
473,Plantain Films
473,Protozoa Pictures
473,Truth & Soul
25195,Birnbaum/Barber Productions
25195,Universal Pictures
25195,Spyglass Entertainment
25195,Octagon Films
25195,BenderSpink
501907,TriStar Pictures
501907,Tencent Pictures
501907,Big Beach
1637319,HopeTown Entertainment
1637319,Unwell Productions
1383233,Aquila Emas Sdn Bhd
1383233,Saydam Baryl
415842,TIK Films
415842,di Bonaventura Pictures
415842,Nick Wechsler Productions
415842,Lionsgate
415842,CBS Films
303857,Toei Animation
303857,Toei Company
303857,Fox International Productions Japan
303857,Shueisha
303857,Fuji Television Network
303857,Bandai
303857,Bandai Namco Group
7840,Centropolis Entertainment
7840,Legendary Pictures
7840,"The Department of Trade, Industry and Competition of South Africa"
7840,Moonlighting Films
7840,Warner Bros. Pictures
9896,Fireworks Pictures
9896,Paramount Pictures
9896,Alphaville Films
9896,Zucker Productions
85889,Egoli Tossell Film
85889,Steel Mill Pictures
85889,Filmgate Films
85889,Logie Pictures
85889,Altitude Film Entertainment
85889,Film House Germany
85889,Maven Screen Media
85889,Entre Chien et Loup
85889,Mollywood
85889,Creative Scotland
85889,Film i Väst
85889,Lionsgate UK
85889,Studio Mao
912908,Universal Pictures
912908,Lord Miller
912908,Picturestart
912908,Rabbit Hole Productions
9869,Paramount Pictures
9869,Mace Neufeld Productions
1887,Pricel
1887,Columbia Pictures
1887,American Zoetrope
1887,TFC
219,El Deseo
1514125,Road House
15789,Walt Disney Pictures
15789,Walt Disney Animation
15789,Phoenix Animation Studios
15789,Pixibox
15789,Walt Disney Animation
15789,Walt Disney Feature Animation
606234,Independent
606234,Hero Squared
606234,Head Gear Films
606234,Metrol Technology
606234,Untapped
606234,Quickfire Films
606234,Lipsync Productions
606234,XYZ Films
289325,Sfinks
289325,"Creo"" of M. Bystritsky"
123,Fantasy Films
123,Bakshi Productions
123,Saul Zaentz Film Productions
664469,DreamCrew
664469,Keep Your Head Productions
664469,Corazon Camera
664469,New Regency Productions
664469,Regency Enterprises
9906,DNA Productions
9906,Playtone
9906,Legendary Pictures
9906,Warner Bros. Pictures
20789,Dark Coast Pictures
20789,Voltage Pictures
3525,20th Century Fox
79871,Ko Chi Sum Films Company Limited
1173558,Glaz Entretenimento
298250,Twisted Pictures
298250,A Bigger Boat
298250,Serendipity Productions
1511057,Happy Madison Productions
1550797,ICON Creative Studio
1550797,Disney Television Animation
10539,Allied Filmmakers
10539,Walt Disney Pictures
19186,Walt Disney Productions
1425045,Leonine Studios
1425045,Nocturna Productions
1425045,Wiedemann & Berg Television
8277,Rogue Pictures
8277,Neo Art & Logic
332210,RatPac Entertainment
332210,Warner Animation Group
332210,Warner Bros. Pictures
332210,Stoller Global Solutions
188161,RGB Media
188161,Fuzzy Door Productions
188161,MRC
188161,Bluegrass Films
1289936,Carnival Films
1289936,Focus Features
820,Warner Bros. Pictures
820,Le Studio Canal+
820,Regency Enterprises
820,Alcor Films
820,Ixtlan Productions
820,A. Kitman Ho Productions
9801,StudioCanal
9801,Miramax
9801,Working Title Films
3090,Warner Bros. Pictures
2112,Icon Productions
2255,View Askew Productions
2255,Miramax
449574,Polygon Pictures
449574,TOHO
9279,1492 Pictures
9279,20th Century Fox
9279,Fox Family Films
155084,Automatik Entertainment
155084,Blumhouse Productions
242828,Studio Ghibli
242828,Hakuhodo DY Media Partners
242828,KDDI
242828,Nippon Television Network Corporation
242828,TOHO
242828,dentsu
242828,Mitsubishi
242828,Walt Disney Japan
1064497,Manabat Productions
2662,Spectacle Entertainment Group
2662,Lionsgate
4421,Caravan Pictures
4421,Largo Entertainment
4421,Trap-Two-Zero Productions
4421,Roger Birnbaum Productions
4421,Moving Pictures
4421,Scott Free Productions
4421,Hollywood Pictures
11587,Morgan Creek Entertainment
1754278,SVT
130150,Mr. Mudd
130150,Indian Paintbrush
130150,Paramount Pictures
130150,Right of Way Films
10393,Warner Bros. Pictures
10393,Bel Air Entertainment
10393,Dylan Sellers Productions
207768,CineTel Films
14412,The Ladd Company
1465557,Spacemaker Productions
1465557,Oh Boy
1465557,Curious Gremlin
1465557,Arkhum Productions
1465557,Giant Leap Media Ventures
1465557,Bureau Unknown
21032,Amblin Entertainment
21032,Amblimation
21032,Universal Pictures
1198654,Pulse Films
1198654,Vice Studios
1198654,Good Oranges Films
10610,Living Films
10610,Emperor Multimedia Group
10610,Golden Port Productions Ltd.
1297763,Kamikaze Douga
1297763,Warner Bros. Japan
1297763,DC
1297763,Warner Bros. Animation
351460,Vertigo Entertainment
351460,Lin Pictures
454992,Imagine Entertainment
454992,Lionsgate
2288,Columbia Pictures
2288,Inside Track
11238,Disney Television Animation
1216191,Keeper Pictures
1216191,Nowhere
1216191,Shudder
1571470,Platige Films
1571470,Hivemind
1571470,Little Schmidt Productions
1571470,Hailzor
16113,The Cannon Group
16113,Golan-Globus Productions
1273,Imagi Animation Studios
1273,Mirage Studios
2157,Saltire Entertainment
2157,New Line Cinema
2157,Irwin Allen Productions
2157,Prelude Pictures
9493,Universal Pictures
1128650,Mandarin Motion Pictures
1128650,Super Bullet Pictures 超级子弹影业
1128650,最高人民检察院影视中心
1128650,Maoyan Entertainment
1128650,Shanghai Maoyan Film 上海猫眼影业
1128650,Huace Film 华策电影
1128650,Huace Media
48171,New Line Cinema
48171,Contrafilm
48171,Mid Atlantic Films
17610,Columbia Pictures
17610,Apatow Productions
17610,Ocean Pictures
441282,Arcola Entertainment
441282,Arise Pictures
441282,Buffalo Gal Pictures
441282,Fortitude International
441282,PalmStar Media
913,United Artists
913,Irish Dreamtime
17824,TriStar Pictures
17824,Tri-Star-Delphi III Productions
650,Columbia Pictures
1685,APJAC Productions
1685,20th Century Fox
9838,The Cannon Group
9838,Golan-Globus Productions
329833,Paramount Pictures
329833,Red Hour
329833,Scott Rudin Productions
1726603,Nelke Planning
1965,Kopelson Entertainment
1965,Warner Bros. Pictures
556678,Working Title Films
556678,Blueprint Pictures
50476,Bom Film Productions
50476,CJ Entertainment
940139,Miramax
940139,ImageMovers
11814,Universal Pictures
11814,Silver Pictures
9665,Freddie Fields Productions
9665,TriStar Pictures
1086268,Apollon
1086268,TS Media
1086268,Pink Media Group
10823,Planet Productions
10823,Angeles Entertainment Group
10823,Cinema Group
10823,Hal Roach Studios
10823,Gatlin
10823,Inverness Productions
9053,Impact Pictures
9053,VIP Medienfonds 4
9053,Mindfire Entertainment
413114,Producciones Zeta
8699,DreamWorks Pictures
8699,Apatow Productions
8271,The Montecito Picture Company
8271,DreamWorks Pictures
8271,Cold Spring Productions
504949,Plan B Entertainment
504949,Porchlight Films
504949,Blue-Tongue Films
504949,Yoki
8224,Global Medien KG
8224,Hofflund/Polone
8224,Columbia Pictures
502033,Flat 7
502033,Ward Four
502033,Caviar
8698,20th Century Fox
8698,Don Murphy Productions
8698,Mediastream Dritte Film
16219,Price Entertainment
10922,Cinepsilon
10922,Miramax
10922,Lakeshore Entertainment
10922,Cinerenta
10922,Stone Village Pictures
597891,Clubhouse Pictures
597891,87North Productions
597891,Screen Arcade
22972,Universal Pictures
22972,StudioCanal
22972,Relativity Media
22972,Working Title Films
22972,KanZaman Productions
22972,Atresmedia Cine
11838,Oz Company
11838,Xanadeux Company
11838,Pioneer LDC
11838,Nikkatsu Corporation
459992,AG Studios
459992,Denver & Delilah Productions
459992,Point Grey Pictures
459992,Good Universe
459992,Flarsky Productions
459992,Lionsgate
630240,Kazak Productions
630240,ARTE France Cinéma
630240,Frakas Productions
630240,VOO
630240,BeTV
1261825,Semi-Formal Productions
1261825,Tribeca Productions
1261825,Amazon MGM Studios
702,Charles K. Feldman Group
702,Warner Bros. Pictures
10559,New Line Cinema
843352,Bat in the Sun Productions
843352,Paradox House
972230,Fifth Season
972230,Vincent Newman Entertainment
345922,Wrigley Pictures
345922,New Line Cinema
345922,21 Laps Entertainment
345922,Village Roadshow Pictures
345922,RatPac Entertainment
1493310,Cutting Edge Animation
1493310,Creative Cypher
1493310,Tatemen Entertainment
1493310,FNS Media
1493310,Studio Mahō
1493310,Gala Film
26877,Wong Jing's Workshop
476926,42
476926,The Amel Company
476926,Motion Picture Capital
476926,Nostromo Pictures
476926,Voltage Pictures
1401281,Mid March Media
1401281,Annapurna Pictures
1401281,FirstGen Content
1401281,Mizzel Media
1401281,Yintai Entertainment
1401281,Kaplan Morrison
1401281,Intake Films
1401281,Film i Väst
1401281,GötaFilm
1401281,Proton Cinema
1401281,ArtClass Films
1401281,Carte Blanche
1401281,The Launch Company
28032,Don Bluth Entertainment
28032,Don Bluth Ireland
66,Castle Rock Entertainment
66,Malpaso Productions
542224,Automatik Entertainment
542224,Bron Studios
542224,Orion Pictures
10229,Pandora Pictures
10229,Di Novi Pictures
10229,Warner Bros. Pictures
4133,New Line Cinema
4133,Spanky Pictures
4133,Apostle
14174,Optix Digital Pictures
14174,Conquering Lion Pictures
1620,EuropaCorp
1620,Charles Gordon Productions
1620,Adrian Askarieh Productions
301337,Ad Hominem Enterprises
301337,Gran Via Productions
301337,Paramount Pictures
5549,Orion Pictures
625568,Solstice Studios
625568,Burek Films
625568,Ingenious Media
625568,Altitude Film Entertainment
381719,Columbia Pictures
381719,Olive Bridge Entertainment
381719,Screen Australia
381719,Screen NSW
381719,Sony Pictures Animation
381719,Animal Logic
381719,MRC
157851,Prospero Pictures
157851,Sentient Entertainment
157851,SBS Productions
157851,Integral Film
322488,Kick Film
322488,Making Movies
322488,Allfilm
978592,Nickel City Pictures
978592,New Leaf Literary & Media
978592,Highland Film Group
978592,G2 Dispatch
978592,Gala Media Capital
978592,JaiD7 Pictures
978592,Screen Australia
978592,Film Victoria
65057,Dune Entertainment
65057,Fox Searchlight Pictures
65057,Ad Hominem Enterprises
399361,Atlas Entertainment
1642859,Universal Pictures Content Group
1608445,Alpha47 Films
1608445,Icon Pictures
1608445,Astro Shaw
50359,Universal Pictures
50359,Illumination
401478,Capital Arts Entertainment
401478,UFO International Productions
401478,Universal 1440 Entertainment
401478,BUFO
297222,Rajkumar Hirani Films
297222,Vinod Chopra Films
297222,UTV Motion Pictures
12146,Imagine Entertainment
12146,Revolution Studios
12146,Daniel Ostroff Productions
65086,Hammer Film Productions
65086,Alliance Films
65086,Talisman Films
65086,UK Film Council
13252,Nu Image
13252,Anonymous Content
13252,Millennium Media
13252,Hygenic Productions
13252,MWP Productions
765897,Kingdom Story Company
765897,Lionsgate
765897,Wonder Project
12102,Columbia Pictures
12102,Stanley Jaffe Productions
780609,A24
780609,DNA Films
9725,Georgetown Productions
9725,Paramount Pictures
848187,StudioCanal
848187,The Picture Company
848187,Studio Babelsberg
848187,StudioCanal
982932,Premiere Entertainment Group
522241,SunnyMarch
522241,42
522241,FilmNation Entertainment
40264,Road Rebel
40264,Regency Enterprises
40264,20th Century Fox
40264,Dune Entertainment
40264,3 in the Box
1970,Ghost House Pictures
376659,STXfilms
376659,Huayi Brothers Pictures
376659,BillBlock Media
376659,Suzanne Todd Productions
579,Universal Pictures
579,The Zanuck/Brown Company
27573,Original Film
27573,Relativity Media
27573,Columbia Pictures
1300116,Wiedemann & Berg Television
16871,Universal Pictures
16871,Ghost House Pictures
16871,Buckaroo Entertainment
16871,Curse Productions
16871,Mandate Pictures
375366,Altitude Film Entertainment
375366,Poison Chef
375366,BFI
375366,Creative England
9618,Warner Bros. Pictures
9618,The Guber-Peters Company
9032,Columbia Pictures
9032,Out of the Blue... Entertainment
9032,Jack Giarraputo Productions
1788,Paramount Pictures
1788,IndieProd Company Productions
9626,The De Laurentiis Company
9676,Linson Entertainment
9676,Universal Pictures
9676,Signature Pictures
9676,Davis Films
9676,Millennium Media
9676,Nu Image Entertainment
400157,Nickelodeon Movies
400157,Paramount Animation
400157,Ilion Animation Studios
400157,Paramount Pictures
1381202,Sara Fost Pictures
1381202,Obvious Allegory
1381202,TimeLapse Pictures
44040,Universal Pictures
44040,MRC
44040,The Night Chronicles
44040,Relativity Media
353616,Gold Circle Films
353616,Brownstone Productions
644495,Metro-Goldwyn-Mayer
644495,Bron Studios
644495,Scott Free Productions
134411,Exclusive Media
134411,Participant
134411,Image Nation Abu Dhabi
134411,Front Street Productions
134411,Spitfire Pictures
134411,Summit Entertainment
1056360,MRC
1056360,T-Street
1056360,3 Arts Entertainment
1056360,Almost Infinite
590,Scott Rudin Productions
590,Robert Fox Productions
590,Miramax
149871,Studio Ghibli
149871,Hakuhodo DY Media Partners
149871,KDDI
149871,Nippon Television Network Corporation
149871,TOHO
149871,Mitsubishi
149871,dentsu
149871,Walt Disney Japan
149871,d-rights
109689,Zeta Studios
109689,Cangrejo Films
109689,Globomedia
109689,Warner Bros. Entertainment España
109689,Atresmedia Cine
5680,New World Pictures
5680,NBC Productions
1538497,Walt Disney Animation Studios
987686,Roth-Kirschenbaum Films
483906,Dark Horse Entertainment
483906,Constantin Film
483906,JB Pictures
403300,Studio Babelsberg
403300,Elizabeth Bay Productions
403300,Aceway Productions
403300,Mister Smith Entertainment
98567,JCE Movies
98567,Beijing Dragon Garden Culture & Art
98567,Huayi Brothers Pictures
98567,Jackie & JJ Productions
98567,Shanghai Film Group
98567,Emperor Motion Pictures
98567,Golden Harvest Productions
650783,Cloudburst Entertainment
650783,Alla Prima Productions
650783,Don Kee Productions
650783,Ingenious Media
650783,Living the Dream Films
650783,Lucky 13 Productions
650783,March On Productions
650783,Rapid Farms Productions
650783,Scoring Berlin
650783,Sprockefeller Pictures
650783,StoryBoard Media
774531,Walt Disney Pictures
774531,Jerry Bruckheimer Films
12556,Jon Shestack Productions
12556,New Line Cinema
618344,Warner Bros. Animation
618344,DC
833326,Kidam
833326,Wrong Men
833326,BNP Paribas Fortis
833326,RTBF
833326,Proximus
833326,VOO
833326,BeTV
301365,Wild Bunch
301365,Gaumont
301365,Space Rocket Nation
301365,Vendian Entertainment
301365,Bold Films
547,Wildwood Enterprises
547,Touchstone Pictures
424121,XYZ Films
424121,Severn Screen
424121,One More One Productions
11653,JCE Movies
11653,China Film Co-Production
11653,Emperor Motion Pictures
11653,China Film Group Corporation
3594,Firm Films
3594,New Line Cinema
3594,Contrafilm
1353926,Tao Piao Piao 淘票票
1267319,See Át Film
41216,Warner Bros. Pictures
41216,Village Roadshow Pictures
41216,Animal Logic
41216,GOG Productions
3580,Universal Pictures
3580,Imagine Entertainment
3580,Relativity Media
3580,Malpaso Productions
535544,Focus Features
535544,Carnival Films
535544,Perfect World Pictures
976576,Rectangle Productions
976576,Pathé
976576,Chantelouve
976576,Goodfellas
976576,Logical Content Ventures
1648,DEG
1648,Nelson Entertainment
1648,Interscope Communications
1648,Soisson/Murphy Productions
571,Alfred J. Hitchcock Productions
916,Warner Bros.-Seven Arts
916,Solar Productions
1145725,Tyler Perry Studios
1083968,North.Five.Six.
1083968,ZQ Entertainment
1083968,R.U. Robot Studios
1083968,Arcana Studio
1083968,Sillen Productions
1083968,BondIt Media Capital
1083968,Exemplary Films
1083968,Magic Button Films
1083968,Longevity Pictures
1083968,Blue Rider Pictures
1083968,Raimi Productions
1083968,The Avenue Entertainment
1083968,A-A Productions
1181678,MarVista Entertainment
603661,BCDF Pictures
603661,Convergent Media
603661,Big Indie Pictures
603661,Federal Films
603661,Mister Smith Entertainment
603661,Vertical
11971,Renaissance Films
11971,BBC Film
11971,American Playhouse
11971,The Samuel Goldwyn Company
139038,Open Road Films
139038,Endgame Entertainment
139038,Wayans Bros. Entertainment
139038,IM Global
8275,Rogue Pictures
8275,Neo Art & Logic
10159,Columbia Pictures
10159,Universal Pictures
10159,WWE Studios
10159,Misher Films
10159,Strike Entertainment
10159,IM3 Entertainment
8195,United Artists
8195,FGM Entertainment
8195,Metro-Goldwyn-Mayer
8195,UAC
10147,Mike Zoss Productions
10147,Triptych Pictures
10147,Dimension Films
10147,Miramax
10147,Columbia Pictures
1295400,Zentropa Entertainments
1295400,Film i Väst
1295400,Zentropa International Sweden
1290432,Les Films Velvet
1290432,France 3 Cinéma
1290432,Auvergne-Rhône-Alpes Cinéma
1290432,Buenos Hair
11528,Island World
11528,20th Century Fox
812037,SBS Productions
1523667,Vivamax
1523667,LDG Productions
592983,Skydance Animation
592983,Skydance Animation
12536,Fox Television Studios
4437,Metro-Goldwyn-Mayer
717930,Thunder Road
717930,G-BASE
717930,MBC Studios
717930,Capstone Pictures
10957,Silver Screen Partners II
10957,Walt Disney Pictures
10957,Walt Disney Productions
9562,Paramount Pictures
9562,Mutual Film Company
9562,The Donners' Company
9562,Cobalt Media Group
9562,Artists Production Group
25376,Canal+ España
25376,100 Bares
25376,Tornasol Media
25376,Ministerio de Cultura
25376,INCAA
25376,Haddock Films
25376,TVE
25376,Telefe
22825,MRC
22825,Radar Pictures
22825,Darko Entertainment
53932,Iberoamericana Films Internacional
53932,Apricot
1662414,JTP Films
1662414,Kids At Play
1633,Act III Productions
1633,Electric Shadow Productions
1633,The Avnet/Kerner Company
1633,The Rank Organisation
137093,Gidden Media
137093,CBS Films
137093,Good Universe
137093,Laurence Mark Productions
137093,Outlaw Sinema
137093,Mandate International
1577,Davis Films/Impact Pictures
1577,Screen Gems
1577,Constantin Film
685274,SUNRISE
685274,TFC
10761,Columbia Pictures
10761,Original Film
669204,Kino Films
669204,Kinoshita Group
1484453,WildBrain Studios
1484453,Charles M. Schulz Creative Associates
1740313,Stamptown
1740313,Abso Lutely Productions
23048,Metro-Goldwyn-Mayer
23048,New Crime Productions
23048,United Artists
11901,Malpaso Productions
11901,Universal Pictures
11551,DreamWorks Pictures
11551,Universal Pictures
11551,Amblin Entertainment
4517,Universal Pictures
4517,StudioCanal
4517,Working Title Films
4517,Motion Picture ETA Produktionsgesellschaft
1376043,ChevalDeuxTrois
1376043,Nolita
1376043,Wrong Men
1376043,Marvelous Productions
10510,20th Century Fox
10510,Hughes Entertainment
27324,Daiei Film
27324,Nippon Television Network Corporation
27324,Hakuhodo
27324,IMAGICA
610361,Vice Films
610361,Central Partnership
184346,LStar Capital
184346,Screen Gems
184346,Jerry Bruckheimer Films
2320,Silver Pictures
2320,Warner Bros. Pictures
812225,Pierrot
812225,Bandai Namco Entertainment
812225,MBS
812225,TV Tokyo
812225,avex pictures
812225,Shueisha
539537,Blumhouse Productions
539537,Columbia Pictures
539537,Tower of Babble
1266,Fox Searchlight Pictures
1266,Regency Enterprises
1266,Dune Entertainment III
1266,Emmett/Furla Films
1266,Yari Film Group
677638,Cartoon Network Studios
13320,Paramount Pictures
532710,Blumhouse Productions
532710,Weed Road Pictures
532710,Universal Pictures
74465,Dune Entertainment
74465,Estrella Media
74465,Vinyl Films
74465,20th Century Fox
315664,BBC Film
315664,Qwerty Films
315664,Pathé
8982,Sahamongkolfilm
8982,Baa-Ram-Ewe
8982,Golden Network Asia
8982,K&K McGrath Productions
9542,Feldman/Meeker Productions
51620,Moonlighting Films
51620,CC Capital Arts Entertainment SRL
295964,3 Arts Entertainment
295964,Battle Mountain Films
295964,Shiny Penny Productions
1266800,Mai Juin Productions
1266800,StudioCanal
1266800,uMedia
1097311,Black Bicycle Entertainment
1097311,Apple Studios
1097311,Scott Free Productions
618588,Entertainment One
618588,Tucker Tooley Entertainment
618588,Municipal Pictures
618588,Atmosphere Entertainment MM
1255833,Imagine Entertainment
1255833,20th Century Studios
1255833,Jurassic Party
7972,Michael Cerenzie Productions
7972,Capitol Films
7972,Linsefilm
7972,Unity Productions
7972,Funky Buddha Productions
7972,Entertainment Film Distributors
961484,Voltage Pictures
961484,Perfection Hunter Productions
961484,G-BASE
961484,Marc Frydman Productions
869626,Cinereach
869626,Chiodo Bros. Productions
869626,You Want I Should
869626,Human Woman
869626,Sunbeam TV & Films
12120,Weintraub Entertainment Group
12120,The Catalina Production Group
413362,Culture China - Image Nation Abu Dhabi Fund
413362,Cross Creek Pictures
413362,Bron Studios
413362,Escape Artists
413362,Image Nation Abu Dhabi
413362,MACRO
413362,Topic Studios
413362,Columbia Pictures
506574,"Bad Angels Productions, Ltd."
506574,5678 Productions
506574,Disney Channels Worldwide
10249,Walt Disney Pictures
10249,Gordon Company
10249,Dark Horse Entertainment
10249,Silver Screen Partners IV
2655,DreamWorks Pictures
2655,20th Century Fox
2655,ImageMovers
9571,Alphaville Films
9571,Detour Filmproduction
748230,New Line Cinema
748230,Atomic Monster
748230,Vertigo Entertainment
748230,Wolper Organization
11198,Orange Sky Golden Harvest
11198,Golden Way Films Ltd.
11198,Paragon Films
9760,Regency Enterprises
9760,New Regency Pictures
9760,Paul Schiff Productions
9760,20th Century Fox
44683,DisneyToon Studios
44683,Prana Animation Studios
3035,Universal Pictures
979660,MACRO
979660,Entertainment One
979660,Gowanus Projections
414947,Budapest Filmstúdió
10403,Avenue Pictures
10403,Spelling Entertainment
10403,Addis-Wechsler Productions
10403,Fine-Line Productions
1139817,Climax Studios
1139817,STUDIO706
417261,LD Entertainment
653,Prana-Film
13417,Disney Television Animation
13417,DisneyToon Studios
13417,Walt Disney Home Video
1744446,Lock Frame Sdn Bhd
1492608,Company Name
1492608,Maximum Effort
1492608,Zipper Bros Films
474764,FilmNation Entertainment
474764,Hammer Film Productions
629176,Metro-Goldwyn-Mayer
629176,Balboa Productions
8374,Franchise Pictures
8374,Brood Syndicate
8374,B.D.S. Productions Inc.
1284004,20th Television Animation
1284004,Gracie Films
417320,"Bad Angels Productions, Ltd."
417320,5678 Productions
417320,Disney Channel
11452,Tapestry Films
11452,Myriad Pictures
11452,Artisan Entertainment
306819,Pretty Pictures
306819,Working Title Films
306819,Artémis Productions
306819,Shelter Productions
306819,Senator Global Productions
306819,ReVision Pictures
306819,Working Title Films
9759,Electric Entertainment
271969,Metro-Goldwyn-Mayer
271969,Paramount Pictures
271969,LightWorkers Media
271969,Sean Daniel Company
752397,Pirámide
13342,Refugee Films
13342,Universal Pictures
11963,The De Laurentiis Company
11963,Tom Ward Enterprises
11963,Wildwood Enterprises
244,RKO Radio Pictures
75258,DisneyToon Studios
75258,Prana Animation Studios
341006,Orion Pictures
341006,Troll Court Entertainment
341006,The Safran Company
341006,BH Tilt
203,Taplin-Perry-Scorsese Productions
11601,Artisan Entertainment
11601,Hofflund/Polone
369471,Toei Company
682110,The Sea Change Project
682110,Off the Fence
1428990,Anova Pictures
1428990,BondIt Media Capital
1428990,North Avenue Pictures
1428990,WorldOne Entertainment
371638,New Line Cinema
371638,Rabbit Bandini Productions
371638,Point Grey Pictures
371638,Good Universe
371638,RatPac Entertainment
371638,Ramona Films
52520,Screen Gems
52520,Lakeshore Entertainment
52520,Sketch Films
52520,UW4 Productions
9675,Fox Searchlight Pictures
9675,Michael London Productions
11846,Touchstone Pictures
11846,Sandollar Productions
11846,Touchwood Pacific Partners 1
35552,EuropaCorp
35552,Apipoulaï Prod
35552,TF1 Films Production
82650,Color Force
82650,Dune Entertainment
82650,Fox 2000 Pictures
1083884,Darius Films
1083884,Productivity Media
1083884,MPX Films
487297,BET Films
487297,Paramount Players
487297,Will Packer Productions
1509599,Vels Film International
1509599,Vishnu Vishal Studioz
40805,Original Film
40805,Columbia Pictures
396194,Potemkino
396194,Piano B
396194,Lucky Red
396194,Blossoms Island
396194,Block 2 Pictures
396194,GAGA Corporation
9353,Paramount Pictures
9353,Nickelodeon Movies
9353,Black & White Productions
9353,MP Inka
1107216,TAT Productions
1107216,Apollo Films
1107216,France Télévisions
1107216,France 3 Cinéma
1107216,Cine+ OCS
1107216,CNC
1107216,OCS
1107216,Canal+
1107216,Procirep-Angoa
1107216,Sacem
1107216,Cinémage 18
1107216,Kinology
894205,Marvel Studios
894205,Kevin Feige Productions
581462,Gobelins
581462,L'école de l'image
9012,Lynch Siderow Productions
9012,Dickhouse Productions
9012,Paramount Pictures
9012,MTV Films
1016121,Voltage Pictures
160588,Gravier Productions
160588,Perdido Productions
82682,Village Roadshow Pictures
82682,Lin Pictures
82682,Langley Park Production
82682,Warner Bros. Pictures
864370,Monkey Movies
864370,Moonshine Studio
864370,Kaohsiung Film Fund
1280015,Embankment Films
1280015,27 Ten Productions
1280015,Athenaeum Productions
8923,OddLot Entertainment
8923,Yank Film Finance Limited
8923,Senator International
9346,Geffen Pictures
9346,The Steve Tisch Company
9346,Jon Avent Productions
553,Zentropa Entertainments
553,Isabella Films B.V.
553,Something Else B.V.
553,Memfis Film
553,Trollhättan Film
553,Pain Unlimited Filmproduktion
553,Sigma Films
553,Zoma Films
553,Slot Machine
553,Liberator Productions
553,Film i Väst
553,ARTE France Cinéma
553,France 3 Cinéma
553,DR
553,SVT
553,NPS
553,YLE
553,Norsk TV2 AS
553,Edith Film
553,Spillefilmselskapet 4 1/2
553,Fjeldabe Films AS
553,Invicta Capital
553,TV 1000 Sverige
553,WDR
553,ARTE
721625,Invisible Narratives
721625,Platinum Dunes
721625,STXfilms
721625,CatchLight Studios
830784,Eagle Pictures
830784,Columbia Pictures
5966,Jersey Films
487616,Fidélité Films
487616,Curiosa Films
487616,Playtime
929204,Aardman
14069,Madhouse
14069,Happinet Pictures
14069,KADOKAWA
14069,KADOKAWA Shoten
14069,Q-TEC
14069,Memory-Tech
14069,Studio Chizu
445,Les Films du Losange
445,Wega Film
445,BiM Distribuzione
445,ARTE France Cinéma
445,Bavaria Film
445,France 3 Cinéma
445,ORF
445,WDR
445,ARTE
328111,Illumination
328111,Universal Pictures
617502,Millennium Media
617502,Amazon Studios
617502,Campbell Grobman Films
617502,Busted Shark Productions
617502,Electric Films
617502,Nu Boyana Film Studios
617502,Jolt Productions
617502,Davis Films
1029235,C2 Motion Picture Group
1029235,Traffic.
839,Universal Television
12448,Disney Television Animation
12448,Walt Disney Animation Japan
12448,Walt Disney Pictures
743814,JNC Media Group
743814,Leopardo Corea
4912,Miramax
4912,Renaissance Films
4912,Mad Chance
4912,Section Eight
4912,JVS
353070,Village Roadshow Pictures
353070,New Line Cinema
353070,De Line Pictures
353070,RatPac Entertainment
9947,Regency Enterprises
9947,New Regency Pictures
9947,Marvel Enterprises
9947,Horseshoe Bay Productions
9947,20th Century Fox
801,Touchstone Pictures
801,Silver Screen Partners III
72207,Universal Pictures
72207,Relativity Media
72207,Apatow Productions
72207,Stoller Global Solutions
475210,Paul Schiff Productions
475210,Sierra/Affinity
10354,The Zanuck Company
10354,Malpaso Productions
10354,Warner Bros. Pictures
132344,Castle Rock Entertainment
132344,Detour Filmproduction
132344,Faliro House Productions
132344,Venture Forth
132344,IM Global
446894,Warner Animation Group
446894,Zaftig Films
9894,Columbia Pictures
9894,Brillstein-Grey Entertainment
9894,Licht/Mueller Film Corporation
692,Dreamland
16995,Andell Entertainment
16995,Working Title Films
16995,StudioCanal
16995,Relativity Media
244761,The Film Farm
244761,Ego Film Arts
123025,Warner Premiere
123025,Warner Bros. Animation
123025,DC
6415,Village Roadshow Pictures
6415,Atlas Entertainment
6415,Village-A.M. Partnership
6415,Coast Ridge
6415,Junger Witt Productions
2616,Hughes Entertainment
111190,Gaumont
111190,Screen Australia
111190,Ciné-@
111190,Hopscotch Features
111190,Mon Voisin Productions
111190,Screen NSW
111190,Canal+
111190,France 2 Cinéma
111190,France Télévisions
11977,Orion Pictures
1263256,Happy Madison Productions
351339,22H22
351339,Lucky Man Films
351339,Silver A
351339,LD Entertainment
71689,Disney Television Animation
71689,Disney Channel
11185,TriStar Pictures
1274706,K & S Films
347626,Miramax
347626,Ethea Entertainment
1181540,Millennium Media
1181540,BondIt Media Capital
1181540,Good Complex
1181540,Buffalo 8
1181540,Lightnin' Production Rentals
1181540,Rearview Pictures
1181540,Gramercy Park Media
585216,Original Film
585216,Columbia Pictures
585216,"Shaken, Not Stirred Productions"
1151949,Frontier Pictures
9394,West Film
58151,Gaeta / Rosenzweig Films
58151,DreamWorks Pictures
58151,Michael De Luca Productions
58151,Reliance Entertainment
11879,DEG
11879,F/M
11879,Near Dark Joint Venture
126963,Bandai Namco Games
126963,Toei Animation
126963,Fuji Television Network
126963,Shueisha
126963,Toei Company
126963,Fox International Productions Japan
126963,Bandai
1750914,BBC
11007,20th Century Fox
11007,Robert Simonds Productions
11062,Castle Rock Entertainment
354287,Plan B Entertainment
354287,Blue-Tongue Films
537921,Sony Pictures Animation
348678,Nordsvensk Filmunderhållning
348678,SVT
348678,Film i Väst
348678,Tre Vänner
348678,Nordisk Film Sweden
348678,Fantefilm
11644,Cinema 77
11644,Geria Productions
11644,George Litto Productions
11644,Viscount Associates
13122,Alive Films
13122,Universal Pictures
22824,Universal Pictures
22824,Gold Circle Films
22824,Chambara Pictures
22824,Dead Crow Productions
22824,Saga Film
22824,Mandate International
302401,KrautPack Entertainment
302401,Vendian Entertainment
302401,Endgame Entertainment
302401,Wild Bunch
302401,Open Road Films
302401,TG Media
648457,Signal.MD
648457,Production I.G
648457,Rayark
648457,Pony Canyon
7095,Hollywood Pictures
7095,Great Oaks Entertainment
7095,American Zoetrope
9400,New Line Cinema
9400,Peak Productions
1421594,Nexiko
1750886,BBC
321741,Village Roadshow Pictures
321741,Columbia Pictures
321741,The Cantillon Company
321741,LStar Capital
321741,The Shuman Company
321741,Cara Films
321741,Scott Free Productions
59387,Cartoon Network Studios
59387,Warner Bros. Pictures
59387,Cartoon Network Movies
59387,Craig McCracken Productions
2976,New Line Cinema
2976,Zadan / Meron Productions
2976,Ingenious Film Partners
23202,Legendary Pictures
23202,Bad Hat Harry Productions
23202,Little Sam Films
23202,Warner Bros. Pictures
10629,Jerry Bruckheimer Films
10629,Touchstone Pictures
10629,Persevere Productions Ltd.
10629,World 2000 Entertainment
460668,Wonderland Sound and Vision
460668,Voltage Pictures
460668,Universal Pictures
460668,STXfilms
460668,Huayi Brothers Pictures
1857,Marvel Productions
1857,Sunbow Productions
1483614,Build Dream
1483614,Tencent Video
1483614,Ran Dong Yuzhou Studio Group
439,Cinecittà Studios
439,Pathé Consortium Cinéma
439,Riama Film
11284,New Line Cinema
37821,Katalyst Films
37821,Lionsgate
37821,Aversano Films
10803,Metro-Goldwyn-Mayer
10803,Saul David Productions
9535,Warner Bros. Pictures
9535,Village Roadshow Pictures
9535,NPV Entertainment
9535,Face Productions
9535,Tribeca Productions
9535,Spring Creek Pictures
9535,Baltimore Pictures
575219,Alibaba Pictures Group
575219,Bona Film Group
575219,CMC Pictures
575219,Shanghai PMF Media
575219,Tianjin Maoyan Media
575219,Wanda Pictures
575219,Fun Age Pictures
9922,Tig Productions
9922,Warner Bros. Pictures
1752249,Danaë K Grieef Films
1355666,bombaramfilm
283552,DreamWorks Pictures
283552,Reliance Entertainment
283552,Participant
283552,Heyday Films
897160,Studio N
897160,Oscar 10 Studio
897160,Vol Media
1396,Mosfilm
32985,Davis Films
32985,Czech Anglo Pictures
32985,Wandering Star Pictures
32985,Essential Entertainment
266285,Spier Films
266285,Forward Films
266285,TrustNordisk
266285,Zentropa Entertainments
266285,F.I.L.M.S.
266285,Det Danske Filminstitut
266285,DR
266285,Nordisk Film & TV Fond
266285,Film i Väst
266285,"The Department of Trade, Industry and Competition of South Africa"
266285,MEDIA Programme of the European Union
12233,Walt Disney Pictures
12233,Silver Screen Partners III
12233,Walt Disney Feature Animation
430417,Pear Production
20943,Lakeshore Entertainment
20943,Relativity Media
11497,Goldcrest
11497,Don Bluth Entertainment
11497,Don Bluth Ireland
1421552,Emei Film Studio
1421552,Maoyan Entertainment
1421552,Uni Media
1421552,Beijing Enlight Pictures
1421552,Huaxia Film Distribution
1363979,Shin-Ei Animation
1363979,TV Asahi
1363979,avex pictures
1363979,TV Asahi Music
1363979,movic
1363979,dentsu
1363979,BS Asahi
1363979,Akita Shoten
580175,Zentropa Entertainments
580175,Film i Väst
580175,Topkapi Films
580175,Zentropa International Sweden
580175,Zentropa International Netherlands
470044,Temple Hill Entertainment
10756,Doom Buggy Productions
10756,Walt Disney Pictures
10756,Gunn Films
8688,Paramount Pictures
8688,DeBart
8688,Touchstone Pictures
8688,GP Snake Eyes Productions
129280,Mantaray Film
129280,Svenska Filminstitutet
198277,Likely Story
198277,Exclusive Media
198277,Sycamore Pictures
198277,Apatow Productions
198277,Black Label Media
1109086,Yash Raj Films
726759,Marv
726759,AI Film
726759,Unigram
726759,Cloudy Productions
460019,Blumhouse Productions
525661,Lighthouse Management + Media
525661,Denver & Delilah Productions
525661,Bron Studios
525661,Annapurna Pictures
525661,Creative Wealth Media Finance
525661,Lionsgate
525661,Endeavor Content
1732097,HBO
906221,Warner Bros. Pictures
906221,Nick Wechsler Productions
906221,Free Association
896536,A24
896536,Encyclopedia Pictura
896536,Neighborhood Watch
896536,Year of the Rat
896536,AGBO
896536,Access Entertainment
896536,IPR.VC
1694,Empire Pictures
1429,Touchstone Pictures
1429,40 Acres and a Mule Filmworks
1429,25th Hour Productions
1429,Gamut Films
1429,Industry Entertainment Partners
57089,Kanbar Entertainment
57089,The Weinstein Company
1049942,Jagged Edge Productions
11917,Twisted Pictures
11917,Mandate Pictures
9829,Sidney Kimmel Entertainment
9829,Working Title Films
9829,StudioCanal
9829,Working Title Films
29926,Sharpie Films
29926,Sharpshooter Studios
1494,Beijing New Picture Film Co. Ltd.
1494,Elite Group Enterprises
1494,Film Partner International
1494,Edko Films
1494,Picasso Pictures
5236,Silver Pictures
11507,Delphi II Productions
11507,Columbia Pictures
592,The Directors Company
592,The Coppola Company
11336,The De Laurentiis Company
11336,Lorimar Motion Pictures
929130,Zen Pictures
47002,Fuji Television Network
47002,Herald Ace
463022,Lionsgate
463022,Wolf Entertainment
463022,Fortress Features
463022,Voltage Pictures
227306,Legendary Pictures
227306,Jolie Pas
227306,3 Arts Entertainment
25475,DisneyToon Studios
25475,Prana Animation Studios
13161,Crystal Sky Pictures
13161,From Out of Nowhere Productions
13161,Silver Nitrate
13161,Chicago Entertainment Partners
42337,Sara Films
42337,Antenne 2
1484913,Alchemy Films (IN)
2640,New World Pictures
2640,Cinemarque Entertainment
2640,Trans Atlantic Entertainment
398329,La Perla Films
412988,STXfilms
412988,Black Bear Pictures
412988,Henson Alternative
412988,Huayi Brothers Pictures
412988,On the Day
412988,TMP Films
7508,Aamir Khan Productions
7508,PVR Inox Pictures
7508,UTV Motion Pictures
4031,CAPAC
4031,S.N. Prodis
4031,Universal Pictures France
4031,Uranus Productions
11011,Davis Entertainment
11011,Silver Pictures
11011,Warner Bros. Pictures
651,Ingo Preminger Productions
651,20th Century Fox
651,Aspen Productions
8867,New World Pictures
8867,Robert Mark Kamen Productions
13836,Walt Disney Pictures
13836,Gunn Films
799876,Focus Features
799876,FilmNation Entertainment
799876,Unified Theory
799876,Scoop Productions
618851,Toei Animation
618851,Toei Company
618851,Studio Deen
618851,Kodansha
618851,Kinoshita Group
618851,Bandai
618851,The Asahi Shimbun
618851,King Records
1262,Three Strange Angels
1262,Mandate Pictures
1262,Columbia Pictures
1588838,Mod Producciones
1588838,Atresmedia Cine
760161,Dark Castle Entertainment
760161,Entertainment One
760161,Eagle Vision
58628,United Artists
58628,Allied Artists Pictures
58628,Harold Robbins International Company
352549,O Quadro
1754582,Enquadramento Produções
1754582,Esquina Filmes
10220,Miramax
10220,Spanky Pictures
10040,Village Roadshow Pictures
10040,Castle Rock Entertainment
10040,Fortis Films
1239134,Balaji Motion Pictures
1239134,Cape of Good Films
55301,Fox 2000 Pictures
55301,20th Century Fox
55301,Regency Enterprises
55301,Dune Entertainment
55301,Bagdasarian Productions
365620,STXfilms
365620,Forward Pass
365620,Storyteller Productions
365620,Ketchup Entertainment
365620,Esme Grace Media
365620,Cecchi Gori USA
365620,Red Sea Fund
365620,Iervolino & Lady Bacardi Entertainment
9529,Propaganda Films
9529,PolyGram Filmed Entertainment
9529,Candyman Films
9529,TriStar Pictures
623,Prominent Features
623,Metro-Goldwyn-Mayer
623,Fish Productions
623,Michael Shamberg Productions
1041613,Black Bear Pictures
1041613,Fifty-Fifty Films
1041613,Middle Child Pictures
28339,Pacific Trust
28339,New Classics
28339,Miracle Pictures
80585,Offspring Entertainment
80585,New Line Cinema
80585,Corner Store Entertainment
80585,Material Pictures
80585,Maguire Entertainment
1186957,Magic Light Pictures
11592,Polar Entertainment
11592,Savoy Pictures
16523,Warner Bros. Pictures
16523,Legendary Pictures
16523,Village Roadshow Pictures
16523,Playtone
16523,KLG Film Invest
16523,Wild Things Productions
763165,Double Nickel Entertainment
763165,Bobby Shriver Productions
763165,Foxxhole Productions
763165,Maven Screen Media
763165,Amazon MGM Studios
763165,Big Indie Pictures
783675,Toei Animation
783675,Toei Company
783675,DandeLion Animation Studio
40807,Mandate Pictures
40807,Point Grey Pictures
9599,TriStar Pictures
9599,Palisades California Inc.
1081400,20th Digital Studio
1081400,Altar Rock Pictures
1081400,Death Ground
1081400,WTP Pictures
1081400,RELevent Productions
962640,Hombale Films
511322,New Line Cinema
511322,Bron Studios
511322,1000 Eyes
585834,"Lyntone Productions, LLC"
11023,Michael London Productions
11023,Working Title Films
11023,Antidote Films
11023,Sound for Film
62568,Chang-Hong Channel Film & Video Co.
62568,Wong Jing's Workshop Ltd.
9563,Warner Bros. Pictures
9563,Ixtlan Productions
9563,The Donners' Company
602063,Warner Bros. Japan
602063,Amuse Soft Entertainment
602063,AMUSE
602063,Shueisha
602063,KDDI
602063,GYAO
643586,Saturn Films
643586,JD Entertainment
643586,Landafar Entertainment
643586,Landmark Studio Group
643586,Almost Never Films
306947,XYZ Films
306947,Gamechanger Films
306947,Lege Artis
306947,The Invitation
306947,Drafthouse Films
22201,Wallis-Hazen Inc.
22201,Hal Wallis Productions
22201,Paramount Pictures
11176,ITC Entertainment
11176,Henson Associates
667739,Escape Artists
667739,Sony Pictures
667739,Bron Studios
667739,HartBeat Productions
466282,Awesomeness Films
466282,Overbrook Entertainment
11704,United Artists
11704,Aurora
11704,Don Bluth Entertainment
11704,Mrs. Brisby
11704,Metro-Goldwyn-Mayer
10782,Phoenix Pictures
10782,Intermedia Films
10782,Columbia Pictures
1625901,Lifetime
1625901,Rohm Feifer Entertainment
1625901,Studio TF1 America
9294,Touchstone Pictures
5038,Gravier Productions
5038,Mediapro
5038,Atresmedia
5038,Dumaine Productions
242224,Screen Australia
242224,Smoking Gun Productions
242224,Causeway Films
242224,South Australian Film Corporation
242224,Entertainment One
21407,Imaginarium Entertainment Group
21407,Fortress Features
21407,LD Entertainment
15165,Mainframe Entertainment
15165,Mattel
15165,Lionsgate Home Entertainment
606,Universal Pictures
606,Mirage Entertainment
606,Mirage Enterprises
576530,Eurofilm 91 S.r.l.
4518,PolyGram Filmed Entertainment
4518,Working Title Films
4518,Channel Four Films
46146,Filmkameratene
46146,FilmFondet Fuzz
46146,SF Norge
10131,New Line Cinema
10131,Heron Communications
10131,Smart Egg Pictures
994108,Film4 Productions
994108,Blueprint Pictures
994108,Searchlight Pictures
994108,TSG Entertainment
800815,Cross Creek Pictures
800815,Le Grisbi Productions
102362,WWE Studios
102362,Original Film
102362,Frequency Films
102362,IM Global
136835,Will Packer Productions
723072,Shadowhouse Films
723072,BOO-URNS
328688,INFOHIBUR PRODUCTION SDN. BHD.
338958,Walt Disney Pictures
338958,Josephson Entertainment
338958,Right Coast
11335,Paramount Pictures
11335,Walt Disney Productions
11335,Robert Evans Productions
11335,King Features Syndicate
937926,Red Octopus
937926,Gruñon
419680,Red Granite Pictures
419680,Gary Sanchez Productions
419680,Paramount Pictures
50321,Walt Disney Pictures
50321,ImageMovers Digital
10048,Original Film
10048,Phoenix Pictures
10048,Laura Ziskin Productions
1502135,Shanghai Media Group 上海文化广播影视集团 (SMG)
72570,Spyglass Entertainment
72570,Screen Gems
72570,Birnbaum/Barber Productions
1529513,Mega Films
29427,Penn Station Entertainment
29427,Participant
29427,Overture Films
29427,Image Nation Abu Dhabi
29427,Paramount Vantage
10676,The De Laurentiis Company
65759,Warner Bros. Pictures
65759,Village Roadshow Pictures
65759,Kennedy Miller Mitchell
65759,Dr. D. Studios
10651,Malpaso Productions
10651,Warner Bros. Pictures
619297,Pride of Gypsies
619297,ASAP Entertainment
619297,On the Roam
262,Embassy International Pictures
11463,Spitfire Productions
11463,United Artists
10294,Screen Gems
10294,Hal Lieberman Company
745048,broken production
585759,Watchout Studio
585759,Next Film
585759,CANAL+ Polska
585759,Big City Outdoor
585759,The Story Lab
585759,Poręczenia Kredytowe
585759,Kosafilm
585759,Galeria Olśnienia Go
585759,TVN Film
851,Cineguild
851,J. Arthur Rank Organisation
134764,ArtisteFilm Company
134764,China 3D Digital Entertainment
227156,The Weinstein Company
227156,Asis Productions
227156,Tonik Productions
227156,Walden Media
227156,Yucaipa Films
39451,Universal Pictures
39451,Paramount Pictures
39451,Relativity Media
39451,Tribeca Productions
39451,Everyman Pictures
39451,Nancy Tenenbaum Films
521,Warner Bros. Pictures
20003,20th Century Fox
1819,MMCB Film Produktion 2004
1819,Universal Pictures
1819,Kaplan/Perrone Entertainment
588890,Hausboot
588890,Les Films du Cygne
588890,Animoon
588890,Fresh Films
588890,CinemArt
588890,CANAL+ Polska
588890,EC1 Łódź
77930,Iron Horse Entertainment
77930,Extension 765
77930,FilmNation Entertainment
77930,Warner Bros. Pictures
6404,Werner Herzog Filmproduktion
6404,Gaumont
6404,ZDF
1693442,Vivamax
962,Charles Chaplin Productions
265195,El Deseo
265195,K & S Films
265195,Telefe
265195,Corner Producciones
8834,Silver Pictures
8834,Warner Bros. Pictures
8834,Donner/Shuler-Donner Productions
68179,The Weinstein Company
68179,Kaleidoscope TWC
68179,Rainmaker Entertainment
68179,GRF Productions
9327,Universal Pictures
9327,Imagine Entertainment
9327,Eddie Murphy Productions
18162,Universal Pictures
18162,Relativity Media
18162,Sid & Marty Krofft Pictures
18162,Mosaic Media Group
614911,Smokehouse Pictures
614911,Syndicate Films
614911,Anonymous Content
614911,Truenorth Productions
1180611,Bachibouzouk
51170,Sony Pictures Animation
51170,Reel FX Creative Studios
51170,Sony Pictures Home Entertainment
333352,Raindog Films
333352,Entertainment One Features
10665,Intrepid Pictures
10665,Rogue Pictures
10665,Vertigo Entertainment
10665,Mandate Pictures
2100,DreamWorks Pictures
2100,Robert Lawrence Productions
301502,Plan B Entertainment
1616674,Wahana Kreator
517814,Boo Pictures
517814,Mooz Films
517814,Les Films des Tournelles
517814,Open City Films
517814,KNM
517814,Synchronicity Films
517814,Louverture Films
517814,The Bridge Production
516632,BOOM! Studios
516632,Out of Africa Entertainment
516632,20th Century Fox
250480,Walt Disney Productions
1339676,Prithviraj Productions
1339676,E4 Entertainments
1154538,Crave
1154538,Zapruder Films
1154538,Elevation Pictures
7553,LIFT Productions
7553,Eden Rock Media
7553,Lions Gate Films
549649,"Infinity Entertainment Co., Ltd."
2046,Lakeshore Entertainment
2046,Alphaville Films
2046,Paramount Classics
11411,The Cannon Group
11411,London-Cannon Films
11411,Golan-Globus Productions
11411,Warner Bros. Pictures
1316427,General Entertainment Authority
1316427,Riyadh Season
4566,Castle Rock Entertainment
4566,Mirage Enterprises
4566,Section Eight
4566,Samuels Media
10110,Warner Bros. Pictures
10110,Amblin Entertainment
809787,Idea(L)
809787,Vocab Films
809787,New Sparta Films
809787,Ingenious Media
809787,Lipsync Productions
809787,Cornerstone Films
970450,The Solution
970450,Monty the Dog Productions
970450,Burke Management (US)
970450,Pimienta
7450,David Kirschner Productions
7450,Gary Goldman Productions
7450,20th Century Fox
7450,20th Century Fox Animation
8859,20th Century Fox
8859,Wayne Rice/Gil Netter Productions
8859,Alcon Entertainment
682377,Yale Productions
470114,Thunder Road
470114,Fundamental Films
470114,Film Afrika
956842,These Pictures
956842,Berlanti Productions
956842,Apple Studios
1094556,Nickelodeon Movies
457335,Occupant Entertainment
457335,Four Knights Film
457335,Maze Pictures
457335,Cutting Edge Group
457335,Electric Shadow Company
457335,Ingenious Media
457335,uMedia
457335,WS Filmproduktion
457335,Hyperion Media Group
457335,New Zealand Film Commission
11683,Romero-Grunwald Productions
11683,Universal Pictures
11683,Atmosphere Entertainment MM
11683,Wild Bunch
11683,Rangerkim
11683,Ontario Media Development Corporation
371608,Aviron Pictures
371608,White Comet Films
371608,Bloom
371608,Rogue Pictures
371608,The Fyzz
371608,SoundNode
371608,Ingenious Media
133121,Digital Frontier
133121,Capcom
133121,Sony Pictures
453661,Álvarez & Díaz
11329,New Regency Pictures
11329,Regency Enterprises
347201,Pierrot
347201,Aniplex
347201,Bandai Namco Entertainment
347201,Bandai
347201,dentsu
347201,Shueisha
347201,TV Tokyo
347201,TOHO
10781,Texas Chainsaw Productions
10781,New Line Cinema
10781,Next Entertainment
10781,Platinum Dunes
10781,Vortex/Henkel/Hooper
34480,Pathe
34480,Celador Films
586791,Automatik Entertainment
586791,Oddfellows Entertainment
586791,Black Bear Pictures
586791,Tango Entertainment
1244523,Constantin Film
1244523,JB Pictures
1244523,Jaguar Bite
1244523,North.Five.Six.
872906,Red Chillies Entertainment
1243341,Night Zone Productions
1243341,Court Five
1243341,Disney Channel
975,Bryna Productions
975,United Artists
975,Harris-Kubrick Productions
1383247,Monkey Pack Films
1383247,M.E.S. Productions
1383247,WTFilms
1383247,Ginger & Fed
8066,Epsilon Motion Pictures
8066,Regency Enterprises
8066,New Regency Pictures
353326,Animus Films
353326,Pressman Film
353326,Kreo Films
353326,Xeitgeist Entertainment Group
353326,American Entertainment Investors
353326,Cayenne Pepper Productions
295830,Nikkatsu Corporation
295830,TOHO
295830,Kodansha
295830,dentsu
295830,AMUSE
295830,Horipro
295830,Hakuhodo DY Media Partners
295830,jeki
295830,KDDI
295830,Yomiuri Shimbun Company
295830,Nippan Group Holdings
295830,GYAO
295830,Tokyo FM
295830,The Asahi Shimbun
9359,Warner Bros. Pictures
9359,Icon Productions
9359,Donner/Shuler-Donner Productions
6972,Bazmark
6972,20th Century Fox
6972,Dune Entertainment
6972,Ingenious Film Partners
1281,Working Title Films
1281,Tiger Aspect
1281,PolyGram Filmed Entertainment
231,Participant
231,4M
231,Section Eight
231,FilmWorks
231,MID Foundation
231,Warner Bros. Pictures
239678,Spring Creek Pictures
239678,21 Laps Entertainment
239678,Warner Bros. Pictures
10323,Peerford Ltd.
10323,Metro-Goldwyn-Mayer
10323,Charles H. Schneer Productions
10323,Titan Productions
601796,Caper Film
601796,CJ Entertainment
11802,Vanguard Animation
11802,Starz Animation
10199,Larger Than Life Productions
914206,Les films du Bélier
914206,My New Picture
914206,Sons of Manual
914206,ARTE France Cinéma
914206,AMI Paris
914206,Jamal Zeinal Zade
1620034,Imagine Documentaries
96936,American Zoetrope
96936,NALA Films
96936,Pathé
567604,20th Century Fox
567604,Genre Films
567604,Maximum Effort
567604,Marvel Entertainment
41439,Twisted Pictures
41439,Serendipity Productions
41439,A Bigger Boat
7090,Cinéa
7090,Kasander Film Company
7090,"Ken Park, Inc."
591273,Chernin Entertainment
80035,21 Laps Entertainment
615643,Plan B Entertainment
565028,Metro-Goldwyn-Mayer
565028,Monkeypaw Productions
565028,Bron Studios
565028,Universal Pictures
790,AVCO Embassy Pictures
790,EDI
790,Debra Hill Productions
11231,Columbia Pictures
488623,BA Entertainment
488623,Michigan Venture Capital
488623,Plus M Entertainment
488623,Kiwi Media Group
488623,Baram Pictures
488623,Union Investment Partners
488623,M-Line Distribution
321258,Lakeshore Entertainment
321258,Vertigo Entertainment
321258,STXfilms
2614,Amblin Entertainment
2614,Warner Bros. Pictures
2614,The Guber-Peters Company
476299,Mars Films
476299,5656 Films
476299,Logical Pictures
476299,Inferno Pictures
476299,Highwire Pictures
762430,The Picture Company
762430,Ombra Films
762430,StudioCanal
762430,TF1 Films Production
762430,Studio Babelsberg
2099,DEG
2099,Famous Films Productions
2099,International Film Corporation
11358,Mandeville Films
11358,Burke/Samples/Foster Productions
11358,WWE Studios
11358,Cub Eight Productions
11358,Metro-Goldwyn-Mayer
11358,Hyde Park Entertainment
25506,RKO Radio Pictures
25506,Benedict Bogeaus Production
25506,Filmcrest Productions
11090,Revolution Studios
11090,Happy Madison Productions
1752994,Large Format Films
1752994,Pig Town
11171,Desperate Pictures
11171,Fortissimo Films
11171,Antidote Films
11171,Next Wednesday Productions
314405,Archimede
314405,Le Pacte
314405,HanWay Films
314405,New Sparta Films
314405,Recorded Picture Company
314405,RAI
13225,Kroyer Films
13225,Youngheart Productions
13225,FAI Films
60307,Color Force
60307,Dune Entertainment
60307,Fox 2000 Pictures
1149167,Convergence Entertainment
691179,Bright/Kauffman/Crane Productions
691179,Warner Horizon Unscripted Television
691179,Fulwell 73 Productions
59940,Alliance Atlantis
724209,Skydance Media
724209,Pilot Wave Motion Pictures
724209,Mockingbird Pictures
7552,JC 23 Entertainment
7552,Imagine Entertainment
7552,Columbia Pictures
7552,Bart/Palevsky Productions
649,Paris Films Productions
649,Five Films
649,Robert et Raymond Hakim
9730,Friday Four
9730,Georgetown Productions
9730,Paramount Pictures
9730,Sean S. Cunningham Films
9793,Fox Atomic
9793,Craven-Maddalena Films
9793,Dune Entertainment
23742,Marc Platt Productions
42684,RAT Entertainment
42684,Rogue Pictures
42684,Hydraulx
42684,Transmission Pictures
42684,Relativity Media
42684,Universal Pictures
42684,IM Global
42684,Trimuse Entertainment Inc.
656690,Exposure Labs
656690,Argent Pictures
656690,The Space Program
625976,Studio3
625976,VAP
1553969,Fuji Television Network
1553969,GAGA Corporation
1553969,TOHO
1553969,AOI Pro.
11004,Paramount Pictures
11004,Mutual Film Company
11004,Scott Rudin Productions
11004,Curtis Hanson Productions
11004,BBC
11004,Marubeni
11004,TOHO-TOWA
11004,Tele München
11004,MFF Feature Film Productions
604822,China Film International
604822,Epitome Capital
604822,Shanghai Lix Entertainment
604822,Shenzhen Media Film & Television
604822,Tencent Pictures
604822,One Cool Films
604822,India Film Services
604822,Huayu International Entertainment
604822,JP Media Limited
604822,Dexter Studios
604822,Golden Network Asia
604822,Taurus Film
604822,Gravitas Ventures
604822,Lionsgate
604822,China Film Group Corporation
1439112,Highland Film Group
1439112,Slow Burn
1439112,Broken Open Pictures
1439112,Bonfire Legend
1439112,Gramercy Park Media
1439112,Mannequin Films
1439112,Peachtree Media Partners
1439112,Vacancy Films
479,Paramount Pictures
479,Scott Rudin Productions
479,New Deal Productions
479,Shaft Productions
479,Munich Film Partners & Company (MFP) GHS Productions
428093,Zona Franca
1627624,Tanweer Productions
1627624,View Master Films
1627624,Greek Film Centre
1627624,ERT
1627624,Nova
901,Charles Chaplin Productions
146889,Grafo Audiovisual
486131,Davis Entertainment
486131,New Line Cinema
33194,Good Machine
33194,Whispering Steppes
19185,21st Century Film Corporation
19185,Menahem Golan Productions
9718,Apatow Productions
9718,Mosaic Media Group
174772,Wayfare Entertainment
174772,Misher Films
174772,Start Motion Pictures
458220,Sidney Kimmel Entertainment
458220,Nadler No-GMO Popcorn Company
458220,Hercules Film Fund
458220,Rhea Films
473679,Producciones Boga
9920,Ultravi Productions
9920,Screen Gems
9920,Salon Films
1398050,AGC Studios
1398050,Jonas Pate
1398050,TFC Productions
1398050,BondIt Media Capital
24122,The Film Department
24122,Process Productions
345915,Voltage Pictures
381289,Amblin Entertainment
381289,Walden Media
381289,Reliance Entertainment
381289,Pariah
65055,Incentive Filmed Entertainment
65055,Rogue Pictures
65055,Relativity Media
65055,Sierra/Affinity
65055,Silverwood Films
65055,Next Entertainment
1278162,Five Star Production
514619,BET Films
514619,Tyler Perry Studios
514619,Paramount Players
1469458,Nalla Cinema Production
4970,Dark Castle Entertainment
1947,Miramax
1947,Revolution Studios
1947,Initial Entertainment Group
1947,The Ladd Company
1947,Kalis Productions GmbH & Co. Zweite KG
1947,Persistent Entertainment
1947,Unfinished Films
589761,Non-Stop Productions
589761,DK Entertainment
589761,Central Partnership
589761,KIT Film Studio
589761,Kinoprime Foundation
589761,Cinema Foundation of Russia
589761,Ministry of Culture of the Russian Federation
5991,UFA
22949,Walt Disney Pictures
22949,Tapestry Films
87492,Annapurna Pictures
87492,Likely Story
791,Revolution Studios
791,Debra Hill Productions
791,David Foster Productions
11121,Renn Productions
11121,Timothy Burrill Productions
393345,Universal 1440 Entertainment
393345,David Kirschner Productions
64084,Scorned Productions Limited Inc.
64084,Prism Entertainment Corporation
419639,Cinemand
419639,Kids At Play
419639,YouTube Originals
419639,Legendary Pictures
1730,Absurda
1730,StudioCanal
1730,Camerimage Film
1730,Asymmetrical Productions
1730,Fundacja Tumult
179,Mirage Enterprises
179,Universal Pictures
179,StudioCanal
179,Working Title Films
179,Misher Films
179,Motion Picture JOTA Produktions
179,Senator International
23514,FilmEngine
23514,GK Films
23514,Infinitum Nihil
4379,New Line Cinema
4379,BenderSpink
4379,Spring Creek Pictures
4379,Kumar Mobiliengesellschaft mbH & Co. Projekt Nr. 1
667216,Topic Studios
667216,Elevation Pictures
667216,Film Forge Productions
667216,Hero Squared
667216,Celluloid Dreams
667216,NEON
667216,Téléfilm Canada
667216,Eurimages
517116,Broken Road Productions
517116,Nickel City Pictures
517116,Sierra/Affinity
10134,The Cannon Group
10134,Golan-Globus Productions
974931,Blumhouse Television
974931,Divide / Conquer
974931,Amazon MGM Studios
974931,Fierce Baby Productions
400136,Capcom
400136,Stage 6 Films
400136,Marza Animation Planet
400136,KADOKAWA
4550,TSJ Entertainment
4550,Ilshin Capital Investments
4550,Centurion Investment
4550,Moho Film
4550,CJ Entertainment
4550,CJ Investment
2110,TF1 Films Production
2110,EuropaCorp
2110,Samitose Productions
1160956,Emei Film Studio
1160956,Mandarin Motion Pictures
1160956,Maoyan Entertainment
1160956,Wishart Media
516329,Searchlight Pictures
516329,Phantom Four
516329,Double Dare You
516329,Mirada Studio
516329,TSG Entertainment
704239,Municipal Pictures
704239,Closest to the Hole Productions
704239,Leverage Entertainment
381394,Lichtblick Media
500922,Paragon Media Productions
500922,Goldrush Entertainment
500922,Minds Eye Entertainment
500922,Spartiate Films
500922,Ingenious Media
500922,Saturn Films
15015,Mainframe Entertainment
2323,Universal Pictures
2323,Gordon Company
2323,Carolco Pictures
152760,Columbia Pictures
152760,Fox 2000 Pictures
152760,Smokehouse Pictures
152760,Obelisk Productions
152760,Studio Babelsberg
455236,LINK Entertainment
455236,Six Demon Films
455236,Destination Films
1740765,Megaday Media Sdn Bhd
606523,Next Entertainment World
606523,Peppermint & Company
606523,Goldmoon Film
1406,Castle Rock Entertainment
1406,Nelson Entertainment
1406,Face Productions
1254786,3dot Productions
575417,American Zoetrope
975490,WildBrain Studios
975490,Charles M. Schulz Creative Associates
10843,Double Play
10843,Geffen Pictures
15167,Mattel
15167,Mainframe Entertainment
8011,Trans-Film
8011,Fallingcloud
8011,Initial Groupe
8011,Lumière Pictures
8011,Highlander Productions
8011,Miramax
40096,Lereby Produções
40096,Globo Filmes
40096,Estúdios Globo
1433117,Vels Film International
1433117,Think Studios
348964,Baby Phone Cinéma
348964,Quatrième Gauche
129067,ONF | NFB
2440,CJ Entertainment
2440,Intz.com
2440,KTB Network
2440,Myung Films
1266791,Atelier de Production
1266791,2L Productions
483,PolyGram Filmed Entertainment
483,Propaganda Films
483,PolyGram Filmproduktion
454983,Komixx Entertainment
630004,Ciudadano Ciskul
630004,Think Studio
630004,TF1 Studio
630004,Mediaset España
630004,Movistar Plus
630004,Marrowbone
630004,Telecinco Cinema
878608,Dangmai Films 荡麦影业
878608,Huace Media
878608,Maoyan Entertainment
878608,Daxi Culture Media
878608,Poly Film Investment
878608,Muxin Culture Communication
878608,Yanhuadeng Media
878608,Leopard Films
878608,Tianyue Culture Media
878608,Creative Pioneer International
878608,CG Cinéma
878608,Chengdu Film Group
878608,China Monolith Pictures
878608,Water Spirit Pictures
878608,Thin Blue Line Pictures
878608,Inna Art Space
878608,Aranya Pictures
878608,Yaojin Pictures
878608,Sanhe Huibi Media
878608,K. Artists
878608,ARTE France Cinéma
10065,Metro-Goldwyn-Mayer
10065,Dimension Films
10065,Platinum Dunes
10065,Radar Pictures
499546,New AMS Film Company
12184,Universal Pictures
12184,Focus Features
12184,Columbia Pictures
12184,BBC Film
12184,Relativity Media
12184,Ruby Films
12184,Scott Rudin Productions
12184,GH Three
1522923,Voltage Pictures
1522923,Green Light Pictures
1187326,Mediaset España
1187326,Ikiru Films
1187326,Anangu Grup
1187326,Lightbox Animation Studios
1187326,Telecinco Cinema
1187326,Tadeo Films
1187326,Movistar Plus
472674,Color Force
472674,Amazon Studios
472674,Warner Bros. Pictures
1288072,Oddfellows Entertainment
1288072,Phobos
1288072,Shadowless Horse Pictures
814889,21 Laps Entertainment
814889,Media Capital Technologies
814889,HalleHolly
1751220,Azərbaycan Dövlət Mədəniyyət və İncəsənət Universiteti
1022690,Footloose Productions
1022690,Michael De Luca Productions
1022690,Smart Entertainment
1022690,RocketScience
1022690,Gerber Pictures
664280,Silverback Films
664280,Altitude Film Entertainment
664280,WWF-UK
17581,Pierrot
9388,ContentFilm
9388,Major Studio Partners
9388,Room 9 Entertainment
9388,David O. Sacks Productions
893694,Viva Films
893694,Vivamax
133980,I.P.R.A.
133980,Valenti
610150,Toei Animation
610150,Shueisha
610150,Fuji Television Network
610150,Bandai Namco Entertainment
610150,Toei Company
610150,Bandai
610150,Bandai Spirits
11469,Epsilon Motion Pictures
11469,Regency Enterprises
11469,New Regency Pictures
11469,Runteldat Entertainment
11469,"Firm, The"
11469,20th Century Fox
1073,Lakeshore Entertainment
1073,Screen Gems
1073,Arlington Road Productions Corporation
1073,Gorai / Samuelson Productions
1073,Samuelson Productions
1073,PolyGram Filmed Entertainment
121856,New Regency Pictures
121856,The Kennedy/Marshall Company
121856,Ubisoft Film & Television
121856,DMC Film
493551,Automatik Entertainment
493551,Metro-Goldwyn-Mayer
39857,Uniden Investments
24418,Universal Pictures
24418,Relativity Media
24418,Depth of Field
1283120,Neramitnung Film
1283120,Shinesaeng Ad.Venture
593910,Fulwell 73 Productions
593910,Columbia Pictures
2294,Dimension Films
2294,View Askew Productions
50456,Holleran Company
50456,Neunte Babelsberg Film
50456,Sechzehnte Babelsberg Film
50456,Twins Financing
504562,Class 5 Films
504562,MWM Studios
8051,Revolution Studios
8051,New Line Cinema
8051,JoAnne Sellar Productions
8051,Ghoulardi Film Company
10866,Regency Enterprises
10866,Bad Robot
11081,Village Roadshow Pictures
11081,Atmosphere Entertainment MM
11081,Warner Bros. Pictures
11069,Stampede Entertainment
9574,Walt Disney Pictures
9574,Great Oaks Entertainment
185689,Nikkatsu Corporation
1051,D'Antoni Productions
1051,Schine-Moore Productions
1051,20th Century Fox
118379,Orange Sky Golden Harvest
118379,Film Unlimited
118379,Golden Movies
118379,Golden Harvest Productions
10974,Orange Sky Golden Harvest
10974,Paragon Films
10974,Jadran Film
10974,Epo-Film
48988,New Line Cinema
48988,Conundrum Entertainment
6069,Warner Bros. Pictures
6069,The Guber-Peters Company
533642,KatzSmith Productions
533642,Bron Studios
533642,Creative Wealth Media Finance
533642,Oddfellows Entertainment
533642,Orion Pictures
11031,Spinal Tap Prod.
11031,Embassy Films Associates
11031,Embassy Pictures
592350,BONES
592350,dentsu
592350,movic
592350,Nippon Television Network Corporation
592350,Shueisha
592350,Sony Music Entertainment (Japan)
592350,Yomiuri Telecasting Corporation
592350,TOHO
220751,Warner Bros. Television
220751,Kanin-Gallo Productions
82654,Summit Entertainment
82654,Mandeville Films
2028,Gracie Films
2028,20th Century Fox
7278,New Regency Pictures
7278,Regency Enterprises
7278,3 in the Box
7278,20th Century Fox
245,Universal Pictures
245,Tribeca Productions
245,Working Title Films
245,Kalima Productions
245,StudioCanal
507076,Rectangle Productions
507076,Wild Bunch
507076,Les Cinémas de la Zone
507076,Eskwad
507076,KNM
507076,ARTE France Cinéma
507076,Artémis Productions
507076,VOO & Be tv
507076,Shelter Prod
507076,Vice Studios
387426,Kate Street Picture Company
387426,Plan B Entertainment
387426,Lewis Pictures
11929,Castle Rock Entertainment
539885,Freckle Films
539885,Voltage Pictures
539885,Vertical
10947,Salty Pictures
10947,First Street Films
246080,Focus Features
246080,Cowboy Films
246080,Film4 Productions
974036,Kingdom Story Company
974036,Vertigo Entertainment
974036,Stampede Ventures
1659087,Ten30 Pictures
8764,Paramount Pictures
8764,Kingsmere
23759,UK Film Council
23759,Celador Films
23759,Pathé
10366,TriStar Pictures
10366,Baumgarten-Prophet Entertainment
10366,IndieProd Company Productions
10366,Long Road Entertainment
334524,Living Films
334524,Black Bear Pictures
334524,Boies/Schiller Film Group
334524,Hwy61
33909,Pressman Film
33909,Dune Entertainment III
33909,Dune Entertainment
33909,20th Century Fox
10909,Propaganda Films
10909,Kouf/Bigelow Productions
10909,Viacom Pictures
10909,PolyGram Filmed Entertainment
10909,PolyGram Video
10909,Gramercy Pictures
551804,Universal Pictures
551804,Blumhouse Productions
551804,Divide / Conquer
81481,Sangeori Pictures
81481,Fantagio
81481,CJ Entertainment
1226406,87North Productions
1226406,Universal Pictures
418439,Kunsthochschule für Medien Köln
23631,Overnight Films
23631,Troublemaker Studios
635,Winkast Film Productions
635,Union
635,Carolco Pictures
13888,Price Entertainment
13888,Columbia Pictures
13389,Nu Image
13389,Millennium Media
13389,InVenture Entertainment
13389,Emmett/Furla Films
13389,Grosvenor Park Productions
13389,Overture Films
10225,Paramount Pictures
10225,Sean S. Cunningham Films
10225,Terror
1921,Bel Air Entertainment
1921,Warner Bros. Pictures
1921,3 Arts Entertainment
11615,Mikona Productions
11615,Universal Pictures
11615,Intermedia Films
11615,Saturn Films
11615,Dirty Hands Productions
234544,Nikkatsu Corporation
10074,Paramount Pictures
10074,Broadway Video
10074,Michaels-Goldwyn
10074,The Lonely Island
5955,Franchise Pictures
5955,Clyde Is Hungry Films
65034,HBO Films
65034,Deuce Three Productions
65034,Spring Creek Pictures
773543,START Studio
773543,Okapi Production
8852,Alive Films
8852,Larry Franco Productions
11359,Paramount Pictures
11359,The Kennedy/Marshall Company
11359,Columbia Pictures
3784,Paramount Pictures
8069,DDL Cinematografica
8069,Marianne Productions
76285,Fox 2000 Pictures
76285,Sunswept Entertainment
76285,1492 Pictures
76285,TSG Entertainment
9822,Walt Disney Pictures
9822,RKO Pictures
9822,The Jacobson Company
79518,Cake TV
80794,"Scholar Films Co., Ltd."
80794,Martini Film Company Ltd.
80794,Mandarin Films
13809,StudioCanal
13809,Dark Castle Entertainment
13809,Toff Guy Films
13809,Warner Bros. Pictures
321697,Scott Rudin Productions
321697,The Mark Gordon Company
321697,Cloud Eight Films
321697,Decibel Films
321697,Entertainment 360
321697,Universal Pictures
321697,Legendary Pictures
11870,Tollin/Robbins Productions
55846,Lipsync Productions
55846,Kushner/Wyman Productions
55846,Davis Films
55846,Lionsgate
55846,Current Entertainment
1205110,ON Media
1205110,KION
702936,Destination Films
11859,Silver Pictures
11859,Warner Bros. Pictures
11282,Senator International
11282,Kingsgate Films
11282,Endgame Entertainment
11282,New Line Cinema
16617,Outlaw Victoria Productions Inc.
16617,Avenue Pictures
16617,Weed Road Pictures
16617,Intermedia Films
16617,Egmond Film & Television
16617,Dimension Films
16617,Mindhunters (UK) Limited
16617,Mindhunters Productie BV
16617,Tonna Oy
16617,Outlaw Productions
758009,Mandeville Films
758009,Nuyorican Productions
944401,EuropaCorp
944401,Luc Besson Production
944401,TF1 Films Production
944401,Mediamax Films
944401,Kinology
8290,Les Films Corona
8290,The Rank Organisation
8290,Lowndes Productions Limited
11287,Columbia Pictures
11287,Parkway Productions
259695,Appian Way
259695,Pearl Street Films
259695,Warner Bros. Pictures
304357,Origin Pictures
304357,BBC Film
11676,Touchstone Pictures
11676,O Entertainment
1440,New Line Cinema
1440,Standard Film Company
1440,Bona Fide Productions
16804,TBS
16804,Amuse Soft Entertainment
16804,MBS
16804,Sedic
16804,Shogakukan
16804,TBS Radio
16804,Shochiku
16804,dentsu
16804,The Asahi Shimbun
12309,Twin Continental
12309,Bachelor Party Productions
12309,Aspect Ratio Film
12309,20th Century Fox
242643,Warner Bros. Animation
242643,DC
17809,Eastern Productions
17809,Orange Sky Golden Harvest
9281,Paramount Pictures
201,Paramount Pictures
201,Digital Image Associates
11158,Walt Disney Pictures
11158,Touchwood Pacific Partners 1
11158,Edward S. Feldman Productions
2176,Original Film
2176,Columbia Pictures
11560,Monarch Pictures
11560,New Regency Pictures
11560,Manifest Film Company
11560,Epsilon Motion Pictures
768744,BONES
768744,TOHO
768744,Yomiuri Telecasting Corporation
768744,Shueisha
768744,Nippon Television Network Corporation
768744,dentsu
768744,Sony Music Entertainment (Japan)
768744,movic
1753358,Feirstein Graduate School of Cinema
1753358,Lead Pipe Productions
10778,USA Films
10778,Working Title Films
10778,Mike Zoss Productions
979924,CaliWood Pictures
979924,R-Lines Productions
979924,Icon Productions
979924,TPC
979924,BondIt
10720,Fox 2000 Pictures
10720,Regency Enterprises
10720,Jinks/Cohen Company
10720,Epsilon Motion Pictures
10720,Mediastream Dritte Film
113,LJ Film
113,Korea Pictures
113,Cineclick Asia
113,Cinesoul
113,Mirae Asset Capital
113,Muhan Investment
113,Pandora Film
31867,Relativity Media
31867,Stuber Pictures
31867,Universal Pictures
38810,Greek Film Centre
38810,Boo Productions
38810,Horsefly Productions
12110,Castle Rock Entertainment
12110,Brooksfilms
12110,Gaumont
10423,Raffaella De Laurentiis Productions
10423,Universal Pictures
10423,Dragon Productions
10423,Orange Sky Golden Harvest
80389,Icon Productions
80389,Redrum
552688,Vertigo Entertainment
552688,Nuyorican Productions
552688,Marc Evans Productions
9678,New Line Cinema
9678,Happy Madison Productions
9678,Robert Simonds Productions
527261,Constantin Film
527261,EMJAG Productions
527261,Mister Smith Entertainment
445629,WWE Studios
445629,Misher Films
445629,Seven Bucks Productions
445629,Film4 Productions
445629,The Ink Factory
445629,Metro-Goldwyn-Mayer
1566269,The Jim Henson Company
1566269,Fusfeld & Cuthbertson Regional Entertainment
1566269,New Regency Pictures
11639,ITC Entertainment
11639,Henson Associates
1147411,Miraculous Corp.
393624,Clear Pictures Entertainment
393624,Screen Yorkshire
393624,Silver Reel
393624,Classified Films
19899,Stuber Pictures
19899,Universal Pictures
19899,Relativity Media
19899,Wild West Picture Show Productions
10045,EuropaCorp
10045,TF1 Films Production
754609,Superbe Films
754609,Hero Squared
754609,Elysian Films
754609,uMedia
754609,Moonriver TV
754609,National Film Institute Hungary
754609,Entertainment One Features
4959,Studio Babelsberg
4959,Atlas Entertainment
4959,Mosaic Media Group
4959,X Filme Creative Pool
4959,Columbia Pictures
1127166,Colorado Film
4960,Likely Story
4960,Projective Testing Service
4960,Sidney Kimmel Entertainment
4960,Russia
1437981,The Reunion
1437981,Versus Production
1437981,Topkapi Films
1437981,France 2 Cinéma
1437981,Lumen
1437981,VTM
1437981,RTBF
1437981,Proximus
1437981,BeTV & Orange
16577,Summit Entertainment
16577,Imagi Animation Studios
16577,Tezuka Productions
11586,Warner Bros. Pictures
23047,Atlas Entertainment
23047,Relativity Media
23047,Mandate International
23047,Rogue Pictures
10479,Paramount Pictures
10479,Seven Arts Pictures
10479,Munich Film Partners & Company (MFP) ROE Production
10479,The Zanuck Company
10479,Scott Rudin Productions
37768,Intercapital
37768,RAI
9441,1492 Pictures
9441,Columbia Pictures
9441,Wendy Finerman Productions
8054,Infinity Features
8054,Davis Films
8054,Poo Poo Pictures
10139,Focus Features
10139,Axon Films
10139,Groundswell Productions
10139,Jinks/Cohen Company
16858,Columbia Pictures
16858,20th Century Fox
47446,Josef Shaftel Productions
715931,Westbrook
715931,McFarland Entertainment
715931,Escape Artists
715931,Apple Studios
9364,Ecosse Films
9364,UK Film Council
9364,Film4 Productions
9364,Goldcrest
9364,Screen Yorkshire
9364,HanWay Films
6961,Visionview Productions
6961,Gold Circle Films
6961,26 Films
6961,Universal Pictures
6961,Senator International
1026436,Point Grey Pictures
1026436,Lionsgate
1026436,Good Universe
10753,Golden Way Films Ltd.
10753,Paragon Films
10753,Orange Sky Golden Harvest
292011,Warner Bros. Pictures
292011,Malpaso Productions
292011,Appian Way
292011,Misher Films
292011,75 Year Plan Productions
1600338,Project 8 Projects
1600338,Regal Entertainment
4953,Partizan Films
4953,Partizan Films
1429605,Gravitas Ventures
1429605,Indy Entertainment
1429605,Showdown Productions
1429605,Valletta Pictures
1429605,Shout! Factory
6519,WV Films III
6519,Village Roadshow Pictures
6519,Gerber Pictures
6519,Warner Bros. Pictures
409502,Visible Pictures
409502,All Entertainment
5825,Hughes Entertainment
5825,Warner Bros. Pictures
57361,Wellmade Starm
57361,Popcorn Film
57361,20th Century Fox Korea
57361,Showbox
57361,Fox International Productions Korea
57361,Hong Kong Asia Film Financing Forum
57361,Asia Culture Technology Investment
57361,Michigan Venture Capital
1627796,Vivamax
14013,Universal Pictures
14013,Zucker Brothers Productions
10632,Alphaville Films
10632,Lakeshore Entertainment
4978,Amblin Entertainment
4978,Universal Pictures
4978,Don Bluth Entertainment
11424,Sol C. Siegel Productions
11424,Bing Crosby Productions
11424,Metro-Goldwyn-Mayer
8987,The Turman-Foster Company
8987,Universal Pictures
71469,Regency Enterprises
71469,Bazelevs
71469,The Jacobson Company
71469,New Regency Pictures
71469,Summit Entertainment
2665,Paramount Pictures
332411,Hannibal Classics
332411,Patriot Pictures
332411,Vallelonga Productions
332411,Vengeance is Mine Productions
800787,Killer Films
800787,Elevation Pictures
1321491,Buff Dubs
1321491,Sterling Cinema
1321491,Brainstorm Media
86837,Les Films du Losange
86837,X Filme Creative Pool
86837,Wega Film
86837,France 3 Cinéma
86837,BR
86837,WDR
86837,ARD Degeto
605886,FilmNation Entertainment
605886,RainMaker Films
1199193,Good Pals
1199193,SSS Film Capital
1199193,SSS Entertainment
1199193,The Syndicate
1199193,American Picture House Corporation
10890,Columbia Pictures
407451,Whitaker Entertainment
407451,Walt Disney Pictures
491926,Pantaleon Films
491926,Bliss Media
491926,Epicentral Studios
491926,Ingenious Media
491926,Riverstone Pictures
491926,RocketScience
491926,Resistance Film US
491926,Vertical Media
1455079,Will Packer Productions
1455079,Universal Pictures
348060,W9
348060,M6 Films
348060,Capture The Flag Films
348060,Vertigo Films
348060,OCS
348060,SND Films
74643,uFilm
74643,La Petite Reine
74643,Studio 37
74643,La Classe américaine
74643,JD Prod
74643,France 3 Cinéma
74643,Jouror Productions
672322,Warner Bros. Japan
672322,Amuse Soft Entertainment
672322,GYAO
672322,KDDI
672322,Shueisha
672322,AMUSE
463821,Reliance Entertainment
463821,Mythology Entertainment
463821,Amblin Entertainment
198375,CoMix Wave Films
1323625,Phantom Four
1323625,XYZ Films
1323625,BondIt Media Capital
25538,Omega Project
25538,Atom Films
25538,Pony Canyon
1047373,AGC Studios
1047373,Meridian Pictures
1047373,Orogen Entertainment
339984,Columbia Pictures
339984,Affirm Films
339984,Roth Films
339984,Franklin Entertainment
1352755,Amazon MGM Studios
1352755,Future Artists Entertainment
1352755,Luber-Roklin Entertainment
42147,Mass Film
42147,Les Films Marceau-Cocinor
1538457,Avni Cinemax
143,Universal Pictures
1003579,Warner Bros. Animation
1003579,DC
693113,Pimienta
693113,BondIt Media Capital
693113,EFO Films
693113,Lionsgate
693113,River Bay Films
693113,Verdi Productions
28209,Trinacra Films
921636,Happy Madison Productions
452773,4 Cats Pictures
452773,Lightbox Animation Studios
452773,Ikiru Films
452773,Lightbox Entertainment
452773,Mogambo Films
452773,Telefónica Studios
452773,Tadeo Jones y el Secreto de Midas
452773,Paramount Pictures Spain
452773,Telecinco Cinema
10015,Jay Weston Productions
10015,Malpaso Productions
10285,Sean S. Cunningham Films
297608,Guerin-Adler-Scott Pictures
297608,Bad Hat Harry Productions
297608,Jeff Rice Films
297608,Casadelic Pictures
297608,Terror Films
303858,TriStar Pictures
303858,LStar Capital
303858,Smokehouse Pictures
303858,The Allegiance Theater
1426486,Moxie Pictures
75638,Attitude Pinículas y Films A.I.E.
75638,Cindy Cowan Entertainment
75638,First Generation Films
75638,Nostromo Pictures
75638,La Sexta
75638,Canal+ España
75638,Millennium Media
75638,TV3
75638,Atresmedia Cine
11379,Sherwood Productions
832936,ret film
8974,Paramount Pictures
147,Les Films du Carrosse
147,Sédif Productions
452244,Terrain Vague
916192,CLAP
916192,Pony Canyon
916192,Shogakukan
916192,Sotsu
916192,STUDIO MAUSU
916192,Kansai Television
9667,Section Eight
9667,Mandalay Pictures
9667,VIP Medienfonds 3
9667,2929 Productions
9667,Rising Star Productions
9667,VIP Medienfonds 2
9667,MP Pictures
9667,Warner Independent Pictures
9667,2929 Entertainment
9667,Summit Entertainment
12219,MGM Television
15035,Ralph Bakshi/Frank Frazetta Productions
15035,PSO
32292,Japan Home Video
309512,Warner Sisters Productions
1495694,Jaggi Entertainment
1495694,PassionFlix
1745911,Goldhill Home Media
1745911,Atlas Media Corp.
420814,Walt Disney Pictures
420814,2DUX²
157547,MICA Entertainment
157547,Intrepid Pictures
157547,Blumhouse Productions
157547,WWE Studios
76617,Lionsgate
76617,Millennium Media
76617,Mainline Pictures
76617,Leatherface Productions
73881,Les Films du Requin
73881,Vonvon Films Associés
73881,CNC
73881,ARTE
1126336,Lionsgate
1126336,Fifth Season
1126336,Nick Wechsler Productions
1126336,Chockstone Pictures
1126336,Churchill Films
1126336,Metropolitan Pictures
13633,EMI Films
13633,Solofilm
13633,Associated Film Distribution
13633,Universal Pictures
359364,Humankind Production
45610,Virgin Produced
45610,Relativity Media
45610,Mpower Pictures
45610,Apparatus Productions
45610,GG Filmz
45610,1984 Private Defense Contractors
45610,ITS Capital
45610,Merlina Entertainment
45610,MGP Productions
45610,Moonlighting Films
45610,Safady Entertainment
111934,Benten Entertainment Inc.
49009,Exclusive Media
49009,National Geographic Films
49009,Image Nation Abu Dhabi
49009,Exclusive Films
49009,Monolith Films
1643,Les Productions Artistes Associés
1643,PEA
413644,StudioCanal
413644,nWave Pictures
413644,Belga Productions
413644,Belga Films
413644,Illuminata Pictures
107501,Adhi Yasa Film
10017,New Century Entertainment Corporation
10017,Alliance Entertainment
10017,Turbo Productions
8676,De Line Pictures
8676,Warner Bros. Pictures
8676,Bernie Goldmann Productions
11862,Touchstone Pictures
11862,Sandollar Productions
506,Alfred J. Hitchcock Productions
506,Universal Pictures
568091,Koji Productions
568091,Crow Island Films
568091,Macari/Edelstein
568091,Paul Schiff Productions
227783,GulfStream Pictures
227783,Redrover
227783,ToonBox Entertainment
76649,Constantin Film
76649,Impact Pictures
76649,Don Carmody Productions
76649,FilmDistrict
76649,TriStar Pictures
72197,Aardman
72197,Columbia Pictures
72197,Sony Pictures Animation
10303,SLM Production Group
10303,Stone Group Pictures
10303,20th Century Fox
339877,Breakthru Films
339877,Trademark Films
339877,RBF Productions
339877,Odra-Film
339877,Centrum Technologii Audiowizualnych
23023,Dune Entertainment
23023,Dune Entertainment III
23023,Walden Media
23023,Mayhem Pictures
23023,20th Century Fox
23023,Blumhouse Productions
2990,Morgan Creek Entertainment
1750869,TV4
245842,Firstep
245842,Brookwell-McNamara Entertainment
245842,Kylin Pictures
245842,Bliss Media
245842,Lightstream Entertainment
245842,Ingenious Media
245842,Gravitas Ventures
245842,Fame Universal Entertainment
245842,Interface Productions
245842,Lionsgate
270774,JC Group International
270774,InterTitle Films
270774,Cider Mill Pictures
270774,Dasym Enetertainment
270774,Talent International Media
270774,Talent International Film Cultural Company
270774,Tiberius Film Productions
270774,Shanghai New Culture Media Group
270774,Shanghai New Culture Media Group Co Ltd
270774,The Entertainer Production Company
270774,Bloom
270774,Saban Films
270774,Lionsgate
10837,Walt Disney Animation
534490,Compound B
534490,Dreamstage Films
534490,Ehud Releasing
9040,Artists Entertainment Complex
9040,Produzioni De Laurentiis - International Manufacturing Company
9040,The De Laurentiis Company
11228,Davis Entertainment
11228,Universal Pictures
1522380,Spicy Mama Creative Studio
1469930,Dee Company
445651,21 Laps Entertainment
445651,20th Century Fox
1483,Theatre Of Material
1309396,Novoprod
1309396,Atelier de Production
1309396,31 Juin Films
1309396,Les Films du Parc
1309396,Borsalino Productions
1309396,Paprika Films
1186532,Affirm Films
1186532,Kendrick Brothers
1186532,Provident Films
1318335,Curiosa Films
1318335,Waiting for Cinéma
1318335,France 3 Cinéma
1318335,Gaumont
338947,Phantom Four
338947,Spyglass Media Group
274479,Fox 2000 Pictures
274479,Annapurna Pictures
274479,Davis Entertainment
274479,10 by 10 Entertainment
274479,TSG Entertainment
9882,Lynda Obst Productions
9882,20th Century Fox
9882,Bedford Falls Productions
10589,New Line Cinema
10589,Contrafilm
10589,Firm Films
10589,RAT Entertainment
9531,Dovemead Films
9531,Alexander and Ilya Salkind Productions
4961,Dimension Films
886396,Warner Bros. Animation
886396,DC
127690,Merkelfilm
9101,20th Century Fox
590223,21 Laps Entertainment
590223,Paramount Pictures
782007,Toei Video Company
83201,DreamWorks Animation
9433,Linson Entertainment
243688,TSG Entertainment
243688,Ghost House Pictures
243688,Vertigo Entertainment
243688,Metro-Goldwyn-Mayer
243688,Fox 2000 Pictures
747600,Citylab Production Studio
747600,Alya Production Coalition
308369,Indian Paintbrush
308369,Rhode Island Ave. Productions
320956,Mythological Beast Films
22907,Rainforest Entertainment
22907,Screen Gems
22907,Grand Hustle Films
167,Intermedia Films
167,Lawrence Gordon Productions
167,IMF Internationale Medien und Film 3 & Produktions
167,Universal Pictures
167,Senator International
1041513,Disney Concerts
1041513,Live Nation Studios
1041513,Fulwell 73 Productions
1041513,AMP Worldwide
1041513,Live Nation Hewitt Silva
624,Columbia Pictures
624,Pando Company Inc.
624,BBS Productions
4105,Pegasus Film Partners
4105,Paramount Pictures
4105,Jaffe-Lansing
4105,Michael Douglas Productions
11529,Touchstone Pictures
11529,Original Film
11529,D&D Films
11529,Pigeon Creek Films
15739,Columbia Pictures
15739,Rastar Productions
256040,Arka Media Works
11509,Columbia Pictures
804370,Remembers
804370,MountainA
804370,France 3 Cinéma
804370,Fit Via Vi
804370,Sons of Rigor Films
337703,Wild Bunch
337703,Studio Ghibli
337703,Why Not Productions
337703,CN4 Productions
337703,Belvision
337703,ARTE France Cinéma
337703,Cinémage 9
337703,Palatine Étoile 11
337703,Palatine Étoile 12
337703,BNP Paribas Fortis
405882,Bottom Line Entertainment
405882,Archstone Entertainment
405882,Burning Sky Films
64720,Hydraulx
64720,REI Capital
64720,Grove Hill Productions
64720,Strange Matter Films
1037113,T-Street
1037113,Paperclip
1037113,MRC
1138515,Bacassie Film
581644,Kjam Media
581644,RNG Entertainment
581644,FilmGate Productions
581644,Highland Film Group
297275,Moonlight Digital Lab
297275,#littlesecretfilm
297275,Calle 13 Universal
297275,CANADA
94348,Summit Entertainment
94348,QED International
94348,James Patterson Entertainment
94348,Block / Hanson
94348,Emmett/Furla Films
94348,Envision Entertainment
379,Circle Films
273186,Terratreme
10083,Orion Pictures
11878,TOHO
13673,Revolution Studios
13673,1492 Pictures
68727,Pathe
68727,Film4 Productions
68727,Cloud Eight Films
68727,Decibel Films
68727,TSG Entertainment
68727,Ingenious Media
68727,Indian Paintbrush
68727,Big Screen Productions
68727,Down Productions
68727,Ingenious Film Partners
68727,Fox Searchlight Pictures
487242,DC Entertainment
487242,Warner Bros. Animation
843847,Landline Pictures
843847,Levantine Films
843847,Paramount Players
843847,Netter Productions
843847,MRC
843847,Paramount Pictures
11892,Castle Rock Entertainment
11892,Schroeder Hoffman Productions
38051,Head Gear Films
38051,"Normal Film Company, The"
38051,Raven West Films
38051,Submission Films
38051,Metrol Technology
14906,Walt Disney Productions
109491,Alcon Entertainment
109491,Belle Pictures
109491,3 Arts Entertainment
26022,Dharma Productions
26022,Fox Searchlight Pictures
26022,Red Chillies Entertainment
26022,Fox Star Studios
26022,Image Nation Abu Dhabi
26022,Fox International Productions
26022,Mandate International
26022,Star China Media
26022,Bollywood Hollywood Productions
26022,FilmyBox Movies
26022,Sony Music
10328,SLM Production Group
10328,The Zanuck/Brown Company
10328,20th Century Fox
9762,Eketahuna LLC
9762,Touchstone Pictures
9762,Summit Entertainment
9762,Offspring Entertainment
8872,Paramount Pictures
392,Miramax
392,David Brown Productions
13939,Landers-Roberts Productions
13939,The De Laurentiis Company
5511,Compagnie Industrielle et Commerciale Cinématographique
5511,Fida Cinematografica
5511,Filmel
5511,TC Productions
9942,Mirage Enterprises
9942,Morgan Creek Entertainment
8831,Renaissance Pictures
8831,Dark Horse Entertainment
8831,Largo Entertainment
8831,Signature Pictures
8831,JVC Entertainment
289720,Media Max Productions
289720,Notorious Films
289720,22H22
11078,Columbia Pictures
11078,The Firm
11078,Intermedia Films
11078,Outlaw Productions
84308,Buenavida Producciones
1147400,ZAG Entertainment
1147400,Method Animation
466081,Thunder Road
466081,The Fyzz
466081,Maddem Films
1407885,Mahakarya Pictures
1407885,Guava Film
1407885,DossGuavaXR Studio
1407885,Multi Buana Kreasindo
1407885,Produksi Film Negara
1407885,AZ Films
1407885,Cinevara Studio
1407885,RANS Entertainment
654754,Interscope Films
654754,This Machine Filmworks
654754,Lighthouse Management + Media
654754,Matador Content
654754,Darkroom
467909,Likely Story
467909,Scott Sanders Productions
467909,5000 Broadway Productions
467909,Barrio Grrrl!
467909,Endeavor Content
1623,20th Century Fox
9460,Win's Entertainment Ltd.
9460,Film Workshop
9460,Distant Horizon
13933,Pixar
10145,Visual Arts Entertainment
10145,Revolution Studios
10145,Jinks/Cohen Company
17436,Senator Entertainment
234,Decla Film Gesellschaft Holz & Co.
8092,Knickerbocker Films
8092,Warner Bros. Pictures
882209,Cinelite Producciones
64348,Paragon Films
64348,Orange Sky Golden Harvest
1396965,TOHO
1396965,TMS Entertainment
1396965,Shogakukan
1396965,Nippon Television Network Corporation
1396965,Yomiuri Telecasting Corporation
1396965,Shogakukan-Shueisha Productions
14462,Clinica Estetico
14462,Paramount Pictures
14462,Scott Rudin Productions
14462,Tina Sinatra Productions
1155089,Warner Bros. Animation
1155089,DC
17529,Wallis-Hazen Inc.
17529,Paramount Pictures
17529,Taurus Film
74534,Fox Searchlight Pictures
74534,Participant
74534,Image Nation Abu Dhabi
74534,Blueprint Pictures
74534,Dune Entertainment
74534,Ingenious Media
74534,Big Screen Productions
74534,Ingenious Film Partners
303,RKO Radio Pictures
303,Vanguard Films
382517,Sony Pictures Animation
382517,Rainmaker Entertainment
9396,Rimfire Films
11259,Imagine Entertainment
11259,Universal Pictures
42297,Screen Gems
42297,Bedford Falls Productions
34433,Toei Company
34433,Bird Studios
34433,Toei Animation
243938,Paramount Pictures
243938,Metro-Goldwyn-Mayer
1381216,Valencia Motion Pictures
1381216,Crown Creative Content
1182861,Elastica Films
1182861,Romería Vigo
1182861,ZDF/Arte
1182861,Dos Soles Media
1182861,Ventall Cinema
11033,Filmways Pictures
11033,Cinema 77 Films
145135,Cinema Vehicle Services
145135,Alliance Films
145135,Automatik Entertainment
145135,Blumhouse Productions
766110,Jupiter
440472,Escape Artists
13310,EFTI
13310,Bavaria Film International
13310,Sandrew Metronome Sverige
13310,Filmpool Nord
13310,SVT
13310,WAG
13310,Fido Film
13310,Chimney Sweden
176241,Adelstein/Parouse Productions
176241,20th Century Fox Television
176241,Original Film
1114894,Secret Hideout
1114894,Roddenberry Entertainment
1114894,CBS Studios
1114894,Action This Day!
426426,Participant
426426,Esperanto Filmoj
13002,Mainframe Entertainment
13002,Mattel
41233,Touchstone Pictures
41233,Summit Entertainment
228066,Davis Entertainment
228066,Moving Picture Company
228066,TSG Entertainment
228066,20th Century Fox
1693200,Hermit Thrush Productions
179826,Future Films
179826,Fusion Films
179826,The Sommers Company
1126720,Gest Film Production
13151,Hanna-Barbera Cartoons
13151,Warner Bros. Family Entertainment
14191,Fox 2000 Pictures
14191,Storefront Pictures
5550,Orion Pictures
51482,Madhouse
13690,Sony Pictures Animation
13690,Reel FX Creative Studios
13690,Sony Pictures Home Entertainment
60599,Lucky Monkey Pictures
60599,Parlay Films
60599,LB Productions
60599,Artina Films
60599,Alvernia Studios
2619,Touchstone Pictures
309886,Wild Bunch
309886,Why Not Productions
59962,Dune Entertainment
59962,Overbrook Entertainment
59962,Robert Simonds Productions
59962,20th Century Fox
210479,IM Global
210479,Shoebox Films
173185,EuropaCorp
173185,TF1 Films Production
173185,Echo Film
10047,Gaumont
287424,Sly Predator
287424,Lionsgate
287424,Grindstone Entertainment Group
287424,Lotus Entertainment
287424,Silver Reel
287424,Gold Star Films
287424,Matt Baer Films
287424,Vertigo Films
59843,Paragon Films
59843,Bo Ho Films
59843,Orange Sky Golden Harvest
11041,20th Century Fox
15400,Disney Television Animation
10280,Spelling Films
10280,Richard P. Rubinstein Productions
20533,Warner Bros. Pictures
20533,Legendary Pictures
20533,Weed Road Pictures
20533,Mad Chance
20533,DC
1592947,Northern Sheep Cinema
467012,CJ Entertainment
467012,Rapi Films
19384,Vision International
19384,Vision PDG
19384,Epic Productions
19384,Trans World Entertainment
170522,M6 Studio
170522,Belvision
170522,Grid Animation
170522,M6 Films
170522,SNC
14370,Tri-Star-Delphi III Productions
14370,Brian Grazer Productions
416153,Entertainment Studios Motion Pictures
416153,Iervolino Entertainment
416153,Lionsgate
416153,Assemblage Entertainment
882059,Vertigo Entertainment
882059,Hammerstone Studios
882059,Nthibah Pictures
882059,Capstone Global
10660,TriStar Pictures
1752043,Academia Argentina de Actuacion para Cine
8850,Bregman/Baer Productions
8850,Universal Pictures
11934,Warner Bros. Pictures
11934,PolyGram Filmed Entertainment
11934,Silver Pictures
11934,Working Title Films
2140,EuropaCorp
2140,Current Entertainment
2140,Quality Growth International Ltd.
2140,Immortal Entertainment
257094,Amazon MGM Studios
257094,Big Indie Pictures
257094,Blossom Films
257094,42
1480382,Mime Films
1480382,Tanit Films
1480382,Film4 Productions
1480382,MBC Studios
1480382,Amed Khan Foundation
1480382,Stiching Giustra International Foundation
1480382,Watermelon Pictures
1480382,Utopia Studios
1480382,PFF
1480382,World Within
1480382,MeMo Films
1480382,Sunnyland Film
1480382,RaeFilm Studios
1480382,JW Films
1480382,Willa
1480382,Plan B Entertainment
1480382,Valentine
1480382,The Rambourg Foundation
1480382,Common Pictures
1480382,1888 Films
1480382,LinLay Productions
637920,Lanistar Media
637920,Motion Content Group
637920,CJ ENM Turkey
551,Kent Productions
551,20th Century Fox
8346,Gold Circle Films
8346,HBO
8346,MPH Entertainment Productions
8346,Playtone
1568597,Godot production
1568597,Normandie Images
1568597,Proarti
436931,OLM
436931,Pikachu Project
436931,Shogakukan
436931,Shogakukan-Shueisha Productions
436931,TV Tokyo
436931,The Pokémon Company
436931,TakaraTomy
436931,jeki
436931,TOHO
9909,Don Simpson/Jerry Bruckheimer Films
9909,Hollywood Pictures
9909,Via Rosa Productions
1518121,Vivamax
1518121,Five 2 Seven Entertainment Production
200505,Lionsgate
200505,Summit Entertainment
200505,OddLot Entertainment
200505,The Montecito Picture Company
200505,Ivan Reitman Productions
12149,Cinerenta
12149,David Kirschner Productions
12149,American Entertainment Partners L.P.
12149,Lionsgate
12149,Cinedelta
293,Allied Filmmakers
293,Columbia Pictures
13313,Disney Television Animation
11368,River Road Productions
11368,Foxton Entertainment
680058,Cavalry Media
680058,Little Monster Films
680058,National Geographic
680058,Ventureland
680058,Storyteller Productions
680058,Passion Pictures
680058,Michael De Luca Productions
680058,National Geographic Documentary Films
227719,Insurge Pictures
227719,Paramount Pictures
227719,MTV Films
227719,Platinum Dunes
81796,EuropaCorp
606856,Walt Disney Pictures
328387,Lionsgate
328387,Allison Shearmur Productions
328387,Keep Your Head Productions
328387,TIK Films
42384,Michigan Venture Capital
42384,Prime Entertainment
42384,Showbox
426543,Walt Disney Pictures
426543,The Mark Gordon Company
555285,Gracie Films
555285,Lionsgate
866,Miramax
866,FilmColony
526,Warner Bros. Pictures
526,20th Century Fox
419479,Wonderland Sound and Vision
419479,Boies/Schiller Film Group
15653,Disney Television Animation
15653,Walt Disney Animation
169881,Pixomondo
169881,CinePostproduction
169881,Cine Mobil
169881,ARD
169881,ARD Degeto
169881,UFA
1316147,Mack Media
1316147,Mack Animation
1316147,MACK Magic
1316147,Timeless Films
1316147,Warner Bros. International Television Production Germany
11890,Joseph S. Vecchio Entertainment
11890,Touchstone Pictures
11890,Silver Screen Partners IV
445761,New Dawn
1360829,SHAFT
1360829,Aniplex
1571245,Black Bear Pictures
1571245,Lumina Studios
1571245,Toff Guy Films
1571245,Punch Palace Productions
11517,Columbia Pictures
11517,Peters Entertainment
571891,OLM
571891,The Pokémon Company
571891,Shogakukan
571891,TV Tokyo
571891,jeki
571891,TOHO
571891,Shogakukan-Shueisha Productions
571891,Pikachu Project
571891,TakaraTomy
571891,Sprite Animation Studios
1023656,Instituto Superior de Cine y Artes Audiovisuales de Santa Fe
832262,Made Up Stories
832262,Pick Up Truck Pictures
832262,Arenamedia
22971,Screen Gems
22971,Relativity Media
22971,Temple Hill Entertainment
155999,Tallinnfilm
705861,Roth-Kirschenbaum Films
705861,Happy Madison Productions
705861,The SpringHill Company
454293,HartBeat Productions
454293,Will Packer Productions
454293,Perfect World Pictures
454293,Universal Pictures
352405,Shintoho Pictures
859,Lorimar Film Entertainment
859,NFH Films
859,Warner Bros. Pictures
927547,petit chaos
927547,Chalk and Cheese
927547,ARTE France Cinéma
927547,BALDR Film
927547,Another Birth
927547,Les Films Fauves
927547,Pulpa Film
927547,Hubert Bals Fund
11881,20th Century Fox
108450,Dania Film
108450,National Cinematografica
9696,Omega Project
9696,Omega Micott
9696,Excell Film Agentur
187022,Office Kitano
187022,Xstream Pictures
187022,Shanghai Film Group
187022,Shanxi Film & Television Group
187022,Bandai Visual
187022,Bitters End
5590,Marianne Productions
5590,Parc Film
471507,30WEST
471507,Automatik Entertainment
471507,RocketScience
471507,Familystyle
425980,Sidney Kimmel Entertainment
425980,Plan B Entertainment
425980,Amazon Studios
785663,Shout! Studios
785663,Hideout Pictures
785663,Blue Swan Entertainment
785663,VMI Worldwide
21191,Focus Features
21191,Primary Productions
21191,Canana
4370,SFP
4370,Partnership Films
4370,France 3 Cinéma
1754857,Ecam
16366,DreamWorks Animation
16366,DreamWorks Home Entertainment
14564,Paramount Pictures
14564,Macari/Edelstein
14564,Parkes+MacDonald Image Nation
14564,Waddieish Claretrap
846214,Gracie Films
846214,20th Television
9447,Kennedy Miller Productions
9447,Universal Pictures
17927,Weinstock Productions
17927,Screen Gems
17927,"Moving Pictures, DPI"
17927,Gross Entertainment
17927,Olive Bridge Entertainment
17927,Stage 6 Films
812096,Stand-Up Club #1
8272,Fox Searchlight Pictures
8272,Lone Star Film Group
8272,This is that
8272,Ad Hominem Enterprises
8272,Cooper's Town
8272,Savage Productions
10173,Steamroller Productions
10173,Victor & Grais Productions
10173,20th Century Fox
746131,Page 114
746131,France 2 Cinéma
27579,Twins Financing
27579,This is that
27579,Focus Features
27579,Greenlit Rights
27579,Smokehouse Pictures
208134,Paramount Pictures
208134,MTV Films
208134,Dickhouse Productions
1451344,TPS Company
1447917,Vivamax
806,20th Century Fox
36073,Sai Enterprise
325348,Bazelevs
325348,Versus Pictures
325348,STX Entertainment
325348,Huayi Brothers Pictures
52505,Handsomecharlie Films
52505,Marc Platt Productions
52505,Is or Isn't Entertainment
1127767,Signature Films
1127767,Canopy Media Partners
38322,Regency Enterprises
38322,New Regency Pictures
38322,Friendly Films (II)
38322,Runteldat Entertainment
38322,The Collective Studios
38322,Friendly Films Productions
38322,20th Century Fox
13154,Original Pictures
13154,Little Tokyo Productions
504,Media 8 Entertainment
504,DEJ Productions
504,K/W Productions
504,Denver & Delilah Productions
504,VIP Medienfonds 2
504,MDP Worldwide
504,Taurus Film
41210,Mandate Pictures
41210,Echo Films
41210,Miramax
41210,Bona Fide Productions
345188,Grupo Ukamau
581429,Eikon Media
581429,RBB
1753361,Filtro Filmes
70435,Relativity Media
70435,Fís Éireann/Screen Ireland
11702,Columbia Pictures
11702,Brillstein-Grey Entertainment
11702,WCG Entertainment Productions
1700105,New Zealand National Film Unit
9395,Warner Bros. Pictures
64494,Andy Sidaris Company
64494,Malibu Bay Films
32527,Split Pillow
768,Underworld Pictures
768,Don Murphy Productions
768,Amy Robinson Productions
768,Jane Hamsher Productions
17422,Laurel Films
17422,Dream Factory
17422,Rosem Films
17422,Fantasy Pictures
10395,Columbia Pictures
10395,Douglas Wick Productions
111083,Rodar y Rodar
111083,Canal+ España
111083,TV3
111083,DeAPlaneta
111083,Atresmedia Cine
526024,Utopía 7 Films S.A.
9607,Hollywood Pictures
9607,Cinergi Pictures
9607,Allied Filmmakers
9607,Lightmotive
14254,DreamWorks Pictures
14254,Cold Spring Pictures
14254,Parkes+MacDonald Image Nation
14254,The Montecito Picture Company
14254,Vertigo Entertainment
11678,Global Medien KG
11678,Columbia Pictures
9825,Rocking Chair Productions
9825,Fox 2000 Pictures
9825,Phoenix Pictures
9825,David E. Kelley Productions
608845,Yes Culture
868899,Studio populárně vědeckých a naučných filmů Praha
37786,Village Roadshow Pictures
37786,New Line Cinema
37786,Darren Star Productions
37786,HBO
11236,Warner Bros. Pictures
11236,American Zoetrope
73465,Artimagen
9710,The Cannon Group
9710,Golan-Globus Productions
86825,Fox Searchlight Pictures
86825,Indian Paintbrush
86825,Dune Entertainment
86825,Scott Free Productions
961,Joseph M. Schenck Productions
961,Buster Keaton Productions
361292,Frenesy Film
361292,Videa
361292,Mythology Entertainment
361292,First Sun
361292,MeMo Films
361292,K Period Media
3083,Columbia Pictures
881727,Filter Film CPH
10718,Original Film
10718,Village Roadshow Pictures
10718,Warner Bros. Pictures
556901,Warner Bros. Animation
556901,DC Entertainment
4929,United Artists
4929,Malpaso Productions
4929,Leonard Freeman Production
3116,Florin Productions
3116,Jerome Hellman Productions
3116,United Artists
422803,StudioCanal
422803,Aardman
422803,Anton Capital Entertainment
1630433,Song Sound Production
6038,All Knight Productions
6038,Spyglass Entertainment
6038,Touchstone Pictures
6038,Birnbaum/Barber Productions
6038,JCE Movies
11096,MBC Beteiligungs Filmproduktion
11096,Fox 2000 Pictures
11096,Josephson Entertainment
11096,20th Century Fox
339396,PalmStar Media
339396,Broken Road Productions
6171,Kasdan Pictures
6171,Village Roadshow Pictures
6171,Castle Rock Entertainment
6171,NPV Entertainment
6171,WV Films II
157845,Porchlight Films
157845,Screen Australia
157845,Screen NSW
157845,Blue-Tongue Films
157845,Lava Bear Films
157845,South Australian Film Corporation
922,Pandora Film
922,JVC
922,Newmarket Capital Group
922,12-Gauge Productions
229,Universal Pictures
229,James Whale Productions
13051,Dune Entertainment
13051,Abandon Entertainment
13051,Collision Entertainment
13051,Depth Entertainment
13051,Firm Films
13051,Foxtor Productions
13051,20th Century Fox
15417,Malpaso Productions
15417,Warner Bros. Pictures
376570,Intrepid Pictures
376570,Blumhouse Productions
10024,Mark Johnson Productions
10024,Gran Via Productions
10024,Curmudgeon Films
10024,New Line Cinema
324670,Mid Atlantic Films
324670,Legendary Pictures
11165,20th Century Fox
11165,Toei Company
11165,Williams-Fleischer Productions
558915,Warner Bros. Pictures
558915,Harpo Films
558915,Amblin Entertainment
558915,Scott Sanders Productions
558915,Quincy Jones Productions
558915,Domain Entertainment
19457,Miramax
19457,Industry Entertainment Partners
19457,Paul Webster Productions
1212855,The Royal Budapest Film Company
1212855,Asbury Park Pictures
1212855,F or F Films
1212855,Liam Jay Films
1212855,Vertical
605722,DreamWorks Pictures
605722,Reliance Entertainment
605722,Automatik Entertainment
864,Walt Disney Pictures
864,Dawn Steel Productions
726684,ZAG Entertainment
726684,Method Animation
726684,Gravity Animation
30421,Film Workshop
30421,Golden Princess Film Productions
30421,Cinema City Company Limited
1160018,Sikhya Entertainment
1160018,Dharma Productions
654,Columbia Pictures
654,Horizon Pictures
567811,GFM Animation
567811,L'Atelier Animation
567811,Align
567811,The Happy Producers
567811,Fulwell 73 Productions
397422,Columbia Pictures
397422,LStar Capital
397422,Matt Tolmach Productions
397422,Paulilu
386716,Golden Tide Pictures
832502,Netflix
411301,Argentina Sono Film
567646,CJ Entertainment
567646,about Film
567646,Haegrimm Pictures
10451,Good Machine
10451,Ang Lee Productions
10451,Central Motion Picture Corporation
10451,Xiongfa Film Company
1511417,Arka Media Works
191728,The Factory
191728,ARTE
191728,INA
191728,Inthemood
191728,RTS
428688,Studioul Cinematografic București
775996,Inspire Entertainment
775996,Automatik Entertainment
775996,Leeding Media
775996,42
1705729,Denton Film
1705729,Irish Channel Studios
278986,RAI Cinema
278986,BiBi Film
278986,Isaria Productions
278986,Nirvana Motion Pictures
6623,DreamWorks Pictures
1647,Birnbaum/Barber Productions
399019,American Zoetrope
449992,Screenplay Infinite Films
449992,XYZ Films
397691,Canica Films
397691,Latitude18 Films
757725,Lionsgate
757725,Made With Love Media
757725,Media Capital Technologies
757725,Indian Meadows Productions
757725,Simpson Street
732450,Warner Bros. Animation
732450,DC
9886,TriStar Pictures
9886,Don Carmody Productions
9886,Alliance Films
43923,Focus Features
43923,Wayfare Entertainment
43923,Misher Films
43923,Journeyman Pictures
43923,Gowanus Projections
43923,Start Media
10185,Lakeshore Entertainment
10185,Lions Gate Films
10185,Midnight Picture Show
10185,GreeneStreet Films
458098,Bored of Borders
458098,SKUBA films
1642,Columbia Pictures
1156125,Neopa
1156125,Fictive
439015,Madhouse Entertainment
439015,Mythology Entertainment
439015,Screen Gems
89644,Eurociné
11545,Touchstone Pictures
11545,American Empirical Pictures
8665,Intermedia Films
8665,Palomar Pictures
8665,First Light
8665,IMF Internationale Medien und Film 2 & Produktions
8665,K-19 Film Production
8665,National Geographic Films
8665,Studio Trite
15137,khara
1052280,Edith Productions
1052280,Boldly Go Productions
1052280,Such Content
17445,DC
17445,Warner Bros. Animation
10481,Walt Disney Pictures
10481,Edward S. Feldman Productions
132225,Krátký film Praha – Studio Bratři v triku
10027,EuropaCorp
10027,Danny the Dog Productions
10027,TF1 Films Production
10027,Qian Yian International
10027,Current Entertainment
10027,Universal Pictures
1249508,Four J Films
54989,Cinearte Produções Cinematográficas
54989,Embrafilme
1858,DreamWorks Pictures
1858,di Bonaventura Pictures
1858,DeSanto/Murphy Productions
1858,Paramount Pictures
961323,Annapurna Pictures
961323,DNEG
1662432,14 Florence Road Films
442630,Rachel Dreams
17692,MCA  Theatricals
17692,Universal Pictures
17692,Alan Landsburg Productions
10206,Kuzui Enterprises
10206,20th Century Fox
10206,Sandollar Productions
935885,Tencent Penguin Pictures
8390,Ringerike Erste Filmproduktion
8390,Universal Pictures
8390,StudioCanal
8390,Working Title Films
8390,Scion Films
1003580,Warner Bros. Animation
1003580,DC
340674,RatPac Entertainment
340674,Gerson Film
340674,InterTitle Films
340674,Opus Film
340674,Some Kind of Garden
340674,Saban Films
340674,Los Angeles Media Fund
340674,Krakowskie Biuro Festiwalowe
334298,Edko Films
334298,BDI Films Inc.
334298,Heyi Pictures
334298,San-Le Films
1466120,Road House
10729,Devoted Productions
10729,Warner Bros. Pictures
8833,Trans-Cinema TV
8675,Kuzui Enterprises
8675,Avenging Conscience
8675,MDP Worldwide
8675,Kuki
8675,PolyGram Video
8675,Rogue Pictures
8675,October Films
1001884,Will Packer Productions
1001884,Smart Entertainment
1001884,Walt Disney Pictures
524251,Zodiac Features
524251,Quickfire Films
524251,Kreo Films
524251,Metrol Technology
524251,Head Gear Films
524251,Bankside Films
1380898,Daebak Film
19458,Walt Disney Television
19458,Rainforest Productions
19458,Disney Channel
1078600,Voltage Pictures
1078600,Ethea Entertainment
9417,Morgan Creek Entertainment
9417,Constantin Film
129670,Echo Lake Entertainment
129670,Bona Fide Productions
10925,Hemdale Film Corporation
10925,Fox Films Ltd.
10925,Cinema 84
9975,Universal Pictures
9975,Imagine Entertainment
2124,Cinergi Pictures
2124,Hollywood Pictures
690965,Movistar Plus
762968,Likely Story
10678,Touchstone Pictures
10678,Hyde Park Entertainment
10678,Mandeville Films
844,Shanghai Film Group
844,Orly Films
844,Paradis Films
844,Classic Productions
844,Precious Yield
844,Jet Tone Production
12154,Touchstone Pictures
12154,Interscope Communications
12154,Silver Screen Partners III
26123,Capital Arts Entertainment
9404,Orange Sky Golden Harvest
618416,Made Up Stories
618416,Broadtalk
618416,Jam Tart Films
618416,Endeavor Content
618416,Screen Australia
618416,Create NSW
13648,Capcom
13648,Sony Pictures
13648,Digital Frontier
10851,Revolver Pictures Co.
10851,Toff Guy Films
10851,EuropaCorp
10851,Isle of Man Film
945937,Ashland Hill Media Finance
945937,Daniel Grodnik Productions
945937,Mitchell Welch Productions
945937,Thomasville Pictures
945937,Equitable Media
945937,Streamline Global
945937,Boomtown Media Partners
206957,Rīgas kinostudija
37645,EuropaCorp
37645,TF1 Films Production
37645,Digital Factory
438808,Studio 8
438808,Protozoa Pictures
438808,LBI Productions
438808,Columbia Pictures
438808,Le Grisbi Productions
1362315,20th Century Studios
1362315,Department M
1362315,Radar Pictures
1576198,Vivamax
1576198,PCB Productions
799546,Orchard Farm Productions
799546,Made Up Stories
799546,Picturestart
912480,Némésis Films
832964,Brouhaha Entertainment
832964,Brouhaha Entertainment
832964,Juggle Productions
832964,55 Films
832964,Vogue Studios
832964,RocketScience
832964,MS Participations
832964,Sky Original Productions
832964,Pasaca Entertainment
16290,MTV Films
16290,Dickhouse Productions
16290,Paramount Pictures
4543,Celandine Films
4543,The Monty Python Partnership
183011,Warner Bros. Animation
183011,DC
183011,Warner Premiere
5722,20th Century Fox
2669,The De Laurentiis Company
2669,Bounty Films Production
974453,Electromagnetic Productions
974453,Sculptor Media
974453,North.Five.Six.
1211776,Midnight Road Entertainment
1211776,HappyBad Bungalow
1211776,Cotton Sox Entertainment
302688,Universal Pictures
302688,Gold Circle Films
302688,HBO Films
302688,Playtone
302688,Mandate International
3085,Columbia Pictures
634429,Tsuburaya Productions
634429,TOHO
634429,khara
634429,Cine Bazar
634429,TOHO Studios
634429,Shirogumi
8388,L.A. Films
8388,HBO Films
8388,Orion Pictures
1290182,Studio Take
1290182,Jayuro Pictures
22073,United Artists
22073,Frank Mancuso Jr. Productions
22073,Metro-Goldwyn-Mayer
82881,Walt Disney Animation Studios
1015606,Lucasfilm Ltd.
1015606,Supper Club
404,Les Films Alain Sarde
404,Picture Factory
404,Le Studio Canal+
404,Film4 Productions
351211,Vertigo Entertainment
351211,Lionsgate
351211,Room 101
351211,Snoot Entertainment
20544,Nina Saxon Film Design
20544,HBO Films
2179,New Line Cinema
2179,Red Hour
500739,Studioul Cinematografic București
458253,LAIKA
458253,Annapurna Pictures
269271,Argentina Sono Film
9035,Strike Entertainment
9035,Slither Productions
9035,Gold Circle Films
9035,Brightlight Pictures
463598,Caïmans Productions
649409,Warner Bros. Pictures
649409,HBO Max
20856,Regency Enterprises
20856,Josephson Entertainment
20856,Dune Entertainment
61807,Miramax
61807,BBC
61807,American Playhouse
61807,Richard Price
241254,EFO Films
241254,Aperture Entertainment
241254,Grindstone Entertainment Group
1880,United Artists
1880,Sidney Beckerman Productions
1880,Valkyrie Films
9103,Universal Pictures
9103,Signature Pictures
9103,MDP Worldwide
9103,Selima Films AVV
559581,RainMaker Films
559581,Yale Productions
559581,Augenschein Filmproduktion
559581,Black Canopy Films
559581,MMC Movies
559581,Phiphen Pictures
559581,RISE PICTURES
559581,Stage 6 Films
559581,XYZ Films
559581,WeFadeToGrey
559581,Bavaria Film
124459,New Line Cinema
124459,Carousel
124459,BenderSpink
1392469,Maddock Films
1392469,LUV Films
583903,Black Bear Pictures
583903,BBP Friend
583903,Scott Free Productions
19277,777 Films Corporation
19277,Millennium Media
19277,Wonderworks Films
783,Goldcrest
783,Indo-British
783,International Film Investors
783,National Film Development Corporation of India
565310,Big Beach
565310,Depth of Field
565310,Kindred Spirit
565310,Seesaw Productions
10911,Highroad Productions
10911,Columbia Pictures
16281,Laurel Entertainment
16281,United Film Distribution Company (UFDC)
16,Zentropa Entertainments
16,DR
16,SVT Drama
16,ARTE
16,France 3 Cinéma
16,Blind Spot Pictures
16,Liberator Productions
16,Íslenska kvikmyndasamsteypan
16,Pain Unlimited Filmproduktion
16,Trust Film Svenska
16,Cinematograph
16,What Else?
16,ARTE France Cinéma
16,Film i Väst
16,WDR
1658209,Vivamax
530382,42
530382,Automatik Entertainment
530382,Belladonna Productions
530382,Nightshade
574060,Studio Babelsberg
574060,Canal+
574060,Ciné+
574060,The Picture Company
574060,STXfilms
574060,StudioCanal
1495723,OGM Pictures
8997,Destination Films
8997,Red Wagon Entertainment
8997,Red Wagon Productions
20539,20th Century Fox
1195803,Topic Studios
1195803,Tango Entertainment
1195803,South of the River Pictures
1195803,Votiv Films
1195803,Yoki
1195803,Escape Plan
1195803,Lobo Films
1195803,Black Bear Pictures
1047041,TMS Entertainment
1047041,Shogakukan
1047041,Yomiuri Telecasting Corporation
1047041,Nippon Television Network Corporation
1047041,Shogakukan-Shueisha Productions
1047041,TOHO
188207,Millennium Media
188207,Summit Entertainment
188207,Nu Boyana Film Studios
10489,Sunn Classic Pictures
10489,Taft Entertainment Pictures
910571,Star Thrower Entertainment
910571,T-Street
910571,MRC
418680,Fox Searchlight Pictures
418680,DJ Films
23538,Sidus
23538,CJ Entertainment
23538,Froniter Works Comic
2266,Filmazure
2266,Pirol Stiftung
2266,Victoires International
8012,Metro-Goldwyn-Mayer
8012,Jersey Films
29917,Bedlam Productions
29917,Hazeldine Films
447330,Les Films Pelléas
447330,Bande à Part Films
447330,Orange Studio
447330,France 2 Cinéma
447330,RTS
265712,TOHO
265712,Shirogumi
265712,Robot Communications
265712,Shin-Ei Animation
265712,Fujiko Productions
265712,Shogakukan
265712,ADK
265712,TV Asahi
265712,Shogakukan-Shueisha Productions
265712,dentsu
265712,Asahi Broadcasting Corporation
265712,Nagoya Broadcasting Network
265712,Shuji Abe Office
265712,Kyushu Asahi Broadcasting
265712,Hokkaido Television Broadcasting
265712,Hiroshima Home Television
9703,The De Laurentiis Company
9703,Quinta Communications
9703,Zephyr Films
9703,Nimar Studios
9703,Ingenious Media
9703,D.D.L.
9703,Carthago Films
9703,Koliba Production & Services
9703,Empire Productions
71,StudioCanal
71,BBC Film
71,Tiger Aspect
71,Arts Council of England
71,Working Title Films
71,WT² Productions
71,Universal Pictures
18672,Film Workshop
18672,"Mei Ah Laser Disc Co, LTD"
18672,Long Shong Pictures
18672,Golden Princess Film Productions
422,Cineriz
422,Francinex
9566,TriStar Pictures
9566,Mandalay Entertainment
9566,Scott Free Productions
9566,Wendy Finerman Productions
547565,Phantom Four
547565,Anton
437068,The LAMP
437068,Showbox
12521,Alive Films
12521,Universal Pictures
12521,Carolco Pictures
13680,Monkey Dance Productions
13680,Walt Disney Pictures
13680,Mayhem Pictures
1199399,Centaur Films
360784,Primal Pictures
360784,Warner Bros. Pictures
360784,Vertigo Entertainment
9292,TriStar Pictures
9292,Silver Pictures
6520,First Knight Productions
6520,Columbia Pictures
6520,Zucker Brothers Productions
381341,Medusa Film
381341,Mediaset Premium
381341,MiC
381341,Lotus Production
381341,Leone Film Group
631517,Ariel Film
9766,Columbia Pictures
9766,Original Film
9766,Visual Arts Entertainment
9766,Stanhaven Productions
9766,Relativity Media
38363,River Road Entertainment
38363,Participant
38363,Fair Game Productions
38363,Dillywood
38363,Hypnotic
38363,Weed Road Pictures
38363,Zucker Productions
38363,Image Nation Abu Dhabi
11008,Universal Pictures
11008,Wife 'n' Kids
5902,United Artists
5902,Joseph E. Levine Productions
19840,Fox Atomic
19840,1492 Pictures
19840,Bece Canada Productions
19840,Dune Entertainment III
19840,Ingenious Media
542288,Street Movies AB
542288,Filmpool Nord
542288,Långfilm Productions Finland
239563,Chernin Entertainment
239563,The Weinstein Company
239563,Crescendo Productions
239563,Goldenlight Films
33997,Backup Media
33997,Desert Flower
33997,Majestic Film
33997,MTM West Television & Film
33997,Dor Film
33997,Bac Films
13691,Disney Television Animation
13691,Walt Disney Pictures
13691,DisneyToon Studios
11974,Universal Pictures
11974,Imagine Entertainment
11974,Rollins-Morra-Brezner Productions
257346,Sony Pictures
257346,Madhouse
1194963,Finecut
1194963,BY4M Studio
9728,Jason Productions
9728,Georgetown Productions
9728,Paramount Pictures
9728,Sean S. Cunningham Films
9728,Frank Mancuso Jr. Productions
77951,Animal Logic
77951,Evergreen Films
77951,Reliance Entertainment
77951,IM Global
77951,BBC Earth
16094,New Line Cinema
167032,Universal 1440 Entertainment
1139566,Nostromo Pictures
1139566,Wattpad WEBTOON Studios
1571594,Sendín Films
869741,Películas
193610,LBI Productions
193610,20th Century Fox
193610,TSG Entertainment
4281,GG Studio
4281,Golan-Globus Productions
4281,The Cannon Group
1254624,Aluna Entertainment
1254624,H2L Media Group
1254624,Squared Eyed Pictures
1061798,Bobbypills
1061798,uMedia
1061798,RTBF
1061798,uFund
9884,David Foster Productions
9884,Hacienda Productions
9884,Bel Air Entertainment
9884,Warner Bros. Pictures
340402,Will Packer Productions
340402,Universal Pictures
18480,MRC
18480,Everyman Pictures
18480,Four by Two Films
964960,Curiosa Films
964960,France 2 Cinéma
964960,uMedia
964960,Gaumont
11891,O Entertainment
11891,20th Century Fox
5820,Furthur Films
5820,New Regency Pictures
5820,Dune Entertainment
5820,Major Studio Partners
5820,20th Century Fox
513736,Warner Bros. Animation
513736,DC Entertainment
513736,The LEGO Group
12150,Universal Pictures
2116,Monarch Pictures
2116,Original Film
2116,Metro-Goldwyn-Mayer
10447,Platinum Pictures
10447,Pacific Western
10447,Allied Filmmakers
10447,Savoy Pictures
2103,20th Century Fox
2103,Lightstorm Entertainment
228194,Amblin Entertainment
228194,Harpo Films
228194,Participant
228194,Image Nation Abu Dhabi
228194,Reliance Entertainment
228194,DreamWorks Pictures
299,Warner Bros. Pictures
299,Dorchester
1117898,DNEG
1117898,Dr. Seuss Enterprises
1117898,Warner Bros. Pictures Animation
1117898,A Stern Talking To
1117898,Domain Entertainment
72571,Paramount Pictures
72571,Blumhouse Productions
72571,Solana Films
72571,Room 101
75674,Bandito Brothers
7520,Interscope Communications
7520,Touchstone Pictures
7520,Silver Screen Partners III
5336,Les Productions Artistes Associés
5336,PEA
11916,Sanen Productions
11916,Malpaso Productions
11916,Universal Pictures
11916,Martin Rackin Productions
168903,Technicolor Animation
168903,Mattel Studios
4808,Stanley Donen Films
4808,Universal Pictures
3604,Starling Films
3604,Universal Pictures
3604,Famous Films Productions
3604,Flash Gordon Productions
3604,DDL Cinematografica
9030,Paramount Vantage
9030,VN Productions
9030,Cruise/Wagner Productions
9030,Vertigo Entertainment
9030,Lionsgate
9663,Columbia Pictures
9663,Michael Douglas-Jarry J. Franco Productions
9663,Delphi II Productions
850920,Good Fear
850920,New Line Cinema
9530,Columbia Pictures
9530,Relativity Media
9530,Red Wagon Entertainment
9530,Intermedia Films
9530,IMF Internationale Medien und Film 3 & Produktions
1262815,Sony Pictures Classics
1262815,BBC Film
1262815,Screen Yorkshire
1262815,Head Gear Films
1262815,Metrol Technology
2642,Fortis Films
2642,Castle Rock Entertainment
2642,Village Roadshow Pictures
2642,NPV Entertainment
413387,Unisinos
430231,Snowfort Pictures
430231,Pfaff & Pfaff Productions
430231,Love & Death Productions
430231,Rustic Films
430231,XYZ Films
406761,The Ink Factory
406761,Marc Platt Productions
406761,Point of No Return
406761,127 Wall
13490,Spyglass Entertainment
13490,Universal Pictures
614587,TMS Entertainment
614587,TOHO
614587,Monkey Punch Pictures
614587,Marza Animation Planet
614587,Yomiuri Telecasting Corporation
614587,Hiroshima Telecasting
614587,Miyagi Television Broadcasting
614587,Abe Shuji
614587,Fukuoka Broadcasting System
614587,Sapporo Television Broadcasting Company
614587,Shirogumi
614587,Shizuoka Daiichi Television
614587,Chukyo TV Broadcasting Company
614587,Nippon Television Network Corporation
2155,Dimension Films
2155,Marty Katz Productions
1001811,Playtone
1001811,Gold Circle Entertainment
1001811,Artistic Films
1001811,Focus Features
48340,Universal Pictures
48340,Relativity Media
48340,Wayfare Entertainment
48340,Great Wight Productions/ Osford Films
48340,Sanctum Australia
48340,FilmNation Entertainment
11092,Mirage Enterprises
11092,Warner Bros. Pictures
1248251,Ashiq Usman Productions
13683,Disney Television Animation
10329,Paramount Pictures
10329,The Kennedy/Marshall Company
611914,Rollercoaster Angel Productions
611914,Signature Films
611914,Capstone Entertainment Group
611914,Grindstone Entertainment Group
611914,Helix Media Group
611914,Lionsgate
16672,Teshigahara Productions
16672,TOHO
24150,Dimension Films
24150,Spectacle Entertainment Group
24150,Trancas International Films
14435,Lionsgate
4032,Columbia Pictures
4032,Imagine Entertainment
11576,United Artists
11576,Casey Productions
53565,Walt Disney Studio
8491,Gladden Entertainment
1371185,Focus Features
1371185,Davis Entertainment
82424,Pixar Canada
1753467,Alamanda Production
42941,Ghost House Pictures
476292,P.A.WORKS
476292,Bandai Visual
476292,Hakuhodo DY Music & Pictures
476292,Lantis
476292,Cygames
476292,Rakuonsha
1059128,Fremantle
1059128,The Apartment Pictures
1059128,Frenesy Film
1092329,Affirm Films
1092329,SPACE + ART Entertainment
1092329,Monarch Media
1092329,Night Light
766475,Searchlight Pictures
766475,DJ Films
766475,TSG Entertainment
463329,Punkchart films
13830,Access Pictures
13830,Jean Silvera Films
13830,Triumph Films
13830,Destination Films
13184,Virtual Studios
13184,Saturn Films
13184,Blue Star Pictures
13184,Living Films
13184,Bangkok Dangerous
13184,Initial Entertainment Group
13184,Lionsgate
9087,Castle Rock Entertainment
9087,Universal Pictures
9087,Wildwood Enterprises
219318,TF1 Films Production
219318,SCOPE Invest
219318,Quad Productions
219318,SCOPE Pictures
87826,Broken Road Productions
87826,Columbia Pictures
87826,Hey Eddie
87826,Happy Madison Productions
4836,Marv
705,20th Century Fox
814338,3000 Pictures
814338,Blueprint Pictures
814338,HarperCollins Publishers
814338,Laurence Mark Productions
67198,Sony Pictures Home Entertainment
134597,Fortress Features
134597,LD Entertainment
429474,Unisinos
1499,Mirage Studios
1499,Orange Sky Golden Harvest
9386,Castle Rock Entertainment
9386,Apple / Rose
9386,Columbia Pictures
9029,Penn Station Entertainment
9029,Regency Enterprises
9029,21 Laps Entertainment
9029,Dune Entertainment III
9029,Mosaic Media Group
9029,20th Century Fox
9029,Monarchy Enterprises B.V.
1613,Alliance Atlantis
1613,Fifty First Films
1613,Focus Films
231164,KADOKAWA
231164,Femme Fatale Pictures
231164,Sweet Whip Production Committee
231164,KADOKAWA Shoten
8838,Universal Pictures
8838,Imagine Entertainment
109431,Stuber Pictures
109431,Aggregate Films
109431,DumbDumb
109431,Universal Pictures
109431,Bluegrass Films
806704,6th & Idaho Motion Picture Company
806704,DC Studios
806704,Dylan Clark Productions
8984,Baltimore Pictures
8984,Warner Bros. Pictures
8984,Constant c Productions
9304,Columbia Pictures
645757,Locksmith Animation
645757,DNEG
8408,Laurel Entertainment
8408,United Film Distribution Company (UFDC)
1293162,308 Enterprises
1293162,BondIt Media Capital
1293162,Hall²
1293162,American Picture House Corporation
1293162,SSS Entertainment
10535,Hollywood Pictures
842942,Goldrush Entertainment
842942,Yale Productions
842942,Lucky 13 Productions
842942,BondIt Media Capital
1751503,TV4
605116,Screen Arcade
605116,Supermarché
736732,CJ ENM
736732,Zip Cinema
736732,GAGA Corporation
11812,Konrad Pictures
672582,Radar Films
672582,Logical Pictures
672582,Apollo Films
672582,uMedia
672582,Forecast Pictures
672582,Screen Flanders
672582,XYZ Films
672582,CNC
672582,Epix
672582,OCS
672582,Wallimage
672582,Pulsar Content
672582,RLJE Entertainment
672582,uFund
672582,Blumhouse Television
89492,Apatow Productions
89492,Forty Productions
89492,Universal Pictures
95610,StudioCanal
95610,Working Title Films
6646,Walt Disney Productions
16664,Rockwell Eyes
16664,JVC
16664,WOWOW
16664,OORONG-SHA
11880,The Victor Film Company
11880,The Carousel Picture Company
11880,The Noel Gay Motion Picture Company
11880,Kismet Entertainment Group
11880,Luxembourg Film Fund
2055,Cobalt Media Group
2055,Touchstone Pictures
2055,Beacon Pictures
2055,Tig Productions
1683,Dark Castle Entertainment
1683,Chime Films
1683,Eyetronics
1683,Village Roadshow Pictures
1683,Warner Bros. Pictures
923939,American Empirical Pictures
923939,Indian Paintbrush
1307373,Bankside Films
1307373,Hoopsa Films
1307373,Agile Films
1307373,It's All Made Up Productions
894169,The Exchange
894169,308 Enterprises
894169,Bar None Productions
13291,Mandeville Films
13291,Hyde Park Entertainment
13291,Crescendo Productions
13291,Overture Films
13291,Paramount Vantage
14166,REN-Mar Studios
14166,Prospect Pictures
929563,Disney Television Animation
929563,Disney Channel
929563,Disney Branded Television
1130022,All Night Diner
1130022,Concourse Media
1130022,Rockhill Studios
1130022,Valecroft
1739186,Campfire Studios
713364,Temple Hill Entertainment
713364,Rhea Films
713364,Protagonist Pictures
713364,Thundersnow Pictures
713364,1821 Pictures
713364,Hercules Film Fund
713364,RLJE Entertainment
713364,Shudder
522518,Amblin Entertainment
522518,Reliance Entertainment
522518,Walden Media
522518,Alibaba Pictures Group
522518,Pariah
268920,New Line Cinema
268920,Pacific Standard
268920,Metro-Goldwyn-Mayer
10906,Paramount Pictures
10906,Columbus Circle Films
354216,Snoot Entertainment
354216,HanWay Films
180894,Swingin' Productions
180894,Millennium Media
62630,Corrino Media Corporation
62630,Corsan
62630,Staccato Films
4643,Touchstone Pictures
4643,Beacon Pictures
4643,Contrafilm
4643,Firm Films
4643,Eyetronics
4643,A School Productions
1001414,Chernin Entertainment
823625,The Solution
823625,Zero Gravity Management
823625,Film Victoria
823625,Lightstream Entertainment
823625,Screen Australia
823625,Footloose Productions
823625,Sina Studios
823625,Fourstar Film Partners Production
823625,Elevate Production Finance
823625,Monty the Dog Productions
891,Wildwood Enterprises
123109,Pathe
123109,WWE Studios
123109,Milk & Media
123109,Constance Media
1195631,Tempo Productions
1195631,Groenlandia
1195631,Free Turn
1195631,Swift Productions
1195631,Prime Focus Studios
16690,Disney Television Animation
16690,Walt Disney Pictures
16690,DisneyToon Studios
15357,CinéCinéma
15357,TF1 International
15357,Sofica EuropaCorp
15357,EuropaCorp
15357,Canal+
15357,CiBy 2000
526007,Highland Film Group
526007,WulfPak Productions
526007,Saban Films
526007,Convergent Media
1469354,Grandave Capital
512196,Digital Riot Media
512196,Blumhouse Productions
512196,Universal Pictures
463570,Terratreme
581852,Mega Best International Film Co.
581852,Super Power Motion Picture Co.
1397201,TOHO
1397201,CREDEUS
1397201,Shueisha
1397201,WOWOW
1359685,Frágil Zinema
1359685,RTVE
9488,Dimension Films
9488,Troublemaker Studios
1323784,N&L Films
1323784,Wattpad WEBTOON Studios
1323784,Nadie es Perfecto
1323784,Imperfect Films
636706,Free Association
636706,Tango Entertainment
636706,Sinestra
738652,WarParty Films
738652,Sculptor Media
738652,G-BASE
738652,Zero Gravity Management
738652,Raven Capital Management
93828,Worldview Entertainment
93828,Between The Eyes
93828,Automatik Entertainment
93828,IM Global
93828,Scott Free Productions
93828,Alliance Films
93828,BFI
93828,Quickfire Films
93828,Reliance Entertainment
571055,Blumhouse Television
10435,Carolco Pictures
10435,RCS Video
10435,Lambeth
10435,Le Studio Canal+
758537,Les Amis de Cinématon
1203329,Studio Mir
1203329,Hivemind
1203329,Platige Films
1203329,Little Schmidt Productions
6081,United Artists
6081,Jewel Productions
6081,Sellers-Edwards productions
6081,Pimlico Films
12122,Universal Pictures
12122,Alphaville Films
100241,Lionsgate
100241,Lakeshore Entertainment
100241,Sidney Kimmel Entertainment
100241,Hopscotch Features
72477,Anchor Bay Entertainment
72477,Blue Light
72477,Hanson Watley Entertainment
72477,Infinity Media
72477,Gideon Productions
72477,QED International
38303,Oops Doughnuts Productions
38303,Touchstone Pictures
38303,Frontier Pictures
9623,Columbia Pictures
9623,Winkler Films
9706,Basara Pictures
643215,Les Éditions Albert René
643215,Les Enfants Terribles
643215,Pathé
643215,Trésor Films
643215,Artémis Productions
643215,White and Yellow Films
643215,TF1 Films Production
9494,Management Company Entertainment Group (MCEG)
9494,Hollywood Licensing Group
9494,TriStar Pictures
480672,Dois Pontos Filmes
379291,Warner Bros. Animation
379291,DC
9932,Warner Bros. Pictures
9932,Village Roadshow Pictures
9932,NPV Entertainment
9932,Face Productions
9932,Tribeca Productions
9932,Spring Creek Pictures
9932,Baltimore Pictures
11299,TriStar Pictures
11299,Bandai Visual
11299,Destination Films
11299,SUNRISE
11299,Emotion
11299,BONES
347031,BlackBird
347031,Tadmor
347031,Astrakan Films
347031,Cold Iron Pictures
347031,Prettybird
31602,Horizon Pictures
1317088,Augenschein Filmproduktion
1317088,Number 9 Films
1317088,Project Infinity
1317088,Shivhans Pictures
1317088,Woolley/Karlsen Productions
1317088,Tiki Tāne Pictures
10396,Cinema City Films
10396,The Mount Company
10396,Warner Bros. Pictures
416234,Imagination Design Works
416234,Blacklab Entertainment
416234,Lionsgate
416234,Screen Australia
416234,Screen Queensland
416234,Film Victoria
416234,Eclipse Pictures
1737989,Apple Music
1737989,Diversified Production Services
1737989,Jesse Collins Entertainment
1737989,NFL Media Group
1737989,Roc Nation
467824,Lewis Pictures
467824,Union Investment Partners
467824,Warner Bros. Korea
467824,Bandai Namco Arts
467824,Huayi Tencent Entertainment
12094,Paramount Pictures
12094,Dickhouse Productions
12094,MTV Films
12094,Lynch Siderow Productions
8409,Newman/Tooley Films
8409,"DIA"" Productions GmbH & Co. KG"
8409,Joseph Nittolo Entertainment
8409,New Line Cinema
5551,Village Roadshow Pictures
5551,Malpaso Productions
5551,Mad Chance
5551,Clipsal Films
5551,Warner Bros. Pictures
10647,Bel Air Entertainment
10647,Warner Bros. Pictures
10647,Tapestry Films
4474,S E Productions Inc.
4474,Regency Enterprises
4474,New Regency Pictures
4474,Pariah
1249,Focus Features
1249,Miramax
1249,Back Lot Pictures
1749317,Mache Allstar United Sdn Bhd
576784,CTB Film Company
576784,Russia 1
576784,CGF Films
576784,Cinema Foundation of Russia
533444,A24
533444,Bron Studios
533444,JW Films
533444,Guy Grand Productions
1002185,Select Films
1002185,Redrum
1002185,Amazon MGM Studios
68924,Canal+ Droits Audiovisuels
68924,Fox Searchlight Pictures
68924,Good Machine
307663,Grindstone Entertainment Group
307663,EFO Films
307663,K5 International
307663,Aperture Entertainment
633604,A Team Productions
633604,10.80 Films
633604,Everstory Productions
44244,Alan Sacks Productions
44244,Walt Disney Television
44244,Coin Flip Productions
44244,Disney Channel
1693436,Vivamax
10314,Tapestry Films
10314,FilmColony
10314,Miramax
7229,UGC
7229,Filmauro
7229,DD Productions
7229,EFVE
7229,TF1 Films Production
171713,Interior13 Cine
11442,Dimension Films
11442,Nightfall Productions
11442,Trancas International Films
11442,Miramax
408648,DC Entertainment
408648,Warner Bros. Animation
396900,Slovenská filmová tvorba
275331,Peabody Museum
275331,Film Study Center
275331,Harvard University
146223,Focus Features
146223,Working Title Films
10466,Amblin Entertainment
10466,Universal Pictures
1232667,The Walsh Company
1232667,MWM Studios
1232667,Faxon/Rash Productions
2539,Gracie Films
2539,Columbia Pictures
1489931,Soraya Intercine Films
1489931,Legacy Pictures
1489931,Navvaros
426563,Columbia Pictures
426563,Mimran Schur Pictures
426563,Gary Sanchez Productions
426563,Mosaic Media Group
10339,Moulin Productions Inc.
8873,Paramount Pictures
10400,Beacon Pictures
10400,Rudy Langlois Productions
10400,Azoff Films
12277,Universal Pictures
12277,Imagine Entertainment
614696,Lotte Entertainment
614696,Zip Cinema
614696,Perspective Pictures
1093995,Bee Holder Productions
1093995,Concourse Media
1093995,Ashland Hill Media Finance
1093995,TDP FILMS
1093995,Filmology Finance
1093995,Tip-Top Productions
1093995,Mirror Productions
10876,Fox Searchlight Pictures
10876,Industry Entertainment Partners
10876,Walrus & Associates
10876,Hollywood Partners
14337,erbp
261392,Merced Media Partners
261392,Lionsgate
261392,The Bridge Finance Company
261392,Circle of Confusion
261392,FilmNation Entertainment
261392,Likely Story
261392,PalmStar Media
501,Discovery Docs
501,Real Big Production
501,Lions Gate Films
254473,EuropaCorp
254473,Transfilm International
254473,Relativity Media
254473,Brick Mansions Productions
11113,Warner Bros. Pictures
1104586,Bare Knuckle Fighting Championship
932420,XYZ Films
932420,Collective Pictures
457232,Iervolino & Lady Bacardi Entertainment
457232,Grindstone Entertainment Group
457232,Lambofilm
457232,Zian Films
405892,Phước Sang Film
9064,Film Futures
9064,New World Pictures
9064,Cinemarque Entertainment
9064,King Video Productions
1165369,Pathé
1165369,Auvergne-Rhône-Alpes Cinéma
1165369,TF1 Films Production
1165369,Belvédère
1165369,Ness Films
1165369,Beside Productions
1165369,LDRP
1165369,Logical Content Ventures
1165369,Aonia Ventures
1165369,Ouroboros Entertainment
1165369,Stags Participations II
450162,Colegio Dante Alighieri
450162,El Carro
1631,Les Films La Boétie
1631,Artédis
1631,CB Films
1631,CNC
11820,Revolution Studios
11820,Red Om Films
255343,Chapter 2
255343,Orange Studio
255343,Pathé
255343,Roxbury
255343,Paradise Lost Film
255343,Nexus Factory
255343,Jouror Développement
255343,uMedia
255343,uFund
643532,Redline Entertainment
643532,LB Entertainment
643532,Enriched Media Group
643532,One Two Twenty Entertainment
643532,Saturn Streaming
643532,Astrakan Film AB
643532,Grandave Capital
4169,Universal Pictures
4169,Sidney Kimmel Entertainment
4169,Outlaw Productions
4169,Metro-Goldwyn-Mayer
4169,Intermedia
13394,DreamWorks Animation
13394,Pacific Data Images
1048923,American High
1048923,Anyway Productions
1048923,P&G Studios
1048923,Wayfarer Studios
1048923,Try Anyway Productions
6023,Wendy Finerman Productions
6023,Alcon Entertainment
6023,Warner Bros. Pictures
6023,Summit Entertainment
6023,Grosvenor Park Productions
32823,Apatow Productions
32823,Universal Pictures
32823,Relativity Media
32823,Spyglass Entertainment
1996,Paramount Pictures
1996,Mutual Film Company
1996,Lawrence Gordon Productions
1996,Eidos Films
1996,October Pictures
1996,BBC Film
1996,Tele München
1996,TOHO
1662317,RAW
1247601,Sony Pictures
1247601,Apple Corps
1247601,Neal Street Productions
10538,Warner Bros. Pictures
332,Caravan Pictures
332,The Avnet/Kerner Company
332,Roger Birnbaum Productions
332,DiC
332,Walt Disney Pictures
522417,Universal 1440 Entertainment
1688,APJAC Productions
1688,20th Century Fox
415826,Kitchen Table Films
780,Société générale des films
42994,Bandai Visual
42994,Shochiku
42994,Madhouse
42994,Kodansha
42994,STUDIO4℃
55465,New Line Cinema
55465,Mandate Pictures
55465,Warner Bros. Pictures
287722,Ñaña Films
287722,Sapeurs MX
10160,New Line Cinema
10160,Heron Communications
10160,Smart Egg Pictures
13004,Mattel
13004,Rainmaker Entertainment
1445276,CBC
1445276,aeonium
597890,Nota Bene Film Group
597890,Thunder Road
2759,PolyGram Filmed Entertainment
2759,Latent Image Productions Pty. Ltd.
2759,Specific Films
2759,Gramercy Pictures
506281,Killer Films
506281,M.Y.R.A. Entertainment
506281,Yellow Bear Films
506281,Charades
506281,Ingenious Media
506281,Sea Change Media
506281,Sailor Bear
506281,Hype Studios
157849,Amusement Park Films
157849,Demarest Films
157849,Senator Film
157849,The Ink Factory
157849,Film4 Productions
157849,Potboiler Productions
142061,Warner Premiere
142061,Warner Bros. Animation
142061,DC
10537,Carolco Pictures
10537,Bill Graham Films
10537,Imagine Entertainment
10537,Ixtlan Productions
445954,Nu Boyana Film Studios
1155828,Black Bear Pictures
1155828,Edith Productions
1155828,Marfa Peach Company
10868,Paramount Pictures
10868,Jaffe-Lansing
1151334,20th Century Studios
1151334,Reese Wernick Productions
438747,Disney Television Animation
438747,Mercury Filmworks
438747,Lighthouse Studios
227700,StudioCanal
227700,The Safran Company
227700,Ombra Films
227700,Roxbury
227700,Anton Capital Entertainment
227700,Canal+
227700,TV3
227700,ICO
227700,Vision Globale
227700,Atresmedia Cine
11298,AVCO Embassy Pictures
11298,International Film Investors
11298,Wescom Productions
1662,Cinehaus
299820,Calypso Films
299820,Pelagic Life
41215,Egoli Tossell Film
41215,The Post Republic
41215,Ecosse Films
41215,Zephyr Films
41215,HanWay Films
10413,Columbia Pictures
10413,Adelson-Baumgarten Productions
12090,Robert Simonds Productions
12090,20th Century Fox
12090,Mediastream Dritte Film
167073,Wildgaze Films
167073,Parallel Film Productions
167073,BBC Film
167073,Bun and Ham Productions
167073,Finola Dwyer Productions
167073,Item 7
167073,Ingenious Media
167073,Fís Éireann/Screen Ireland
167073,BFI
523139,Copperheart Entertainment
523139,Mosaic
1215532,nWave Pictures
1215532,Octopolis
1215532,Sony Pictures International Productions
427719,Showtime Networks
34179,Shanghai Film Group
34179,Visualizer Film Productions
34179,MediaCorp Raintree Pictures
34179,Western Movie Group
34179,Desen International Media
990412,Promenade
928270,All Canadian Entertainment
928270,Motion Picture Corporation of America
928270,Brad Krevoy Television
928270,Lighthouse Pictures
228205,Fox 2000 Pictures
228205,Temple Hill Entertainment
228205,TSG Entertainment
9454,20th Century Fox
9454,Mireille Soria Productions
9454,Fox Family Films
80280,Filmax
1551,Stonebridge Entertainment
1551,Columbia Pictures
321757,Whitewater Films
321757,Permut Presentations
321757,Tilted Windmill Productions
321757,Kandoo Films
64685,Warner Bros. Pictures
64685,Scott Rudin Productions
45722,Ministère des Affaires Étrangères
45722,Fonds Sud Cinéma
45722,Pensa & Rocca Producciones
45722,Orgon Films
45722,CNC
230179,Bavaria Film Partners
230179,Subzero Film Entertainment
230179,Altitude Film Entertainment
230179,VisionPlus Fund I
230179,Ketchup Entertainment
230179,Waterstone Entertainment
230179,Head Gear Films
230179,Metrol Technology
230179,Film House Germany
230179,Egoli Tossell Film
24873,The Cannon Group
24873,Golan-Globus Productions
463173,VAM Studio
11835,Baldwin Entertainment Group
11835,20th Century Fox
11835,Hyde Park Entertainment
1623568,Toei Company
1623568,Ishimori Production
211387,Marvel Studios
10975,Paragon Films
10975,Golden Way Films Ltd.
9948,DisneyToon Studios
1400357,Department M
1400357,Butler & Sklar Productions
403092,Producciones Rey Pascual
11439,R.P. Productions
11439,France 2 Cinéma
11439,Runteam
11439,Studio Babelsberg
11439,Elfte Babelsberg Film
284536,Paramount Pictures
284536,Closest to the Hole Productions
284536,Leverage Entertainment
284536,Winkler Films
702525,nWave Pictures
702525,Octopolis
702525,Belga Productions
505600,Annapurna Pictures
505600,Gloria Sanchez Productions
35056,Dune Entertainment
35056,21 Laps Entertainment
35056,20th Century Fox
10157,The Ladd Company
60747,Contrafilm
367056,Rīgas kinostudija
862965,Low Spark Films
862965,Evil Hag Productions
862965,Fear Knot Productions
862965,MakeMake
381138,Vitri Films
371462,Rinkel Film
371462,Fastnet Films
371462,Calach Films
371462,Les Films Fauves
1568027,United King Films
1568027,Kan
1568027,July August Productions
1568027,Ministry of Culture and Sport
1568027,Israeli Film Fund
1244557,НАШЕ Радио
48572,SModcast Pictures
48572,NVSH Productions
48572,Phase 4 Films
48572,View Askew Productions
48572,Lionsgate
1587964,Mandalay Pictures
1587964,Argent Pictures
1587964,A/Vantage Pictures
1587964,Andscape
1587964,North of Now
68812,Bleiberg Entertainment
68812,Millennium Media
301875,Infinite Studios
301875,Freedom Media
301875,Route One Entertainment
301875,Scott Free Productions
537971,Oriol Colomar
537971,Oriolcolomar
8489,Columbia Pictures
8489,Initial Entertainment Group
8489,Forward Pass
8489,Overbrook Entertainment
8489,Peters Entertainment
8489,Lee Caplin / Picture Entertainment
15577,Movie Prose
15577,C.O. Films
15577,The Kennedy/Marshall Company
15577,The Weinstein Company
391907,씨네토리
14136,Walt Disney Productions
129123,Jing's Production Limited
5,Miramax
5,A Band Apart
877183,Gracie Films
877183,20th Television Animation
20083,JCE Movies
20083,Emperor Motion Pictures
20083,Kantana Studios
20083,AOI Pro.
763164,308 Enterprises
763164,BondIt Media Capital
763164,Buffalo 8 Productions
763164,Head Gear Films
763164,Kreo Films
763164,Metrol Technology
614,SF Studios
1420733,JERRYGOOD Company Inc.
1420733,Zanybros
1420733,CCM Factory
1420733,Westworld Story
808023,Lionsgate
808023,NAZZ Productions
1040159,Channel 4 Television
1040159,Out of the Blue Productions
494407,OLM
494407,Pikachu Project
494407,TV Tokyo
494407,The Pokémon Company
494407,WIT STUDIO
494407,Shogakukan
494407,TakaraTomy
494407,jeki
494407,TOHO
494407,Shogakukan-Shueisha Productions
38319,Universal Pictures
38319,Stuber Pictures
38319,Bluegrass Films
505707,AMBI Group
505707,Infinitum Nihil
505707,Ithaca Pictures
505707,Iervolino Entertainment
505707,Samuel Goldwyn Films
12088,Village Roadshow Pictures
12088,Davis Entertainment
12088,Fortress Films
12088,Dimension Films
7249,The Curiosity Company
7249,20th Century Fox Television
2196,Target Media Entertainment
2196,VIP Medienfonds 2
2196,VIP 1 Medienfonds
2196,Parabolic Pictures
2196,Sidney Kimmel Entertainment
2196,Stable Way Entertainment
3603,New Zealand Film Commission
3603,Live Stock Films
3603,Escapade Pictures
3603,Singlet Films
3603,The Daesung Group
3603,Wētā Workshop
3603,Wētā FX
1410082,Destination Films
1410082,Blue Ice Pictures
1410082,Blue Ice Africa
13962,Walt Disney Pictures
3036,American Zoetrope
3036,TriStar Pictures
3036,Japan Satellite Broadcasting
3036,IndieProd Company Productions
11533,Morningside Productions
11533,Columbia Pictures
647,Square Enix
647,Visual Works
886921,Bengal Multimedia Ltd
6620,Paramount Pictures
67171,Walt Disney Productions
96724,Working Title Films
96724,Focus Features
140638,Three Pictures
13335,New Line Cinema
13335,Kingsgate Films
13335,Mandate Pictures
13335,Mandate International
6522,Universal Pictures
6522,Imagine Entertainment
6522,Eddie Murphy Productions
6522,Brian Grazer Productions
415541,Diasa P.C.
1227877,Savage Rose Films
1227877,Waypoint Entertainment
1227877,Ryder Picture Company
1227877,Annapurna Pictures
1227877,NEON
1227877,Metro Designers Productions
1227877,"The Sun Exploding Words, Sounds, & Pictures"
11979,WV Films LLC
11979,Village Roadshow Pictures
11979,NPV Entertainment
11979,Material
11979,Warner Bros. Pictures
10488,Walden Media
11425,Walt Disney Home Video
9455,New Line Cinema
9455,Illusion Entertainment Group
1616268,Punartham Productions
12085,Millennium Media
12085,Overture Films
12085,Lightspeed Entertainment
12085,Swingin' Productions
12085,Big City Pictures
12085,Granada Productions
396,Chenault Productions
396,Warner Bros. Pictures
3902,Endgame Entertainment
3902,Killer Films
3902,John Wells Productions
3902,John Goldwyn Productions
3902,VIP Medienfonds 4
3902,Rising Star Productions
3902,Grey Water Park Productions
24405,Morgan Creek Entertainment
9410,20th Century Fox
9410,Linson Entertainment
395458,Black Bear Pictures
395458,Dark Castle Entertainment
395458,Smokehouse Pictures
395458,Huahua Media
1339876,Yash Raj Films
932086,Territory Pictures
454227,Anonymous Content
454227,Sigma Films
454227,Clockwork Sessions
9701,Participant
9701,Nick Wechsler Productions
9701,Industry Entertainment Partners
9443,Enigma Productions
9443,Allied Stars
9443,20th Century Fox
1241755,Vivamax
13922,Lawrence Bender Productions
13922,Marty Katz Productions
1626188,Words + Pictures
1626188,Sadoux Productions
1626188,Little Room Films
1626188,Sweet Relief
1626188,Big Sam Productions
447543,Iniciativa Produções Cinema e Vídeo Ltda.
447543,Kives Filmes
14533,HBO Films
14533,Marvin Worth Productions
14533,Citadel Entertainment
14533,Kahn Power Pictures
14533,Gia Productions
521122,KT&G Sangsangmadang
123338,Everwide (H. K.) Limited
123338,Orange Sky Golden Harvest
123338,Jing's Production Limited
1731494,M3 Creative
9270,Bergman Lustig Productions
326359,Walt Disney Animation Studios
1337562,NEON
1337562,Topic Studios
1337562,Watch This Ready
1337562,TeaTime Pictures
1337562,FirstGen Content
489243,Item 7
489243,Belga Productions
489243,HanWay Films
489243,Automatik Entertainment
986054,Gloria Sanchez Productions
986054,Topic Studios
986054,Picturestart
1209290,Warner Bros. Animation
1209290,DC
1519320,All Elite Wrestling
24804,Six Point Harness
24804,Destination Films
24804,Goliath Entertainment
24804,Ars Nova
24804,Mondo Media
9516,New Line Cinema
615904,Nuyorican Productions
615904,Perfect World Pictures
615904,Kung Fu Monkey Productions
1752242,Danaë K Grieef Films
1752242,Therapeutic Productions
67342,TOHO-TOWA
67342,Bo Ho Films
67342,Orange Sky Golden Harvest
11202,20th Century Fox
1725116,20th Television Animation
1725116,Gracie Films
464889,Mandalay Pictures
464889,Destination Films
2575,Merlin Films
2575,Columbia Pictures
396461,Michael De Luca Productions
396461,Good Fear
396461,PASTEL
396461,UnLTD Productions
396461,Salem Street Entertainment
396461,Boo Pictures
396461,Vendian Entertainment
554241,Broken Road Productions
554241,Nickelodeon Movies
554241,Paramount Players
554241,Walden Media
554241,Paramount Pictures
13150,New Line Cinema
13150,Solaris Film
13150,O'Connor Brothers
13150,Avery Pix
13150,Kumar Mobiliengesellschaft mbH & Co. Projekt Nr. 1
12117,Spyglass Entertainment
12117,Touchstone Pictures
505948,Mother Film Holdings
505948,Rhea Films
505948,Southern Light Films
505948,The Penguin Empire
505948,Fin Design & Effects
505948,Hercules Film Fund
10877,Village Roadshow Pictures
10877,NPV Entertainment
10877,Warner Bros. Pictures
10877,Silver Pictures
883,Smokescreen
883,Asmik Ace Entertainment
883,BiM Distribuzione
883,Open City Films
17467,Diagonal Pictures
17467,Paragon Films
17467,Orange Sky Golden Harvest
28874,Madhouse
28874,Nippon Television Network Corporation
28874,KADOKAWA Shoten
28874,D.N. Dream Partners
28874,Warner Bros. Japan
28874,Yomiuri Telecasting Corporation
28874,VAP
28874,Studio Chizu
276624,TOHO
276624,avex pictures
276624,Toho Pictures
276624,Shogakukan
276624,dentsu
276624,WOWOW
276624,Hakuhodo DY Media Partners
276624,jeki
276624,KDDI
276624,Tokyo FM
276624,Nippan Group Holdings
276624,Shogakukan-Shueisha Productions
276624,Hikari TV
276624,GYAO
489925,A24
489925,Scott Rudin Productions
489925,IAC Films
270010,Playtone
270010,X Filme Creative Pool
270010,Primeridian Entertainment
270010,WS Film
270010,Silver Reel
270010,Fábrica de Cine
270010,Lotus Entertainment
270010,22H22
164457,Energy Entertainment
164457,Appian Way
164457,Relativity Media
164457,Red Granite Pictures
164457,Scott Free Productions
455839,Pad Thai Pictures
455839,Filmsmith Production & Management
668482,Working Title Films
668482,The Roald Dahl Story Company
11393,TriStar Pictures
11393,Delphi II Productions
440762,SModcast Pictures
440762,View Askew Productions
440762,Miramax
440762,Saban Films
440762,Destro Films
440762,Hideout Pictures
440762,Intercut Capital
440762,Mewesings
440762,Skit Bags Entertainment
756361,Need Productions
756361,Dublin Films
4255,Stallion Releasing Inc.
4255,Bryanston Distributing
239529,Double Eagle
239529,Nippon Television Network Corporation
239529,Shogakukan
239529,Yomiuri Telecasting Corporation
239529,TMS Entertainment
239529,TOHO
239529,Shogakukan-Shueisha Productions
239529,VAP
239529,Sapporo Television Broadcasting Company
239529,Miyagi Television Broadcasting
239529,Shizuoka Daiichi Television
239529,Hiroshima Telecasting
239529,Fukuoka Broadcasting System
239529,Chukyo TV Broadcasting Company
8286,Cinegai
8286,Les Films de la Boétie
1639,20th Century Fox
1639,Blue Tulip Productions
48231,Dangerous Method Film AG
48231,Recorded Pictures Company
48231,Millbrook Pictures
48231,Prospero Pictures
48231,Lago Film
48231,The Movie Network
405775,Big Indie Pictures
405775,Amazon Studios
405775,Picrow
1119090,Cinema Fantasma
1119090,Cine Vendaval
1119090,Woo Films
706503,Versus Production
706503,Nolita
706503,Inoxy Films
99,El Deseo
99,Renn Productions
99,France 2 Cinéma
174,Paramount Pictures
11797,Columbia Pictures
11797,Delphi IV Productions
11797,Vistar Films
2018,Tapestry Films
2018,Dee Gee Entertainment
2018,IMF
2018,Intermedia Films
2018,Prufrock Pictures
2018,Columbia Pictures
2018,J&M Entertainment
23730,C.H.U.D. Productions
23730,New World Pictures
605804,Little Runway Productions
10436,Columbia Pictures
10436,Cappa/De Fina Productions
460555,Bona Film Group
460555,The P.L.A Navy Government TV Art Central of China
460555,Star Dream Studio Media
460555,Film Fireworks Production
460555,Zak Productions
460555,Emperor Motion Pictures
460555,Huaxia Film Distribution
460555,Sun Entertainment Culture
460555,Tao Piao Piao 淘票票
460555,China Film Co-Production
1687,APJAC Productions
1687,20th Century Fox
37933,Studio Ghibli
37933,Hakuhodo DY Media Partners
37933,Nippon Television Network Corporation
37933,TOHO
37933,d-rights
37933,dentsu
37933,Mitsubishi
37933,Buena Vista Home Entertainment
20771,Disney Television Animation
20771,Disney Channel
535,Paramount Pictures
535,Don Simpson/Jerry Bruckheimer Films
535,The Guber-Peters Company
535,Polygram Pictures
294793,Barry Linen Motion Pictures
294793,Chockstone Pictures
294793,Jackson Pictures
294793,Nick Wechsler Productions
520172,Temple Hill Entertainment
1712587,Vivamax
121875,Wild Bunch
121875,France 2 Cinéma
121875,Mandarin Film
121875,FOZ
976419,Recicla2 Films
1134463,Teorema
1134463,Freckle Films
1134463,AR Content
1134463,Eastern Film
1134463,Greenwich Entertainment
9333,New Line Cinema
9333,Arthur Sarkissian Productions
9333,Lone Wolf
914215,Victory Man
914215,Elevation Pictures
914215,Prospero Pictures
419478,Boies/Schiller Film Group
419478,Wrigley Pictures
419478,Universal Pictures
316152,STXfilms
316152,Huayi Brothers Pictures
316152,IM Global
316152,Route One Entertainment
316152,Union Investment Partners
316152,Vendian Entertainment
316152,Bluegrass Films
316152,Rahway Road Productions
316152,Larger Than Life Productions
283454,Mosfilm
283454,Dovzhenko Film Studios
12140,Bandai Visual
12140,Production I.G
12140,dentsu
12140,ITNDDTD
12140,Kodansha
12140,Studio Ghibli
8999,di Bonaventura Pictures
8999,Patalex V Productions Limited
419835,Fred Films
419835,Brilliant Films
419835,Agatha Christie
419835,Stage 6 Films
419835,Metro International Entertainment
124157,Caper Film
124157,Michigan Venture Capital
124157,Showbox
124157,OCN
124157,KM Culture
124157,Korean Film Council
124157,KT alpha
124157,KTB Network
124157,SCS Entertainment
124157,Sega Sammy Entertainment
124157,October Pictures
124157,CJ Investment
12227,Walt Disney Pictures
12227,Silver Screen Partners IV
12227,Hybrid Productions Inc.
72358,Paramount Pictures
72358,Saturn Films
72358,Varsity Pictures
72358,DreamWorks Pictures
28422,Omega Project
971606,Big Beach
971606,EveryWhere Studios
971606,Participant
38142,CoMix Wave Films
1108211,Tao Piao Piao 淘票票
1108211,As One Production
7007,Walrus & Associates
7007,20th Century Fox
1437511,87North Productions
1437511,Imagine Entertainment
1437511,Amazon MGM Studios
36819,Handmade Films
44729,Toei Animation
44729,Toei Company
44729,Shueisha
44729,Fuji Television Network
44729,Bandai
10747,Warner Bros. Pictures
10747,Malpaso Productions
28118,Magic Light Pictures
28118,Orange Eyes
28118,Studio Soi
761053,PassionFlix
9558,Reteitalia
9558,Scena International
20763,Stonebridge Entertainment
20763,Donner/Shuler-Donner Productions
20763,Columbia Pictures
92060,Optimum Productions
38643,Thom Andersen Productions
907,Metro-Goldwyn-Mayer
907,Carlo Ponti Production
913673,Believe Entertainment
913673,Soli Deo Gloria Releasing
262841,Nickelodeon Movies
262841,Disruption Entertainment
262841,Paramount Animation
10021,Universal Pictures
10021,Rastar Productions
1589888,TCYM
576712,First Access Entertainment
9788,Universal Pictures
9788,Shady Acres Entertainment
625064,Sam Films
2289,Miramax
2289,Mirage Enterprises
2289,Castel Film
2289,Cattleya
2289,Bona Fide Productions
146238,Regency Enterprises
146238,Double Feature Films
146238,Appian Way
146238,Stone Village Pictures
146238,New Regency Pictures
146238,20th Century Fox
9560,Zucker Brothers Productions
9560,20th Century Fox
3600,Columbia Pictures
3600,Mandalay Entertainment
3600,Neal H. Moritz Productions
1613789,Toei Company
1613789,Toei Video Company
1613789,Toei TV Production
1613789,Toei Agency
1613789,Bandai
360107,Cactus Films
509730,nWave Pictures
509730,Belga Productions
509730,Charades
9080,AAR Films
9080,Warner Bros. Pictures
9080,The Brillstein Company
2056,Next Wednesday Productions
2056,SenArt Films
509733,Scopas Medien
509733,Philm CGI
509733,Seven Pictures
509733,Schubert International Filmproduktions
509733,SCOPE Pictures
509733,Lauenstein & Lauenstein
509733,UFA Fiction
509733,Grid Animation
992003,Nikkatsu Corporation
370365,Nordås film
59861,Playtone
59861,Vendôme Production
957304,Focus Features
957304,Working Title Films
9538,Filmplan International
9538,Canadian Film Development Corporation
9538,Montreal Trust Company of Canada
527660,Maiden Voyage Pictures
527660,RT Features
527660,Walking Tacos
338676,Vaca Films
338676,La Ferme! Productions
338676,Laokoon Filmgroup
338676,Ombra Films
338676,Telefónica Studios
1232493,Yabayay Media
1232493,Antipode Films
431530,STXfilms
431530,Robert Simonds Productions
431530,Suzanne Todd Productions
431530,Huayi Brothers Pictures
431530,Universal Pictures
24740,American Cinema Productions
24740,20th Century Fox
12919,Apollo Pictures
12919,Touchstone Pictures
12919,The Mount Company
12919,Silver Screen Partners III
11357,Trancas International Films
11357,Galaxy International Releasing
1033462,华文映像影视传媒有限公司
1033462,Huayi Brothers Pictures
1033462,Beijing Culture 北京京西文化
1033462,Tencent Penguin Pictures
1033462,北京强电传媒有限公司
10577,Wes Craven Films
10577,Dimension Films
10577,Neo Art & Logic
2067,Touchstone Pictures
2067,Spyglass Entertainment
2067,The Jacobson Company
326,New Line Cinema
326,Mutual Film Company
326,Meradin Zweite Productions
326,Eyetronics
326,H2L Media Group
2114,Chris Lee Productions
2114,Square Pictures
2114,Square USA
2114,Columbia Pictures
934641,Andrew Stevens Entertainment
934641,Eyevox Entertainment
934641,Milestone Studios
11646,R & R Films
11646,Australian Film Commission
16907,Pierrot
16907,dentsu
16907,Aniplex
16907,Shueisha
16907,TV Tokyo
16907,TOHO
16907,Bandai Visual
3432,Relativity Media
3432,Tig Productions
3432,Eden Rock Media
3432,Metro-Goldwyn-Mayer
3432,Element Films International
4349,Universal Pictures
4349,Forward Pass
4349,Relativity Media
4349,FilmWorks
4349,MDBF Zweite Filmgesellschaft
254981,Casa de Cinema de Porto Alegre
44982,Anchor Bay Films
44982,Overnight Films
44982,Morabito Picture Company
44982,Barbarian Films
44982,Magnet Media Group
44982,Oceana Media Finance
44982,Red Dragon Productions
44982,Cinedigm
44982,Magnet Media Productions
44982,Number 13
44982,Paramount Vantage
960139,Rezo Productions
960139,Radar Films
960139,uMedia
449756,Kjam Media
449756,Good Films Collective
449756,Hindsight Media
449756,James Patterson Entertainment
449756,Lipsync Productions
449756,Kodak Motion Picture
449756,ZDF
449756,Wild Bunch Germany
449756,Maze Pictures
449756,Capstone Pictures
2395,Pathé
2395,Pathé Renn Productions
2395,La Petite Reine
2395,TF1 Films Production
2395,Tripictures
2395,Sorolla Films
2395,Constantin Film
2395,Novo RPI
717980,A24
717980,Picturestart
717980,fortysixty
717980,G&T Productions
1746465,Bavaria Fiction
228970,Fox Searchlight Pictures
228970,Pacific Standard
228970,TSG Entertainment
1500099,Walt Disney Animation Studios
291881,Synthesis Animation Studio
291881,RED ƎYE Productions
291881,CreaSyn Studio
199373,Picture Perfect Corporation
199373,Grindstone Entertainment Group
199373,Cheetah Vision
199373,Court Five
199373,Valentina Films
199373,K5 International
199373,Paradox Entertainment
199373,Envision Entertainment
199373,Lionsgate
199373,Voltage Pictures
199373,Knightsbridge Entertainment
199373,Emmett/Furla Films
44945,Dark Harbor Stories
44945,Nu Image
44945,Millennium Media
1883,Warner Bros. Pictures
1883,40 Acres and a Mule Filmworks
1883,Marvin Worth Productions
1883,Largo International
432301,Apex Entertainment
432301,DMG Entertainment
432301,Film i Väst
432301,Chimney LA
33273,Vaca Films
33273,La Fabrique 2
33273,Morena Films
33273,Telecinco Cinema
33273,Sofica EuropaCorp
33273,Sofica Soficinéma 4
13156,New Line Cinema
13156,David Kirschner Productions
1684226,Rous House Productions
1413097,New Element Media
1413097,Muse Films
1413097,RatPac Documentary Films
1413097,RatPac Entertainment
1413097,FilmNation Entertainment
353618,Dramatiska Institutet
2525,Thalia AG
2525,DDL Cinematografica
2525,Seven Arts Productions
2525,20th Century Fox
13416,Imagine Entertainment
13416,Friday Night Lights
13416,MDBF Filmgesellschaft mbH & Company KG
13416,Universal Pictures
10664,Castelao Productions
1249562,Casa de Cinema de Porto Alegre
1249562,Globo Filmes
16161,New Deal Productions
16161,Columbia Pictures
523777,Baozou Manhua
523777,Tangent Animation
523777,Alibaba Pictures Group
877,The Caddo Company
877,United Artists
1741690,Harpy Films
1211472,BerghausWöbke Filmproduktion
1211472,Projected Picture Works
1211472,Constantin Film
1211472,Edgar Reitz Filmproduktion
639412,CJ HK Entertainment
639412,FPT Television
639412,BHD
863873,Blinding Edge Pictures
863873,K Period Media
863873,New Line Cinema
9357,Fox Searchlight Pictures
9357,Catch 23 Entertainment
9357,Killer Films
9357,Laughlin Park Pictures
9945,Largo Entertainment
9945,Film Office
9945,Spooky Tooth Productions
9945,Storm King Productions
9945,Columbia Pictures
9038,Conundrum Entertainment
9038,Davis Entertainment
9038,DreamWorks Pictures
9038,Radar Pictures
9576,Mirage Enterprises
9576,Punch Productions
9576,Delphi Films
9576,Columbia Pictures
999644,Happy Madison Productions
999644,Alloy Entertainment
55341,Scoundrel Media
55341,Infinity Films
17100,Credo Entertainment Group
17100,USA Pictures
17100,Trimark Pictures
23943,Apple / Rose
23943,Embassy Pictures
10991,Nintendo
10991,OLM
10991,TV Tokyo
10991,Pikachu Project 2000
10991,Shogakukan
10991,Media Factory
10991,Tomy
10991,Creatures
10991,GAME FREAK
10991,jeki
10991,Shogakukan Production
1130276,BondIt Media Capital
1130276,Buffalo 8 Productions
1130276,Kiss and Tale Productions
1426964,O2 Filmes
10861,Columbia Pictures
10861,Roger Birnbaum Productions
10861,Moshe Diamant Production
8870,Mars Production
8870,Village Roadshow Pictures
8870,NPV Entertainment
8870,The Canton Company
8870,Warner Bros. Pictures
1244944,Blumhouse Productions
1244944,Homegrown Pictures
1244944,Universal Pictures
6280,Northern Lights Entertainment
6280,Universal Pictures
41387,Win's Movie Production Limited
29979,New Line Cinema
29979,Cornice Entertainment
29979,Millennium Media
504827,20th Century Studios
504827,Bento Box Entertainment
376134,Protagonist Pictures
376134,Endgame Entertainment
67395,Malibu Bay Films
67395,Skyhawks Films
12403,Tooley Productions
12403,Rogue
12403,Relativity Media
12403,QED International
18190,Propaganda Films
18190,PolyGram Filmed Entertainment
78383,Lionsgate
430040,Lipsync Productions
430040,Head Gear Films
430040,Windfall Films
430040,Signature Pictures
430040,RSVP Entertainment
430040,Metrol Technology
430040,Entertainment Studios
430040,Foresight Unlimited
315846,Shogakukan
315846,TOHO
315846,Fuji Television Network
315846,BUN-BUKU
315846,GAGA Corporation
315846,FILM
8193,Napoleon Pictures
269,Les Films Impéria
269,Les Productions Georges de Beauregard
269,SNC
1440718,RadicalMedia
1440718,Plan B Entertainment
806368,Ingenious Media
806368,Film4 Productions
806368,See-Saw Films
806368,Embankment Films
806368,Cross City Films
806368,Inthevoid Production
18129,Cineplex-Odeon Films
15139,20th Century Fox
15139,Turner Pictures
15139,David Kirschner Productions
15139,Turner Feature Animation
43552,Herrick Entertainment
43552,Circle of Confusion
43552,Forest Park Pictures
43552,Mandalay Vision
1306816,Studio N
10547,Live Entertainment
10547,Steelwork Films
10547,Mediaworks
1382406,Youku
1382406,TMeng Pictures
758949,Medium Quality
7183,Revolution Studios
11167,Michael Powell (Theatre)
545752,Premières Lignes
545752,ARTE
140823,Hopscotch Features
140823,Walt Disney Pictures
140823,Ruby Films
140823,Essential Media and Entertainment
140823,BBC Film
26662,TMS Entertainment
26662,TOHO
26662,Shogakukan Production
26662,Yomiuri Telecasting Corporation
26662,Nippon Television Network Corporation
26662,Shogakukan
394291,Sincinco
11931,Deuce Three Productions
11931,Fox 2000 Pictures
11931,Scott Free Productions
250574,Blumhouse Productions
250574,Duplass Brothers Productions
19101,Warner Bros. Pictures
19101,Baltimore Pictures
19101,Mark Johnson Productions
581526,Hive Media Corp
581526,CJ Entertainment
11687,Gaumont
11687,France 3 Cinéma
11687,Alpilles Productions
11687,Amigo Productions
370567,Rocket Pictures
370567,Paramount Animation
370567,Metro-Goldwyn-Mayer
370567,Paramount Pictures
2332,ARP Sélection
2332,TF1 Films Production
2332,Leeloo Productions
2332,Le Studio Canal+
11428,Columbia Pictures
11428,Victor & Grais Productions
11428,Ion Pictures
12160,Paragon Entertainment Corp.
12160,Tig Productions
12160,Kasdan Pictures
12160,Warner Bros. Pictures
10130,Universal Pictures
10130,Warner Bros. Pictures
10130,The Guber-Peters Company
615667,Escape Artists
615667,Mundy Lane Entertainment
10640,American International Pictures
10640,The Aubrey Company
13466,Universal Pictures
590995,Blumhouse Productions
590995,Red Wagon Entertainment
590995,Columbia Pictures
608478,Cinetarium Babelsberg
520023,A24
520023,2AM
1537,Paramount Pictures
1537,Scott Rudin Productions
1537,Senator International
34806,Escape Artists
34806,CBS Films
814776,Brownstone Productions
814776,Orion Pictures
8965,Disney Television Animation
9058,TriStar Pictures
9058,Yorktown Productions
11134,Orange Sky Golden Harvest
11134,Golden Way Films Ltd.
852096,Temple Hill Entertainment
1591771,Walt Disney Animation Studios
53168,Star Overseas
611698,United Entertainment Partners
611698,华策影业（上海）有限公司
611698,Free Whale Pictures
38358,Strike Entertainment
38358,StudioCanal
38358,Arcade Pictures
10390,Universal Pictures
10390,Beacon Pictures
10390,Tig Productions
10390,Mirage Enterprises
9980,DEG
637693,Universal Pictures
637693,DreamWorks Animation
117560,Roxy Film
117560,Franz Seitz Filmproduktion
300681,di Bonaventura Pictures
300681,Company Films
300681,Ocean Park Entertainment
300681,Riverstone Pictures
300681,Fundamental Films
300681,Lotus Entertainment
300681,Remstar Productions
2486,Fox 2000 Pictures
2486,Davis Entertainment
2486,Dune Entertainment
2486,Major Studio Partners
2486,Mid Atlantic Films
2486,20th Century Fox
2486,Ingenious Media
10136,Eddie Murphy Productions
10136,Feldman/Meeker Productions
10136,Paramount Pictures
1040,Titanus
1040,Société Générale de Cinématographie (S.G.C.)
1040,Société Nouvelle Pathé Cinéma
6217,Universal Pictures
6217,RKO Pictures
6217,Charles Fries Productions
13249,Icon Productions
13249,Samuel Goldwyn Films
13249,Destination Films
959429,3dot Productions
500682,Casey Silver Productions
766798,El Deseo
766798,TVE
615677,Troublemaker Studios
615677,Quick Draw Productions
615677,Double R Productions
1020047,DreamCrew
1020047,MeMo Films
1020047,Twin Productions
1020047,Screen Capital
1020047,Tribune Pictures
1020047,Getaway Entertainment
1020047,ArtOfficial Productions
1020047,World Vision Films
1020047,Rock Films
1020047,Valor Capital
1020047,Exemplary Films
1020047,Mad Gene Media
1020047,Green Dragon
16619,Paramount Pictures
16619,Wildwood Enterprises
175,Gaumont
175,Les Films du Loup
1148713,Vaca Films
1148713,La Compagnie Cinématographique
1148713,Playtime
1148713,Canal+
1148713,Instituto de la Cinematografía y de las Artes Audiovisuales
1148713,Movistar Plus
1148713,Universal Pictures
1148713,Panache Productions
1148713,RTVE
7452,Allarts
7452,Elsevier-Vendex Film Beheer
7452,Allarts Cook
7452,Erato Films
7452,Film4 Productions
7452,Erbograph Co.
331697,Örmen Film
1580,Transatlantic Pictures
472451,Anonymous Content
472451,Blue-Tongue Films
472451,Perfect World Pictures
472451,Focus Features
70345,The Zanuck/Brown Company
70345,Universal Pictures
457136,Focus Features
457136,Working Title Films
457136,3dot Productions
457136,Perfect World Pictures
98357,1984 Private Defense Contractors
98357,Inferno International
98357,Regency Enterprises
98357,Black Bear Pictures
98357,New Regency Pictures
98357,Closest to the Hole Productions
98357,Envision Entertainment
98357,Leverage Entertainment
98357,Emmett/Furla Films
56288,Dimension Films
1985,Scion Films
1985,Studio Babelsberg
1985,Epsilon Motion Pictures
1985,UK Film Council
1985,Potboiler Productions
1985,Blue Sky Africa
291276,Silver Reel
291276,di Bonaventura Pictures
291276,Lipsync Productions
291276,Czech Anglo Pictures
291276,Bloom
291276,SRA Productions
291276,Unlocked Distribution
291276,Lionsgate
1199869,Ley Line Entertainment
1199869,glassEyeballs
1199869,WME Independent
1199869,HanWay Films
524659,Brittany House Pictures
524659,BondIt Media Capital
524659,El Dorado Pictures
524659,Wudi Pictures
524659,Isola Media
811075,Arde Cine
64807,Gerber Pictures
64807,Warner Bros. Pictures
64807,Callahan Filmworks
1159206,Badjetlag
1159206,Hail Mary Pictures
1159206,Saint Laurent Productions
1159206,MUBI
1159206,The Apartment Pictures
1159206,Les Films du Losange
1159206,Weltkino
1159206,Cinema Inutile
1159206,Fís Éireann/Screen Ireland
1159206,Vague Notion
1159206,CG Cinéma
1159206,Saint Laurent
839688,Algemeen Nederlandsch Indisch Filmsyndicaat (ANIF)
739542,Floyd County Productions
739542,Lord Miller
739542,Free Association
704673,Thunder Road
704673,Mexican Spitfire
30020,Kanoon
30020,Kiarostami Foundation
30020,CiBy 2000
10730,The De Laurentiis Company
9464,Gray Daisy Films
9464,Muse Productions
6552,Licht/Mueller Film Corporation
6552,Team Todd
6552,Columbia Pictures
6552,TriStar Pictures
223,Selznick International Pictures
2517,Engine Film
2517,c-style
2517,Bandai Visual
2517,TV Man Union
2517,Cinequanon
438794,Jorge Délano
16237,DC
16237,Warner Bros. Animation
16237,Cartoon Network Movies
14367,Silver Screen Partners III
14367,Touchstone Pictures
1367575,Panoramic Pictures
1367575,Roaming Elephant Production
1367575,Shoofly Entertainment
8386,Universal Pictures
8386,Jersey Films
8386,Native Pictures Productions
43959,Enticing Entertainment
43959,Island Film Group
43959,Brookwell-McNamara Entertainment
43959,Life's a Beach Entertainment
43959,Mandalay Vision
43959,TriStar Pictures
43959,FilmDistrict
518896,One Cool Films
518896,Media Asia Films
518896,World Universal Culture Limited
518896,iQIYI Pictures （重复 同 iQiyi Motion Pictures）
518896,Tianjin Maoyan Media
518896,CMC Pictures
518896,深圳电影制片厂
14405,Walt Disney Pictures
14405,Smart Entertainment
14405,Mandeville Films
1748731,Unit Drama TV RTM
2768,Paramount Pictures
2768,Freddie Fields Productions
15487,Walt Disney Pictures
22582,Film Roman
664416,Fresh Bread
664416,Pulse Films
664416,PolyGram Filmed Entertainment
664416,Oscilloscope
1365683,Indigo Film
1365683,Paradise City
1365683,Moana Films
1365683,Warner Bros. Entertainment Italia
251783,Visual Arts Entertainment
251783,Last Night Productions
251783,The Zalman King Company
350499,Shogakukan-Shueisha Productions
350499,OLM
350499,TV Tokyo
350499,The Pokémon Company
350499,Shogakukan
350499,TakaraTomy
350499,jeki
350499,Pikachu Project
848439,Brouhaha Entertainment
848439,MBK Productions
848439,Magnolia Mae Films
848439,FilmNation Entertainment
848439,Roadside Attractions
16353,Iyara Films
16353,Sahamongkolfilm
1756174,FAIXA Produções
660982,Universal 1440 Entertainment
660982,Universal Pictures
660982,Capital Arts Entertainment
1476928,Visinema Pictures
1476928,Visinema Studios
3033,Flashpoint
3033,BBC Film
3033,Regent Entertainment
10560,Columbia Pictures
10560,Laurence Mark Productions
10440,TriStar Pictures
10440,Jack Rollins & Charles H. Joffe Productions
270473,M39
270473,Raruek Production
8398,Intrepid Pictures
8398,Platinum Dunes
8398,Rogue Pictures
8398,Focus Features
916405,Inscéal
916405,Fís Éireann/Screen Ireland
916405,TG4
417870,Will Packer Productions
417870,Universal Pictures
417870,Perfect World Pictures
14239,Paramount Pictures
14239,Bakshi Animation
1596291,Moxie Films
1739671,Son of a Botanist Productions
1739671,C8LDEARTH Entertainment
39900,Paragon Films
39900,Orange Sky Golden Harvest
39900,Golden Harvest Productions
4250,Erfttal Film
4250,Sommer 69 Film
4250,Constantin Film
869565,Ericka Nicole Malone Entertainment
897374,HBO Documentary Films
897374,Loki Films
897374,Ronan Production Group
84214,Paramount Pictures
84214,Wallis-Hazen Inc.
9296,Niccol Films
9296,New Line Cinema
9296,Jersey Films
8327,ABKCO Films
1128717,Story Syndicate
1128717,Big Dreams Entertainment
601844,Yale Productions
601844,BoulderLight Pictures
601844,BondIt
601844,Buffalo 8 Productions
601844,SSS Entertainment
601844,SSS Film Capital
575322,KD Studios
13994,United Artists
13994,Icon Entertainment International
13994,GreeneStreet Films
419743,Braven Films
419743,Element Pictures
419743,Film4 Productions
419743,LC6 Productions
419743,FilmNation Entertainment
259694,New Line Cinema
259694,Metro-Goldwyn-Mayer
259694,Flower Films
427564,Warner Bros. Animation
427900,Black Bicycle Entertainment
427900,Waverly Films
458737,Arclight Films
458737,Omeira Studio Partners
458737,Killer Films
458737,Fibonacci Films
458737,Big Indie Pictures
2275,Paramount Pictures
2275,Neufeld/Rehme Productions
2275,Mace Neufeld Productions
2275,Robert Rehme Productions
2275,Jonathan D. Krane Productions
683340,Blumhouse Productions
683340,Focus Features
683340,Divide / Conquer
39108,Toei Company
39108,Bird Studios
39108,Toei Animation
835113,BoulderLight Pictures
835113,Vertigo Entertainment
835113,AGC Studios
835113,BondIt Media Capital
11830,New Century Producers
11830,Itami Productions
223319,Japan Home Video
223319,Ogura Office
15767,TOHO
10351,Live Entertainment
10351,Image Organization
10351,Pierre David
863951,Kinoforum
374908,VO2MAX
520946,Flying Bark Productions
520946,Screen Australia
520946,ScreenWest
520946,ReDefine
520946,Studio 100
520946,Siamese
520946,Create NSW
520946,Lotterywest
520946,Studio 100 Film
9899,Universal Pictures
9899,Columbia Pictures
9899,Brooksfilms
220,Warner Bros. Pictures
9540,Mantle Clinic II
9540,Téléfilm Canada
9540,Morgan Creek Entertainment
581387,Dexter Studios
581387,CJ Entertainment
581387,Perfect Storm Film
581387,Dexter Pictures
530723,Sight Unseen Pictures
530723,Automatik Entertainment
530723,Slater Hall Pictures
9416,New Line Cinema
9416,Juno Pix
9416,Sheen/Michaels Entertainment
232,American Zoetrope
232,Hotweather Films
1329471,Bee-Hive Productions
1329471,Star Thrower Entertainment
1329471,Create & Complete Entertainment
1329471,The Wonder Company
1329471,MacPac Entertainment
1329471,FilmNation Entertainment
480042,Twirly Films
480042,Leomus Pictures
480042,EFO Films
480042,Summit Entertainment
480042,The Fyzz
480042,Diamond Film Productions
480042,Grindstone Entertainment Group
480042,Ingenious Media
480042,MoviePass Films
1753377,Lead Pipe Productions
1753377,Feirstein Graduate School of Cinema
433501,Infinitum Nihil
433501,Romulus Entertainment
433501,Good Films Collective
433501,Lipsync Productions
433501,Miramax
433501,FilmNation Entertainment
433501,Saban Films
1302916,Spyglass Media Group
1302916,Divide / Conquer
1302916,Screen Gems
1302916,Prime Link Media PLM
1015724,Warner Bros. Animation
28528,Columbia Pictures
8881,Wild Bunch
8881,Laura Bickford Productions
8881,Morena Films
8881,Telecinco Cinema
456327,Azerbaijanfilm
429473,Bad Robot
832,Nero-Film AG
878728,Universidad del Cine
878728,Algo Audiovisual
878728,Sigilio
586863,Srab Films
586863,Rectangle Productions
586863,Lyly Films
50780,Anonymous Content
50780,Summit Entertainment
50780,Participant
50780,Image Nation Abu Dhabi
1521346,Kairos Films
1521346,The Other Film Production
1521346,Naif Films
1195518,Jaggi Entertainment
1195518,High Five Films
1195518,Saban Films
333354,Filmmuse Productions
333354,Del Rey Films
333354,13 Films
568467,See-Saw Films
1418217,Shochiku Studio
1418217,Shochiku
1418217,Sony Pictures
1418217,Tristone Entertainment
1418217,U-NEXT
1418217,LY Corporation
1418217,Yomiuri Shimbun Company
1418217,CHUOKORON-SHINSHA
1418217,Nippan Group Holdings
1418217,Shochiku Broadcasting
1418217,SEIBIDO
1046090,An Attitude Production
41662,Lion's Gate Films
41662,20th Century Fox
30943,Mandalay Entertainment
30943,Via Rosa Productions
24831,New World Pictures
24831,Chako Film Company
9959,Scott Rudin Productions
9959,Revolution Studios
14553,Recorded Picture Company
14553,UGC
14553,Fox Searchlight Pictures
14553,Fiction
14553,France 3 Cinéma
22536,Moho Film
390051,Ingenious Media
390051,Protozoa Pictures
390051,The Fyzz
390051,Oak Productions
390051,Pacific View Management
390051,Union Editorial
390051,Hat and Coat Productions
390051,EFO Films
1403903,Vulcana Cinema
1403903,Avante Filmes
59897,ITC Entertainment
938008,M-Line Distribution
938008,iHQ
785398,Skopia Film
785398,Alien Films
785398,Recorded Picture Company
785398,Fale Loki Koki
785398,Grupa Moderator Studio Filmowe
785398,Veilo
785398,Centrum Edukacji i Inicjatyw Kulturalnych w Olsztynie
785398,Wojewódzki Dom Kultury w Rzeszowie
785398,Strefa Kultury Wrocław
15804,Yang & His Gang Filmmakers
15804,Brighter Summer Productions
750695,Roue Libre Production
15157,Warner Premiere
15157,CS2 Films
15157,Dylan Sellers Productions
13009,Scream HQ
13009,Larande Productions
13009,Triumph Films
13009,Stage 6 Films
1058699,Concordia Studio
784610,Dreamfact Entertainment
2661,William Dozier Productions
2661,20th Century Fox
2661,Greenlawn Productions
179144,France 2 Cinéma
179144,Indigo Film
179144,Babe Films
179144,Pathé
17101,Pierrot
16269,Win's Movie Productions
16269,Nova Media
843416,TeaTime Pictures
843416,Rhea Films
843416,Projected Picture Works
843416,First Love Films
843416,Raindrop Valley
15016,Mainframe Entertainment
15016,Mattel
42006,Xi'an Film Studio
11152,Spyglass Entertainment
11152,Internationale Filmproduktion Prometheus
11152,Red Hour
11152,DreamWorks Pictures
157,Paramount Pictures
9972,Carolco Pictures
9972,White Eagle
9972,Gordon Company
1722,Universal Pictures
1722,StudioCanal
1722,Miramax
1722,Working Title Films
10987,Halloween VI Productions
10987,Nightfall Productions
10987,Trancas International Films
10987,Dimension Films
280002,Sunrise Pictures
280002,Affirm Films
280002,Cinematic
280002,Baron Films
280002,Triumph Films
615665,Wonderland Sound and Vision
615665,Talent One
429300,STXfilms
429300,RVK Studios
429300,Lakeshore Entertainment
429300,Huayi Brothers Pictures
582913,Versus Production
582913,Les Films du Poisson
582913,Bidibul Productions
375846,Johnson Production Group
375846,Golden Oak Entertainment
375846,Lifetime
1241634,Yash Raj Films
417644,Primate Pictures
417644,Warner Bros. Pictures
13377,The Cat in the Hat Productions
13377,MGM Animation/Visual Arts
13377,MGM Television
2657,New Line Cinema
2657,Larger Than Life Productions
2657,Juno Pix
10406,Hollywood Pictures
10406,Touchwood Pacific Partners 1
54186,Hakuhodo DY Media Partners
54186,Licri
54186,Nippan Group Holdings
54186,Sony Music Entertainment (Japan)
54186,TOHO
54186,TSUTAYA Group
54186,Futabasha
54186,Faith Wonderworks
54186,Yahoo! Japan
327164,Companhia Cinematográfica Vera Cruz
9385,Studios Idéfix
9385,Dargaud Films
9385,Les Productions René Goscinny
9385,Halas and Batchelor Cartoon Films
828613,Aldamisa Entertainment
828613,Contentious Media
828613,Vincent Newman Entertainment
828613,American International Pictures
989730,EOTA
989730,Twin Engine
989730,01douga
421223,IFI Producción S.A.
1461519,Warner Bros. Pictures
1461519,Legendary Pictures
1461519,Mojang Studios
1461519,Vertigo Entertainment
1461519,On the Roam
1461519,Domain Entertainment
99099,Toei Company
11829,West Film
1109255,The Apartment Pictures
1109255,Pathé
1109255,Numero10
1109255,Saint Laurent Productions
1109255,PiperFilm
1109255,Logical Content Ventures
1109255,Saint Laurent
634524,Papa Octopus Productions
449985,Hamilton Entertainment
449985,Kungfuman Culture Media
449985,Aurora Alliance Films
449985,SC Films Thailand Co.
449985,FJ Media Group
449985,Gamegoo Pictures
10669,Warner Bros. Pictures
10669,Elmer Enterprises
1075536,Viva Films
1075536,Vivamax
1151534,Rock & Ruz
175168,Outside
175168,Gensou haikyuu-sha Ltd.
175168,Laughter
175168,New Select
11499,Universal Pictures
11499,Imagine Entertainment
11499,Working Title Films
11499,StudioCanal
11499,Relativity Media
1340110,Mothership Motion Pictures
11127,ApolloMovie Beteiligungs
11127,Bold Films
11127,Film Afrika
11127,Stage 6 Films
11258,UGC PH
11258,Marubeni
11258,Mutual Film Company
11258,Paramount Pictures
11258,PolyGram Filmed Entertainment
11258,Stargate Studios
11258,TOHO-TOWA
11258,BBC
11258,Tele München
11568,Universal Pictures
1688652,FX Productions
41515,Sunswept Entertainment
41515,De Line Pictures
41515,Rhythm and Hues
41515,Picnic Basket
41515,Warner Bros. Pictures
398,United Artists
398,A-Line Pictures
398,Cooper's Town
398,Infinity Media
398,Eagle Vision
398,Sony Pictures Classics
12610,Conundrum Entertainment
12610,Warner Bros. Pictures
476968,Affirm Films
476968,ODB Films
476968,Giving Films
476968,Mandalay Pictures
333667,Dream Factory Group
333667,Reel FX Creative Studios
333667,Mandoo Pictures
333667,Eracme Entertainment
333667,Summit Entertainment
333667,Huayi Brothers Pictures
333667,Tencent Pictures
418879,Bazelevs
418879,Film Rites
418879,Fourth Floor Productions
418879,13 Films
418879,Thunder Road
143667,Nikkatsu Corporation
638507,DreamWorks Animation
26578,Orion Pictures
26578,Hemdale
443852,Pathé-Natan
9085,Paramount Pictures
9085,Eddie Murphy Productions
1755888,1-2-3 Production
11804,White Noise UK Ltd.
11804,Universal Pictures
11804,Brightlight Pictures
11804,Endgame Entertainment
11804,Gold Circle Films
11804,The Movie Network
11804,Corus Entertainment
11804,Chum Television
11804,Senator International
9794,Lionsgate
9794,Tapestry Films
5851,Material
5851,NPV Entertainment
5851,Tribeca Productions
5851,Village Roadshow Pictures
5851,Warner Bros. Pictures
660779,Balthus
1428862,Espotlight
924482,Head Gear Films
924482,Metrol Technology
924482,Kreo Films
924482,Trigger Films
924482,Red Production
924482,Evolution Pictures
808396,Patriot Pictures
808396,Itaca Films
808396,Lost Winds Entertainment
808396,XYZ Films
1628071,Kai Pictures
257785,The Weinstein Company
257785,Worldview Entertainment
257785,Paramount Pictures
257785,Ruby Films
1022964,Imagine Entertainment
1022964,Eddie Murphy Productions
1022964,Amazon MGM Studios
1022964,Big Indie Pictures
988078,Nostromo Pictures
10652,RKO Pictures
1181107,MOFAC
1181107,GIANTSTEP
1181107,Blue Harbor Entertainment
1181107,Angel Studios
1181107,2521 Entertainment
156717,Moonlighting Films
156717,CC Capital Arts Entertainment SRL
1329336,DreamWorks Animation Television
723369,Tallinn television studio
1254896,7th Street Productions
295699,Annapurna Pictures
295699,Detour Filmproduction
359246,Cognetti Films
359246,Marlyous' Boys
620705,Walt Disney Pictures
620705,21 Laps Entertainment
15575,TOHO
15575,Pierrot
13483,The Weinstein Company
13483,Open City Films
13483,GreeneStreet Films
58767,ApolloMovie Beteiligungs
58767,Stage 6 Films
58767,Film Afrika
681297,Twenty Nine Studio & Production
112949,Relativity Media
112949,Temple Hill Entertainment
463684,Jennifer Fox Productions
330947,FilmNation Entertainment
330947,Waypoint Entertainment
992,Metro Pictures Corporation
992,Buster Keaton Productions
404733,uMedia
404733,Kinology
404733,Setient Pictures
404733,Nexus Factory
404733,Brandt/Haas Productions
404733,Trinity Media Films
404733,TF1 Films Production
404733,Overdrive Productions
404733,uFund
393457,Paramount Pictures
393457,MACRO
393457,Bron Studios
1158915,Unapologetic Projects
1158915,Spark Features
1158915,Antigravity Academy
1158915,Maiden Voyage Pictures
1158915,Cedar Road
1158915,Liucrative Media
10633,United Artists
10633,The Mirisch Company
204407,RAI
204407,Bocca di Leone Cinematografica
204407,Siddik Produzione
580,Universal Pictures
90934,Wong Jing's Workshop Ltd.
577,Columbia Pictures
577,The Rank Organisation
577,Laura Ziskin Productions
638449,Blueprint Pictures
638449,The Film Farm
13279,Screen Gems
13279,Overbrook Entertainment
1160003,Getaway Films
1160003,Cinestesia
1160003,Heavy Rainfall
1160003,Logical Pictures
1160003,Logical Content Ventures
1160003,MoJo Global Arts
407375,UFO International Productions
407375,Destination Films
407375,BUFO
152747,Black Bear Pictures
152747,Treehouse Pictures
152747,FilmNation Entertainment
152747,Sudden Storm Productions
152747,Before the Door Pictures
152747,Washington Square Films
152747,Roadside Attractions
152747,Lionsgate
475430,Tribeca Productions
475430,Walt Disney Pictures
475430,TKBC
11983,Castle Rock Entertainment
11983,Bel Air Entertainment
11983,Anvil Films
11983,Grupo Cine
10025,New Regency Pictures
10025,Regency Enterprises
10025,Cheyenne Enterprises
10025,20th Century Fox
13552,Blurco
13552,The Teen Angst Movie Company
13552,Desperate Pictures
13552,Why Not Productions
13552,UGC
10649,Warner Bros. Pictures
10649,Malpaso Productions
6537,Rodar y Rodar
6537,Telecinco Cinema
47909,UniKorea Pictures
47909,Pinehouse Film
736146,STAR SANDS
736146,KADOKAWA
736146,Lat-Lon
736146,Filmarks
736146,Movie Walker
736146,VAP
736146,The Asahi Shimbun
736146,Happinet
1749993,Black Creek Pictures
1749993,ROK Studios
616446,Mad Chance
616446,Brolin Productions
616446,Legendary Pictures
616446,Estuary Films
145220,Walt Disney Pictures
145220,Mandeville Films
145220,The Muppets Studio
12103,Kopelson Entertainment
12103,NPV Entertainment
12103,New Regency Pictures
12103,Village Roadshow Pictures
12103,Regency Enterprises
12103,Furthur Films
1492,Due West
1492,Cyrkfilms
1492,Légende Films
1492,France 2 Cinéma
1492,Scott Free Productions
22954,Warner Bros. Pictures
22954,Spyglass Entertainment
22954,Revelations Entertainment
22954,Malpaso Productions
22954,Liberty Pictures
59678,UK Film Council
59678,Film4 Productions
59678,StudioCanal
59678,Big Talk Studios
59678,Stage 6 Films
59678,Screen Gems
59678,Optimum Releasing
32629,Wong Jing's Workshop Ltd.
32629,Orange Sky Golden Harvest
11706,Paramount Pictures
11706,Ponti-De Laurentiis Cinematografica
421,American Empirical Pictures
421,Touchstone Pictures
10934,Touchstone Pictures
10934,Timnick Films
10934,Blue Gardenia Productions
10246,Astral Bellevue Pathé
10712,Vulcan Productions
10712,Killer Films
10712,John Wells Productions
10712,Section Eight
316154,Annapurna Pictures
316154,Vice Studios
316154,Human Stew Factory
1252428,Xiang Brothers Pictures
491472,Iconoclast
491472,Rahway Road Productions
491472,Riverstone Pictures
491472,SPK Pictures
491472,RocketScience
32856,Karz Entertainment
32856,Rice Films
1516391,Praxis Films
1516391,Plan B Entertainment
1516391,Submarine Deluxe
1516391,GreenSlate
1516391,Postworks New York
1076366,Lucasfilm Ltd.
1076366,Imagine Documentaries
574,Paramount Pictures
533256,Azerbaijanfilm
533256,Kino-Madanchi Studio
1172676,American Empirical Pictures
1172676,Indian Paintbrush
11697,John Ford Productions
11697,Paramount Pictures
344112,Transatlantic Production
344112,PEA
485942,Kamikaze Douga
485942,DC Entertainment
485942,Warner Bros. Japan
485942,YAMATOWORKS
485942,Warner Bros. Animation
16614,Miramax
16614,This is that
16614,Sidney Kimmel Entertainment
42536,Société Westi
42536,Ciné France
42536,Films Abel Gance
42536,Isepa-Wengeroff Film
42536,Pathé Consortium Cinéma
42536,Société générale des films
414095,Select Cinema
243683,Summit Entertainment
243683,Offspring Entertainment
17332,DreamWorks Pictures
17332,Universal Pictures
17332,StudioCanal
17332,Participant
17332,Krasnoff / Foster Entertainment
17332,Working Title Films
9731,Georgetown Productions
9731,Paramount Pictures
9731,Sean S. Cunningham Films
9731,Terror
1235431,Toei Company
1235431,Shueisha
1235431,Toei Tokyo
611291,Big Hit Entertainment
611291,The Walt Disney Company Korea
11305,Mystery Train
11305,JVC
9991,Marv
638535,SoulPancake Productions
732203,BN Pictures
732203,Shueisha
732203,Aniplex
732203,TV Tokyo
732203,dentsu
732203,Bandai
732203,Warner Bros. Japan
966220,UM Group
823,Bandai Visual
823,Production I.G
823,ING
11398,Amen Ra Films
11398,Franchise Pictures
11398,Filmline International
717196,Anima Vitae
717196,Cinemaker
717196,Ulysses Filmproduktion
717196,Moetion Films
717196,A. Film Production
616251,No Trace Camping
437375,Kirk Shaw Productions
437375,Prettybird
437375,Silver State Production Services
437375,DTLV Cinema Society
437375,Goldfinch Australia
437375,Highland Film Group
14359,Scott Rudin Productions
14359,Goodspeed Productions
14359,Miramax
1715492,RAW
1528721,Hentai Cop Films
998846,Monumental Pictures
998846,StudioCanal UK
4823,Warner Bros. Pictures
4823,Witt/Thomas Productions
4823,Roven-Cavallo Entertainment
14624,The Ultimate Gift LLC
14624,Dean River Productions
14624,LIFE(n)
14624,Stanford Financial Group
6933,Intermedia Films
6933,Alcon Entertainment
6933,KADOKAWA
8010,Davis-Panzer Productions
8010,Harat Investments
8010,Lamb Bear Entertainment
8010,Interstar
8010,Highlander Productions
8010,J&M Entertainment
15906,Mattel
15906,Mainframe Entertainment
4946,Société Nouvelle de Cinématographie
4946,Tritone Cinematografica
421186,Dezenove Som e Imagem
10766,Mace Neufeld Productions
10766,20th Century Fox
10766,Harvey Bernhard Productions
8649,Scott Rudin Productions
8649,Touchstone Pictures
8649,Paramount Pictures
8649,Cappa/De Fina Productions
831946,Ambience Entertainment
831946,Foryor Entertainment
1600,Sidéral Productions
1600,Norsk Film
1600,Studio Filmowe Tor
1600,Le Studio Canal+
1268609,Plus M Entertainment
1268609,The LAMP
14372,Gordon Company
14372,Filmauro
14372,Metro-Goldwyn-Mayer
14372,Leviathan Produzione
290751,Ingenious Media
290751,Gran Via Productions
290751,IM Global
290751,STXfilms
290751,Route One Entertainment
290751,Union Investment Partners
290751,SITE Productions
290751,Willie's Movies
529983,March On Productions
529983,JTP Films
529983,Millennium Media
51481,Paramount Famous Productions
14168,Columbia Pictures
805320,Nostromo Pictures
805320,Chris Morgan Productions
805320,Dylan Clark Productions
11823,Working Title Films
787781,20th Century Studios
787781,Artists First
787781,Gloria Sanchez Productions
46261,Miramax
46261,Necropia Entertainment
46261,Gran Via Productions
46261,FilmDistrict
1038263,Fremantle
1038263,The Apartment Pictures
1038263,Komplizen Film
1038263,Fabula
2011,Société des Producteurs de L'Angoa
2011,Sony Pictures Classics
2011,PROCIREP
2011,Soficinéma
2011,France 3 Cinéma
2011,Diaphana Films
2011,Sofica EuropaCorp
2011,Celluloid Dreams
2011,The Kennedy/Marshall Company
2011,La Région Île-de-France
2011,Fondation GAN pour le Cinéma
2011,2.4.7. Films
2011,French Connection Animations
2011,CNC
619725,Ópia Filmes
44865,Sil-Metropole Organisation
44865,Annapurna Pictures
44865,Block 2 Pictures
44865,Jet Tone Production
369192,Fox Searchlight Pictures
369192,Decibel Films
369192,Cloud Eight Films
369192,Ingenious Media
27958,Jerry Weintraub Productions
27958,CiP - Europäische Treuhand
27958,Lorimar Motion Pictures
23566,Rainmaker Entertainment
23566,Mattel
833339,Profile Pictures
833339,OAK Motion Pictures
392301,Hamaca Films
1747922,Playground Films
1747922,She'll Want More
428707,Bandai Visual
428707,Production I.G
428707,NAS
428707,Shueisha
428707,Lantis
428707,Banpresto
428707,MBS
7873,Andrea Sperling Productions
7873,Bauer Martinez Studios
7873,Crave Films
7873,Summit Entertainment
7873,The Weinstein Company
7873,Metro-Goldwyn-Mayer
1716,Les Films du Carrosse
1716,Sédif Productions
1716,SFP
1716,TF1 Films Production
1716,TF1
11449,American International Pictures
1077280,HartBeat Productions
46498,Corona Cinematografica
46498,Dear Film
137321,Weed Road Pictures
137321,Village Roadshow Pictures
137321,Warner Bros. Pictures
137321,Marc Platt Productions
10611,Metro-Goldwyn-Mayer
10611,Cube Vision
4551,Metro-Goldwyn-Mayer
4551,Jersey Films
4551,Double Feature Films
10336,New Line Cinema
10336,Pull Down Your Pants Pictures
10336,Todd McFarlane Entertainment
10336,Juno Pix
9549,The Ladd Company
9549,Winkler Films
10733,Imagine Entertainment
10733,Touchstone Pictures
2841,2003 Productions
2841,Tapioca Films
2841,Warner Bros. Pictures
2841,TF1 Films Production
2841,Warner Bros. Entertainment France
38407,Living Films
38407,Phoenix Pictures
38407,TWC Asian Film Fund
38407,The Weinstein Company
10787,Universal Pictures
1541802,Imajinari
1541802,Angin Segar Production
1541802,Boss Creator
1541802,Legacy Pictures
1541802,Navvaros
1541802,Jagartha
1541802,Trinity Entertainment Network
1541802,Indra Sashi Kalanacitra
12620,Alta Loma Entertainment
12620,Columbia Pictures
12620,Relativity Media
12620,Happy Madison Productions
514439,Fox 2000 Pictures
514439,Franklin Entertainment
465545,Fontana
465545,Free Dolphin Productions
465545,RTBF
465545,UFO International Productions
10683,Good Machine
10683,Killer Films
10281,Friday Four Films
10281,Sean S. Cunningham Films
369557,Likely Story
369557,FilmWave
369557,Distressed Films
369557,Cosmo Films
369557,PalmStar Media
369557,Fís Éireann/Screen Ireland
369557,Merkel Media
138402,Film Form
138402,AP Mañana
41582,New Line Cinema
41582,Scott Free Productions
9423,Universal Pictures
9423,Mutual Film Company
9423,Dark Horse Entertainment
9423,Valhalla Motion Pictures
9423,UGC PH
9423,BBC Film
9423,Marubeni
9423,TOHO-TOWA
9423,Tele München
262338,Filmgate Films
262338,Maguire Entertainment
262338,Material Pictures
262338,Millennium Media
262338,Film i Väst
262338,Entertainment 360
262338,Eyeworks Fine & Mellow
262338,Good People Productions
14943,Happinet Pictures
14943,TOHO
14943,Akita Shoten
14943,Tristone Entertainment
14943,CBC
14943,MBS
14943,TBS
14943,Happinet
758336,Screen Gems
758336,Thunder Road
758336,2.0 Entertainment
356414,Al Jazeera
356414,Small planet
356414,WDR
957314,Blumhouse Productions
1143319,BuzzFeed Studios
1143319,Lionsgate
1589713,Magma Entertainment
1589713,Legacy Pictures
1589713,Komet Productions
1589713,Skop Productions Sdn. Bhd.
1589713,Astro Shaw
1589713,Virtuelines Entertainment
1589713,Applause Entertainment
1589713,Caravan Studio
1589713,Visual Media Studio
1589713,Alunan
17295,Igor Film
17295,Casbah Film
10016,Animationwerks
10016,Screen Gems
10016,Storm King Productions
606870,Bron Studios
606870,Creative Wealth Media Finance
606870,Endeavor Content
606870,Baltimore Pictures
606870,New Mandate Films
606870,USC Shoah Foundation
77805,Helios-Filmproduktion
77805,Animus Films
77805,Millennium Media
15144,Universal Pictures
15144,Channel Productions
109,mk2 Films
109,France 3 Cinéma
109,CAB Productions
109,Studio Filmowe Tor
8880,Wild Bunch
8880,Laura Bickford Productions
8880,Morena Films
8880,Telecinco Cinema
336,Rafran Cinematografica
336,San Marco
336,Euro International Films
249,20th Century Fox
249,Gracie Films
781732,T-Series
781732,Bhadrakali Pictures
781732,ST Film
692018,Belsat TV
34134,Rainmaker Entertainment
34134,Mattel
397099,Filmira Bt
80295,Rapid Film
80295,Constantin Film
80295,Atlas Films
80295,Fuji Eiga Company
801937,New Dimension Pictures
801937,White Bear Films
801937,Rebel 6 Film
801937,Sixth Dimension
801937,Wonderwheel Entertainment
801937,StudioCanal
801937,Bear Paw Studios
3073,Universal International Pictures
3073,Universal Pictures
583083,Komixx Entertainment
583083,Picture Loom Productions
583083,Clearblack Films
391387,BDPR Corp
324560,N279 Entertainment
324560,X Filme Creative Pool
324560,Backup Media
324560,New Sparta Films
324560,Embankment Films
324560,FilmWave
324560,Prime Time
324560,The Jokers Films
324560,Paradiso Filmed Entertainment
324560,Avrotros
324560,BNP Paribas Fortis
324560,Film i Väst
1448497,Silverback Films
1448497,Open Planet Studios
1448497,All3Media International
1448497,National Geographic
1448497,Minderoo Pictures
1448497,10% for the Ocean
1448497,National Geographic Society
1448497,Pristine Seas
1448497,Dynamic Planet
1448497,Don Quixote Foundation
1448497,The Prince Albert II of Monaco Foundation
1448497,Arksen
239571,Relativity Media
239571,Di Novi Pictures
91417,DreamWorks Animation
7797,American Zoetrope
7797,SRG Atelier
7797,Pricel
7797,BiM Distribuzione
50435,Mars International Productions
50435,Ectafilms
50435,Films 21
584313,Gendai eizō kikaku
584313,Nikkatsu Corporation
405177,Annapurna Pictures
405177,Color Force
405177,Detour Filmproduction
2293,Gramercy Pictures
2293,Alphaville Films
2293,View Askew Productions
426631,Humberstone Films
16538,The Montecito Picture Company
16538,De Line Pictures
16538,Bernard Gayle Productions
298382,White Hot Productions
298382,Screen Australia
298382,Film Art Media
298382,Embankment Films
298382,Ingenious Media
298382,Universal Pictures
1249289,BondIt Media Capital
1249289,Buffalo 8 Productions
1249289,Convergence Entertainment
1249289,Highland Film Group
1249289,Signature Entertainment
1249289,Dream Team Films
1249289,Grindstone Entertainment Group
1249289,Taurus Film
1249289,Lionsgate
1099766,Filmkraftwerk Filmproduktion
285234,Orientaliska Teaterns Filmbyrå
11232,Konrad Pictures
11232,Miramax
11980,Overseas FilmGroup
11980,Dimension Films
11980,NEO Motion Pictures
11980,First Look International
11980,"Lewis Horwitz Organization, The"
1658217,Vivamax
560008,Metalwork Pictures
560008,Infinitum Nihil
560008,Head Gear Films
560008,Metrol Technology
560008,Work in Progress
294795,Fire Axe Pictures
294795,Brightlight Pictures
294795,Blank Tape
294795,Miramax
294795,Sierra/Affinity
294795,Summit Entertainment
294795,Téléfilm Canada
294795,Drax Films
14365,Noelle Entertainment Limited
14365,The Montecito Picture Company
513691,Tarzana Productions
513691,Cohesive Entertainment Group
513691,Compound B
17993,Universal Pictures
17993,Walrus & Associates
5723,Samson Films
5723,Summit Entertainment
5723,RTÉ
5723,Fís Éireann/Screen Ireland
9415,Kopelson Entertainment
9415,Regency Enterprises
9415,1600 Limited Partnership
9415,Warner Bros. Pictures
1259983,Ninety Films
1259983,WY Productions
1259983,StudioCanal
1259983,Panache Productions
1259983,M6 Films
245698,Gail Katz Productions
245698,PalmStar Media
246,Office Kitano
246,Saito Entertainment
246,Tokyo FM
246,Bandai Visual
246,Celluloid Dreams
246,dentsu
246,Shochiku
76489,Wessler Entertainment
76489,20th Century Fox
76489,Conundrum Entertainment
76489,"C3 Entertainment, Inc."
76489,Dune Entertainment
14202,Emotion Pictures
14202,The Mark Gordon Company
14202,Class 5 Films
14202,Warner China Film HG Corporation 中影华纳横店
14202,Stratus Film Co.
14202,Bob Yari Productions
14202,The Colleton Company
14202,Dragon Studios
14202,Salon Films
14202,Syndicate Films
14202,Warner Independent Pictures
14202,China Film Co-Production
26715,Bombshell Pictures
26715,IM Global
1631917,Clever Minds Inc.
14113,Revolution Studios
14113,Team Todd
14113,Boxing Cat Films
1744819,Fan Xperimental
1744819,Storyoscopic Films
12157,Rio
12157,UGC
12157,DD Productions
12157,Sédif Productions
12157,Greencard Productions
12157,Lam Ping
13825,Scion Films
13825,Be Good Productions
13825,Mandeville Films
13825,Inferno Distribution
1371151,Buffalo 8
1371151,Iervolino & Lady Bacardi Entertainment
1371151,Eyevox
1371151,BondIt Media Capital
1371151,Latigo Films
1371151,Grindstone Entertainment Group
7735,Rat Pack Filmproduktion
7735,B.A. Produktion
7735,Constantin Film
7735,Celluloid Dreams
241257,Mod Producciones
241257,First Generation Films
241257,FilmNation Entertainment
241257,Himenóptero
241257,Telefónica Studios
241257,Telecinco Cinema
1530510,Phototaxia Pictures
1530510,Gaumont
664767,Warner Bros. Animation
1059073,Motion Picture Corporation of America
1059073,Brad Krevoy Television
1059073,Wall Fly
1255788,uMedia
1255788,Rose Productions
987917,All Things Comedy
987917,Miramax
987917,All of Us Productions
1364608,Focus Features
1364608,Plan B Entertainment
1364608,Absinthe Film Entertainment
10226,Alexandre Films
10226,EuropaCorp
10226,MediaPro Pictures
2259,Costa do Castelo Filmes
2259,House of Spirits Film
2259,Constantin Film
2259,Spring Creek Pictures
539892,Amazing Incorporated
539892,My Way Entertainment
539892,Bloomgarden Films
127984,Azerbaijanfilm
14175,Vanguard Animation
14175,Ealing Studios
14175,UK Film Council
14175,Odyssey Entertainment
10376,Medusa Film
10376,Sciarlò
10684,Davis Entertainment
10684,Fox 2000 Pictures
10684,Joseph M. Singer Entertainment
10684,20th Century Fox
13785,Castle Rock Entertainment
263341,The Weinstein Company
263341,Yucaipa Films
263341,Pegasus Taihe Entertainment
18256,Full Moon Entertainment
24411,Sony Pictures Home Entertainment
24411,Stage 6 Films
24411,Signature Pictures
2428,George Stevens Jr. Productions
387893,House of Cool Studios
387893,Blue Sky Studios
387893,20th Century Fox Animation
387893,Arc Productions
1557848,Poll Films
9952,Top Gun Productions
9952,Thema Production
9952,Gibraltar Films
774100,21 Laps Entertainment
774100,The Jim Henson Company
774100,Walt Disney Pictures
21296,Associated Players & Producers
21296,Edward Small Productions
242685,Academia Internacional de Cinema
242685,Color Bars Vídeos & Filmes
242685,TSTOP
429203,Condé Nast Entertainment
429203,Endgame Entertainment
429203,Identity Films
429203,Sailor Bear
429203,Wildwood Enterprises
429203,Tango Entertainment
1206008,20th Century Studios
1206008,Gracie Films
1206008,TSG Entertainment
459910,Pride of Gypsies
459910,Tinker Productions
459910,Hassell Free Productions
459910,Highland Film Group
459910,Narrative Capital
459910,Braven NL
10546,Dimension Films
10546,Miramax
10546,Bad Bird Productions
10546,Image Comics
10546,Jeff Most Productions
408220,Warner Bros. Animation
408220,DC Entertainment
680593,Travelling Picture Show Company
680593,Unbroken Pictures
680593,Shotgun Shack Pictures
680593,Inwood Road Films
437109,Apeitda
437109,Next Entertainment World
437109,Contents Panda
85446,Summit Entertainment
85446,Offspring Entertainment
85446,Lionsgate
20762,Live Entertainment
15613,Paramount Pictures
15613,Joe Wizan/Todd Black
1386827,Capstone Studios
1386827,Gramercy Park Media
1386827,Source Management + Production
1386827,Tea Shop Productions
1386827,Magnetic Labs
1386827,Sugar Studios LA
1386827,Jaguar Bite
25196,Informant Media
25196,Butcher's Run Films
9612,Paramount Pictures
611213,Dramatic Forces
611213,StoryKey Entertainment
14282,Madhouse
14282,Animate Film
14282,JVC
14282,movic
759175,20th Century Studios
759175,Original Film
9824,Universal Pictures
9824,Golar Productions
9824,Dark Horse Entertainment
6283,DreamWorks Pictures
6283,Riche-Ludwig Productions
29264,Producciones Gustavo Alatriste
272693,Wonderland Sound and Vision
272693,CBS Films
272693,Vast Entertainment
1587950,Indie Film AS
625450,Wonderland Sound and Vision
652679,Tempestarii
652679,Viceversa Cine
652679,Wenner-Gren Foundation
652679,Rueda Sonido
652679,2.35 Digital
947891,Indian Paintbrush
947891,LuckyChap Entertainment
9405,Mandalay Entertainment
9405,One Story Pictures
1036255,Cinémaj Films
2086,Paramount Pictures
40205,MarVista Entertainment
40205,Unity Pictures Group
40205,Family Channel
22094,Columbia Pictures
22094,Claridge Productions
22094,Major Studio Partners
1281826,GulfStream Pictures
1281826,Luber-Roklin Entertainment
1364953,Sweetshop & Green
1364953,Vendetta Films
1364953,MPI Media Group
1275151,Basoilarraren Filmak
1214684,Josephson Entertainment
1214684,Tom Kirdahy Productions
1214684,Artists Equity
1214684,Mohari Media
1214684,1000 Eyes
1214684,Nuyorican Productions
84332,Duplass Brothers Productions
84332,Big Beach
976720,Rumble Fish Productions
976720,Natrix Natrix
976720,10.80 Films
976720,ev.l prod
17689,Malpaso Productions
17689,Warner Bros. Pictures
1756198,ECU Escuela de Cine del Ururguay
491283,Pathe
491283,BBC Film
491283,Ingenious Media
491283,Calamity Films
435239,Zéro de conduite
435239,Beursschouwburg
435239,Savage Film
17918,Melniker-Uslan Productions
803,Argos films
492719,Polygon Pictures
573531,Casio Entertainment
573531,Production I.G
573531,Toei Animation
573531,BONES
573531,BeeTrain
573531,Halo Studios
573531,Warner Bros. Pictures
573531,J-Spec Pictures
573531,Seraphim Digital
573531,Tensegrity
573531,STUDIO4℃
347969,Happy Madison Productions
2185,Touchstone Pictures
2185,The Jacobson Company
2185,Sonnenfeld/Josephson Worldwide Entertainment
5725,RM Films International
1513010,El Viaje Films
1513010,Blond Indian Films
97614,Magnolia Pictures
97614,StudioCanal
97614,Madhouse Entertainment
97614,2929 Productions
97614,Mutual Film Company
177,TriStar Pictures
467062,Pentimento Productions
467062,HBO Documentary Films
586,New Line Cinema
586,Tribeca Productions
586,Baltimore Pictures
586,Punch Productions
295011,Vincent Newman Entertainment
295011,Screen Gems
295011,Destination Films
3591,Hammer Film Productions
5137,Filmauro
5137,Brooklyn Films II
5137,Riff Raff Entertainment
5137,Blue Flower
11968,Mandalay Pictures
11968,Metro-Goldwyn-Mayer
11968,Columbia Pictures
842934,Screen Media Films
842934,Arclight Films
842934,CatchLight Studios
842934,Alcon Entertainment
842934,Hamilton Entertainment
11589,Katzka-Loeb
11589,Avala Film
11589,Metro-Goldwyn-Mayer
530079,Science SARU
530079,Fuji Television Network
530079,TOHO
530079,jeki
530079,Shogakukan
530079,KDDI
530079,Lawson Entertainment
39486,Walt Disney Pictures
39486,Fast Track Productions
39486,Mayhem Pictures
13459,Mattel
13459,Rainmaker Entertainment
10707,Original Media
10707,American Empirical Pictures
10707,Peter Newman/Interal
10707,Ambush Entertainment
10707,Taurus Film
10707,Andrew Lauren Productions
8373,DreamWorks Pictures
8373,Paramount Pictures
8373,di Bonaventura Pictures
8373,DeSanto/Murphy Productions
8373,Ian Bryce Productions
9356,TriStar Pictures
9356,Big Mouth Productions
377264,TSG Entertainment
377264,20th Century Fox
377264,Burk A Project
377264,Isobel Griffiths
377264,Scott Free Productions
9290,Bungalow Productions
9290,Silver Lion Films
570,Urania Pictures
570,CB Films
570,Immagine e Cinema
570,ARTE France Cinéma
570,Flach Film
770254,Netflix
11260,Dune Entertainment
11260,Regency Enterprises
11260,Guy Walks into a Bar Productions
11260,Deep River Productions
11260,Friendly Films (II)
11260,20th Century Fox
86829,StudioCanal
86829,Anton Capital Entertainment
86829,Mike Zoss Productions
587412,Hombale Films
587412,Vaaraahi Chalana Chitram
111969,MICA Entertainment
111969,The Solution
111969,Informant Films
500916,Daniel Grodnik Productions
500916,Wonderfilm Media
500916,Imprint Entertainment
500916,Artem Entertainment
500916,Pimienta
500916,Lionsgate
385360,Armory Films
385360,Oriah Entertainment
1252,Emmett/Furla Films
1252,Millennium Media
1252,Nu Image Entertainment
14362,Arnold Kopelson Productions
14362,Seagal/Nasso Productions
14362,Warner Bros. Pictures
451945,Les Films de Pierre
451945,Page 114
451945,Memento Production
451945,Playtime
451945,France 3 Cinéma
15805,Warner Bros. Animation
11638,Columbia Pictures
11638,Regency Enterprises
11638,3 Arts Entertainment
11638,Tall Trees Productions
11638,Katalyst Films
37056,Summit Entertainment
37056,Applehead Pictures
485226,Consejo Nacional de la Cultura y las Artes
485226,Promedia
40224,Cinq Productions
40224,Cofimage
40224,Ice Films
40224,Les Films Flam
56832,Chubu-nippon Broadcasting Company
56832,Fukuoka Broadcasting System
56832,Hiroshima Telecasting
56832,Hokkaido Broadcasting
56832,Horipro
56832,J Storm
56832,Miyagi Television Broadcasting
56832,Nikkatsu Corporation
56832,Nippon Television Network Corporation
56832,Shizuoka Daiichi Television
56832,Shueisha
56832,Yomiuri Shimbun Company
56832,TOHO
56832,VAP
56832,Yomiuri Telecasting Corporation
38368,Illuminations Films
38368,Anna Sanders Films
38368,Kick the Machine
38368,The Match Factory
38368,Geißendörfer Film-und Fernsehproduktion
38368,Eddie Saeta
38368,ZDF/Arte
38368,Louverture Films
38368,Haus der Kunst
38368,FACT
38368,Animate Projects
38368,Hubert Bals Fund
923877,La Fémis
16551,20th Century Fox
1182387,Convergence Entertainment
1182387,TPC
1182387,BondIt Media Capital
1182387,Grindstone Entertainment Group
1182387,Highland Film Group
1182387,Eyevox Entertainment
429471,Participant
429471,Lightfuse & Gettaway
1435092,Working Title Films
1435092,55 Jugglers
437626,Darius Films
437626,Lumanity Productions
437626,JoBro Productions
437626,Blumhouse Productions
437626,Productivity Media
437626,Chimney Sweden
10304,Startroop Pictures Inc.
10304,Tippett Studio
10304,TriStar Pictures
13285,Mainframe Entertainment
13285,Mattel
665251,ANIMA
13195,Magnolia Pictures
13195,Pierce/Williams Entertainment
13195,Zero Gravity Management
13195,Delux Productions
13195,Film Fund Luxembourg
13195,Future Films
331576,Maximum Gain Kapital Group
331576,Sun Entertainment Culture
331576,Sil-Metropole Organisation
331576,Bona Film Group
331576,Tin Tin Film Production
75624,Aniplex
75624,Densetsu
75624,Pierrot
75624,Bandai
75624,Shueisha
75624,TV Tokyo
438,Mr. X
438,Mad Circus Films
438,Lionsgate
11887,Walt Disney Pictures
11887,Borden & Rosenbush Entertainment
2334,EuropaCorp
2334,ARP Sélection
2334,Apipoulaï Prod
2334,TF1 Films Production
934763,Toei Company
934763,Toei Video Company
430447,STUDIO PONOC
606679,Working Title Films
606679,Perfect World Pictures
606679,Focus Features
606679,Working Title Films
238215,Golden Spike (II)
238215,Next Wednesday Productions
238215,Voltage Pictures
238215,Image Entertainment
416148,Program 33
416148,Mars Films
1245398,FLX
16340,Klasky-Csupo
532067,J.C.STAFF
532067,KADOKAWA
532067,Sammy
532067,Nippon Columbia
532067,Sony Music Entertainment (Japan)
532067,MAGES.
532067,KADOKAWA Media House
532067,81 Produce
532067,Toranoana
1295026,Pony Canyon
1295026,Asmik Ace
1295026,TBS
1295026,Rock'n Roll Mountain
1295026,GKIDS
1449400,Red Sea Media
1449400,Anything But Ordinary Films
1449400,BondIt Media Capital
416144,Xeitgeist Entertainment Group
416144,Screen Australia
416144,South Australian Film Corporation
416144,Arclight Films
416144,Double Guess Productions
416144,ScreenWest
416144,Lotterywest
416144,Hamilton Films
416144,Thunder Road
416144,Electric Pictures
10996,Columbia Pictures
10996,Red Wagon Entertainment
10996,Franklin/Waterman Productions
9381,StudioCanal
9381,20th Century Fox
9381,M6 Films
9381,Babylon Films
9381,Babylon
14635,Walt Disney Pictures
14635,Gran Via Productions
14635,98 MPH Productions
13596,New Wave Entertainment
13596,Lionsgate
13596,Management 360
13596,Terra Firma Films
13596,Superfinger Entertainment
396806,K5 Film
396806,K5 International
396806,Scythia Films
396806,Sierra/Affinity
396806,Road Pictures
13355,Warner Bros. Animation
13355,Hanna-Barbera Cartoons
9086,Morgan Creek Entertainment
1562032,EuropaCorp
1562032,Luc Besson Production
1240224,Youku
7304,True Grit Productions
7304,International Production Company
7304,Pierce/Williams Entertainment
7304,Zero Gravity Management
7304,New Line Cinema
7304,Media 8 Entertainment
7304,VIP 1 Medienfonds
7304,VIP 2 Medienfonds
7304,MDP Filmproduktion
9425,Impact Pictures
9425,Jerry Weintraub Productions
9425,Morgan Creek Entertainment
9425,Warner Bros. Pictures
2085,Silver Pictures
2085,Warner Bros. Pictures
340613,Anonymous Content
340613,Meta Film London
340613,Silver Reel
340613,Tempo Productions
340613,Embankment Films
340613,Creative Scotland
340613,Spark Film & TV
340613,Chimney Sweden
340613,Film i Väst
49953,Motion Investment Group
49953,nWave Pictures
49953,Illuminata Pictures
49953,StudioCanal
49953,Around the World in 50 Years
227359,Steamroller Productions
227359,Voltage Pictures
40894,7 Pictures
40894,Nob Hill Productions Inc.
40894,Arwin Productions
26371,Merchant Ivory Productions
26371,Cinecom Pictures
26371,Maurice Productions
26371,Film4 Productions
57157,Paramount Pictures
57157,Mandate Pictures
57157,Indian Paintbrush
57157,Mr. Mudd
57157,Right of Way Films
57157,Denver & Delilah Productions
892,Constellation
892,Hachette Première
892,UGC
378,Circle Films
363,Corazón International
363,Wüste Film
363,ARTE
363,Bavaria Film International
363,Beauftragte der Bundesregierung für Kultur und Medien (BKM)
363,NDR
363,Pan-Film
83770,mk2 Films
83770,Film4 Productions
83770,France 2 Cinéma
83770,VideoFilmes
83770,American Zoetrope
83770,The Jerry Leider Company
83770,Vanguard Films
1045938,JuVee Productions
1045938,Mad Chance
1045938,MRC
1045938,Amazon MGM Studios
952217,Warner Bros. Animation
4954,Paramount Pictures
4954,Nicita/Lloyd Productions
26598,PolyGram Filmed Entertainment
26598,KQED
12253,DreamWorks Pictures
12253,3 Arts Entertainment
1125701,Shoebox Films
1125701,Family Affair Films
1125701,Film4 Productions
1125701,Randan Film and Television Productions
1125701,Protagonist Pictures
1125701,Screen Scotland
491480,Participant
491480,BBC Film
491480,BFI
491480,Potboiler Productions
12225,Left Turn Films
12225,Lipsync Productions
12225,Ugly Duckling Films
448095,Gold Circle Films
11128,Touchstone Pictures
11128,Beacon Pictures
11128,Casey Silver Productions
11128,Fantail Films Inc.
11374,Imagine Entertainment
11374,Universal Pictures
1222248,Motion Blur
1222248,SF Norge
1276704,Imposible Films
331962,Remark Films
331962,EFO Films
331962,PalmStar Media
331962,Lionsgate
108,mk2 Films
108,CED Productions
108,France 3 Cinéma
108,CAB Productions
108,Studio Filmowe Tor
779816,Participant
779816,Mandeville Films
779816,2DUX²
779816,Kingdom Story Company
779816,Lionsgate
779816,Media Capital Technologies
931097,Morina Films
931097,Puntor't Social
31767,Russo Productions
620725,Team Todd
620725,Sierra/Affinity
620725,Jexi Studios
620725,Entertainment One
620725,CJ Entertainment
308188,Lynx Filmes
308188,Editora Três
13815,Miramax
621587,The Imaginarium
621587,Searchlight Pictures
621587,TSG Entertainment
621587,Garrett Basch Productions
621587,Defender Films
621587,Archer's Mark
294652,Media House Capital
294652,Altitude Film Entertainment
294652,Daydream Productions
294652,Bridle Path Films
294652,Southern Light Films
294652,WBMC
294652,Screen Australia
294652,ScreenWest
294652,Lotterywest
294652,Screen NSW
294652,Hopscotch Entertainment One
1591834,Pampa Films
1591834,Gloriamundi Producciones
1591834,Tiger House
1591834,Yellow Kingdom
1591834,No Idea Entertainment
1591834,Mallorca Film House
1591834,Star Original Productions
1376415,Les Compagnons du Cinéma
1376415,Auvergne-Rhône-Alpes Cinéma
1376415,Le Bureau Films
1376415,France 2 Cinéma
1376415,Cactus Films
10307,FGM Entertainment
10307,Metro-Goldwyn-Mayer
802219,Paramount Pictures
802219,Tuff Gong Pictures
802219,Plan B Entertainment
11088,Stolen Film Productions
11088,Franchise Pictures
11088,Indelible Pictures
11088,Epsilon Motion Pictures
11088,Linson Entertainment
300439,Amachi Films
300439,Acónito Films
14317,Paramount Pictures
14317,Nickelodeon Movies
14317,Klasky-Csupo
1440769,Miramax
1440769,Punch Palace Productions
1440769,Longshot Productions
736125,Quinta Imagen
76494,Lionsgate
76494,Alcon Entertainment
76494,Phoenix Pictures
76494,What to Expect Productions
14695,Media 8 Entertainment
14695,New Line Cinema
1755957,Studio Film UPI
333623,SUNRISE
333623,Bandai Visual
333623,Lantis
333623,Bushiroad
333623,ASCII Media Works
836225,Epica Pictures
836225,Kabche Film Production
836225,Hakuhn
836225,In the Works Productions
836225,Terminal
836225,Mitos Production Company
9586,Warner Bros. Pictures
669671,42
669671,Unique Features
544431,End Cue
3536,Universal Pictures
3536,StudioCanal
3536,The De Laurentiis Company
1327690,Kapital Entertainment
1327690,Nomadic Pictures
479649,Les Productions Carle-Lamy
25050,Eisei Gekijo
25050,TV Man Union
25050,Bandai Visual
25050,Cinequanon
25050,Engine Film Group
508747,Tianjin Maoyan Weying Media
647912,Full Circle Productions
411728,Fastnet Films
411728,22H22
411728,Caviar Antwerp NV
411728,Definition Films
411728,Zik Zak Filmworks
411728,Voltage Pictures
411728,Fábrica de Cine
411728,Icon Productions
9501,August Entertainment
9501,Toei Video Company
9501,Toei Company
9501,Fuji Television Network
9501,TFC
9501,Davis Films
9501,Ozla Pictures
9501,Yunza Films
327,Recorded Picture Company
327,Office Kitano
327,Film4 Productions
327,Bac Films
610375,Pear Production
406785,Walt Disney Animation Studios
25239,Deja Vu LLC.
25239,Cinemagic Pictures
25239,The Jerry Gross Organization
13820,Edge City Productions
486589,Sidus
486589,Next Entertainment World
486589,LOCUS Corporation
486589,Finecut
486589,Sidus Animation
221,Warner Bros. Pictures
25941,Marv
25941,HanWay Films
25941,UK Film Council
536326,Remora
536326,Filmes do Gajo
104524,WOWOW FILMS
104524,PARCO
104524,Yahoo! Japan
104524,Shodensha
104524,Lucky Star
104524,Cine Bazar
104524,Happinet Pictures
104524,Asmik Ace Entertainment
33689,Dualstar Productions
33689,Orr & Cruickshank
33689,Rysher Entertainment
1432474,Live Nation Studios
1432474,Process Media
1432474,Green Day
1432474,Legion M
400214,Branick Films
24589,Pixar
1542352,Paarvathaa entertainment
730251,Cineric Creative
730251,Cinema Inutile
730251,Zakkubalan
730251,K-Garage
730251,Sons of Rigor Films
730251,Spark Features
730251,Purple Tree Content
730251,Giraffe Pictures
12573,Focus Features
12573,StudioCanal
12573,Relativity Media
12573,Working Title Films
12573,Mike Zoss Productions
853028,Finnworks
853028,Adrialpe-Media
11826,Recorded Picture Company
11826,Film4 Productions
11826,KanZaman Productions
540,Destination Films
540,Screen Gems
540,Anonymous Content
540,Andrea Sperling Productions
44363,ArieScope Pictures
44363,A Bigger Boat
1307078,Temple Hill Entertainment
1030598,Gilady Nitzan Films
1030598,Rabinovich Film Fund Cinema Project
1030598,United King Films
228203,Mayhem Pictures
228203,Walt Disney Pictures
9715,Fortis Films
9715,20th Century Fox
573730,Kinema Citrus
573730,KADOKAWA
573730,Takeshobo
573730,AT-X
573730,Sony Music Entertainment (Japan)
573730,Kanetsu Investment
573730,Global Solutions
573730,KADOKAWA Media House
573730,Cygames
798021,Linden Entertainment
798021,Grey Matter Productions
798021,Wonderland Sound and Vision
959894,Worldwide Films
959894,CCC Brothers
13969,New Regency Pictures
13969,Davis Entertainment
13969,Spirit Dance Entertainment
13461,Pentagrama Films
13461,Bess Movie
862968,Grey Matter Productions
862968,Wychwood Media
1480,Universal International Pictures
758679,Freckle Films
758679,Anton
758679,Mosaic
758679,Versus Production
242900,Gemini Films
242900,Ognon Pictures
27029,Warner Bros. Pictures
353141,Paramount British Pictures
2134,Galaxy Films Inc.
2134,George Pal Productions
2134,Metro-Goldwyn-Mayer
144336,Open Road Films
144336,QED International
144336,Albert S. Ruddy Productions
144336,Crave Films
144336,Roth Films
144336,Universal Pictures
344842,Camila Films
1715820,Create Studios Swindon
51999,BBC Film
51999,Zentropa Entertainments
51999,Scottish Screen
51999,Film i Väst
51999,Det Danske Filminstitut
51999,Sigma Films
51999,Fís Éireann/Screen Ireland
51999,Subotica
1754410,Slovenská televízia Bratislava
1754410,Slovenská filmová tvorba
50671,Hammer Film Productions
50671,Exclusive Media
846250,Jax Media
846250,Searchlight Pictures
2755,Avery Pix
2755,New Line Cinema
11342,New World Pictures
1599090,Plimsoll Productions
12480,Fidélité Productions
12480,Les Films Alain Sarde
12480,Eurospace
10627,20th Century Fox
1221404,Shin-Ei Animation
1221404,Futabasha
1221404,ADK
1221404,TV Asahi
19265,Wild Bunch
19265,Gravier Productions
19265,Perdido Productions
447362,Columbia Pictures
447362,Overbrook Entertainment
5471,The Film Works
5471,Icelandic Film Corporation
5471,Union Station Media
5471,Movision
5471,Endgame Entertainment
5471,Téléfilm Canada
5471,Spice Factory
5471,The Movie Network
5471,Invico Capital
5471,Movie Central
334889,Ovnellfilm
1648678,Disneynature
1648678,Wildstar Films
11948,Recorded Picture Company
11948,National Film Trustee Company
11948,Antares-Nova
11948,Oshima Productions
11948,Broadbank Investments
11948,Asahi Broadcasting Corporation
10493,Kennedy Miller Productions
10493,Warner Bros. Pictures
39105,Toei Animation
508570,Allison Shearmur Productions
508570,Digital Makeup Group
508570,Jolie Pas Productions
508570,Walt Disney Pictures
929826,Filmes de Amor
691052,Moholy-Nagy University of Art and Design
12435,The Weinstein Company
12435,FilmColony
8438,Wolper Organization
8438,Warner Bros. Pictures
8438,Le Studio Canal+
381890,Alpha Pictures
381890,Star Overseas
381890,Shanghai New Culture Media Group Co Ltd
381890,Beijing Enlight Pictures
381890,China Film Group Corporation
234004,Blockade Entertainment
234004,CNHK Media China
234004,Rainmaker Entertainment
484437,Bankside Films
484437,Wrong Men
484437,Head Gear Films
484437,Metrol Technology
484437,Savage Productions
484437,Made
484437,Wild Atlantic Pictures
484437,Fís Éireann/Screen Ireland
484437,Wallimage
484437,VOO
484437,BeTV
484437,BNP Paribas Fortis
484437,Broadcasting Authority of Ireland
484437,Finnish Film Foundation
484437,Cutting Edge Group
484437,YLE
46929,Walt Disney Productions
21309,Island
21309,Hemdale Film Corporation
146779,Nordås film
32221,Seven Arts Pictures
32221,Carolco Pictures
9903,Yari Film Group
9903,Miramax
9903,The Mark Gordon Company
9903,Syndicate Films
1145462,Lipsum Productions
1145462,Insolence Productions
1145462,Nouvelle Toile
11553,3H Productions
11553,Sino Movie
11553,Paradis Films
11553,Orly Films
41222,S Pro Alfa
41222,Prospero
10768,20th Century Fox
10768,Harvey Bernhard Productions
10768,Mace Neufeld Productions
28355,Paramount Vantage
28355,Misher Films
28355,Anonymous Content
28355,Case 39 Productions
28355,Paramount Pictures
10540,The Ladd Company
10540,Outland Productions
10540,Warner Bros. Pictures
19929,Casa Bonita
19929,F24 Film
59421,Filma Pictures
59421,Tori Pictures
59421,Sponge
59421,Finecut
1339658,QWGmire
1339658,Watermark Media
1339658,Cliffbrook Films
1339658,AmorFortuna
1339658,Bespoke Production Capital
1339658,No Comp Films
4203,El Deseo
4203,Laurenfilm
55787,Big Screen Productions
55787,Fox 2000 Pictures
55787,Dune Entertainment
55787,Ingenious Media
984184,Studio Evision
984184,EON Foundation
984184,Film Development Council of the Philippines
984184,Above the Line Productions
1629369,PMZ Pictures
1629369,Unreasonable Studios
1628367,Red Chillies Entertainment
1421982,Disney Channel
1421982,Titmouse
1421982,Disney Television Animation
1365,Lionsgate
1365,Lee Daniels Entertainment
10411,Hollywood Pictures
10411,Touchwood Pacific Partners 1
13312,La Fabrique de Films
13312,BR Films
15567,Disney Television Animation
10808,Joseph M. Singer Entertainment
10808,Davis Entertainment
10808,20th Century Fox
11966,TriStar Pictures
11966,The Turman-Foster Company
426793,Bron Studios
426793,Creative Wealth Media Finance
9978,Isle of Man Film
9978,Samuelson Productions
9978,VIP Medienfonds 4
9978,Rising Star Productions
9978,UK Film Council
9978,Capitol Films
9978,Entertainment Film Distributors
9978,The Weinstein Company
575604,Yong Film
575604,Next Entertainment World
168098,Cargo Entertainment
168098,120dB Films
168098,Benaroya Pictures
168098,The Genre Co.
168098,International Film Trust
2009,Saga Film
2009,Mobra Films
2009,CNC
541134,Protozoa Pictures
541134,FilmNation Entertainment
5000,Silver Films
9491,Lightning Pictures
9491,Precision Films
9491,Mack-Taylor Productions
9491,Pressman Film
1688454,INSAS
17657,Filmways Pictures
17657,Metro-Goldwyn-Mayer
11223,Metro-Goldwyn-Mayer
388664,Balthazar Productions
1306525,Mowin Pictures
9044,Franchise Pictures
9044,Scott Free Productions
576,Warner Bros.-Seven Arts
21575,Why Not Productions
21575,Chic Films
21575,Page 114
21575,UGC
21575,France 2 Cinéma
21575,BiM Distribuzione
21575,Celluloid Dreams
844185,Columbus 81 Productions
844185,Skyview Entertainment
844185,Good One
1754613,Aldergrove Studios
1185528,Lian Ray Pictures
1185528,Zhejiang Hengdian Film Production
1185528,China Film Creative
1185528,Tao Piao Piao 淘票票
1185528,Weibo Corporation
1185528,Film Workshop
1185528,China Film Group Corporation
1400336,Universal Pictures
1400336,Tribeca Productions
1400336,Red Hour
1400336,Delirious Media
1400336,Particular Pictures
1400336,Paramount Pictures
15655,Walt Disney Pictures
15655,DisneyToon Studios
15655,Disney Television Animation
11597,20th Century Fox
11597,Baltimore Pictures
73567,ANA Media
73567,Worldview Entertainment
73567,Voltage Pictures
73567,Picture Perfect Corporation
826914,Soapbox Films
826914,The Muppets Studio
360310,Grafo Audiovisual
339967,Toy Fight Productions
339967,Brightlight Pictures
339967,Sayaka Producciones
339967,Route One Entertainment
339967,Voltage Pictures
339967,Union Investment Partners
339967,Legion M
996,Paramount Pictures
394091,Light Cone
70578,Nu Image
70578,Millennium Media
70578,Saturn Films
70578,Winkler Films
837335,Tempesta
837335,RAI Cinema
837335,Ad Vitam Production
837335,Amka Films
837335,ARTE France Cinéma
837335,RSI
837335,TRT 12 PUNTO
602147,Highland Film Group
602147,Ingenious Media
602147,Southpaw Entertainment
602147,White Comet Films
602147,Vertical
602147,DirecTV
1247002,Soo Film
532,Aardman
532,BBC Bristol Productions
532,BBC Children's Productions
532,Wallace and Gromit
1092936,Nightswim
1092936,Fandango
1092936,Vision Distribution
1092936,MiC
1092936,Lazio Cinema International
1092936,Fondo Audiovisivo FVG
1092936,SPOK Films
1092936,Sky
1755734,Filmes Casa
14811,United Artists
14811,Cartier Productions
14811,The Mirisch Company
1072876,The Lonely Island
1072876,Walcott Productions
1072876,MRC
1072876,Clown Show
1251717,Atlas Independent
1251717,Paramount Pictures
823610,Triggerfish
4477,Columbia Pictures
19345,American Entertainment Partners L.P.
19345,Amercent Films
19345,20th Century Fox
37703,Win's Movie Productions
629028,Redrover
629028,kth
629028,GNOSIS COMPANY
629028,Merry Christmas
10708,Revolution Studios
10708,Davis Entertainment
1504901,Religion of Sports
1504901,The Walsh Company
508763,Bona Film Group
508763,Columbia Pictures
508763,Pariah
819876,Serendipity Point Films
819876,Téléfilm Canada
819876,Ingenious Media
819876,Argonauts Productions
819876,RocketScience
819876,Wiffle Films
819876,Davis Films
819876,NEON
6346,Universal Pictures
6346,Imagine Entertainment
6346,Davis Entertainment
549294,Patriot Pictures
549294,Rustic Films
549294,XYZ Films
549294,Love & Death Productions
549294,Pfaff & Pfaff Productions
295693,DreamWorks Animation
852930,Big Tent Films
16186,Diary of a Woman Inc.
16186,BET Films
16186,Tyler Perry Studios
16186,Lionsgate
16186,Reuben Cannon Productions
11415,New World Pictures
11064,Silver Pictures
11064,Universal Pictures
11064,Lawrence Gordon Productions
1076708,Nedland Media
1076708,Lucasfilm Ltd.
1076708,Imagine Documentaries
1076708,Amblin Documentaries
1158996,UNITÉ
394349,"Film Unit of the Division of Community Education, Puerto Rico"
394349,Divedco
698948,Imagine Entertainment
698948,Storyteller Productions
698948,Magnolia Mae Films
698948,Metro-Goldwyn-Mayer
698948,Bron Studios
1631504,GENCO
1631504,J.C.STAFF
574451,Temple Hill Entertainment
574451,New Line Cinema
257274,Víctor Moreno PC
64639,Screen Gems
64639,Battleplan Productions
300673,Red Hawk Entertainment
300673,Walt Disney Pictures
300673,Whitaker Entertainment
300673,Bergsten Music
10657,New Line Cinema
10657,Castle Rock Entertainment
1213898,T-Series
1213898,J.P. Films
452507,Campfire Studios
452507,Lighthouse Pictures
12590,Protozoa Pictures
12590,Dimension Films
1852,Paramount Pictures
1852,Double Feature Films
1852,Moritz Borman Productions
1852,Kernos
6644,Paramount Pictures
6644,Laurel Productions
407445,The Imaginarium
407445,BFI
407445,BBC Film
407445,Embankment Films
407445,Silver Reel
38357,Bad Robot
38357,Goldcrest
38357,Paramount Pictures
11595,Paramount Pictures
11595,Eddie Murphy Productions
11595,Lawrence Gordon Productions
346709,The Solution
346709,Sprockefeller Pictures
346709,Setient Pictures
346709,Ingenious Media
346709,Head Gear Films
346709,Hassik Films
9448,TriStar Pictures
9448,Lion Rock Productions
9448,Amen Ra Films
243352,Godspeed Pictures
203739,Montford / Murphy Productions
203739,Preger Entertainment
11077,Universal Pictures
11077,Imagine Entertainment
13681,TriStar Pictures
13681,Delphi II Productions
1011064,Les productions Sémiramis
889580,Bersahaja
544152,London Film Academy
410199,MXN Entertainment
410199,Lost City
410199,XYZ Films
643,Mosfilm
410554,Ingenious Media
410554,Brookstreet Pictures
410554,River Bay Films
410554,Kirk Shaw Productions
410554,Aboretum Productions
410554,The Fyzz
410554,EFO Films
410554,Lionsgate Premiere
9929,Belvision
9929,Dargaud Films
8090,Cohen/Pearl Productions
8090,Screen Gems
8090,Lakeshore Entertainment
1146972,Bandai Namco Filmworks
1146972,SUNRISE
37931,Universal Studios
37931,Relativity Media
37931,Rogue Pictures
37931,Michaels-Goldwyn
37931,Universal Pictures
241843,Glacier Films
241843,SpectreVision
241843,Lionsgate
16314,Touchstone Pictures
475094,Filmgalerie 451
475094,Alfama Films
475094,Opus Film
475094,Facing East
475094,Worst Case Entertainment
475094,hands-on producers
475094,Maria Films
126280,Warner Bros. Cartoons
146724,Next Entertainment World
910,Warner Bros. Pictures
10784,Allied Artists Pictures
10784,ABC Pictures
10784,Bavaria Film
1508564,MRP Entertainment
1508564,Zion Films
390734,Visual Works
390734,Digic Pictures
390734,Pixoloid Studios
390734,Square Enix
390734,Square USA
390734,The Monk Studios
390734,Toneplus Animation Studios
390734,Stage 6 Films
390734,Sony Pictures Home Entertainment
390734,Dynamo Pictures
16085,Columbia Pictures
16085,Rastar Productions
376995,Scorpio
376995,Bangor Productions
1123093,Walt Disney Pictures
1123093,Bardel Entertainment
414001,BBC Film
414001,Blueprint Pictures
414001,StudioCanal UK
1318917,O3 Medya
1318917,Lanistar Media
1649,Nelson Entertainment
1649,Interscope Communications
1128655,ScreenWest
1128655,Saturn Films
1128655,Arenamedia
1128655,Lovely Productions
1128655,Tea Shop Productions
1128655,Stan
10806,Paramount Pictures
10806,Spelling Films
10806,Scott Rudin Productions
9890,Paramount Pictures
9890,DreamWorks Pictures
9890,Scott Rudin Productions
9890,De Line Pictures
11837,Nepenthe Productions
11837,Watership Productions
881164,20th Century Studios
881164,LuckyChap Entertainment
881164,Langley Park Productions
881164,Scott Free Productions
77985,The Cannon Group
77985,Golan-Globus Productions
9885,Australian Film Finance Corporation
9885,South Australian Film Corporation
9885,403 Productions
9885,True Crime Channel
9885,Best FX (Boom Sound)
9885,Emu Creek Pictures
17134,The Mark Gordon Company
17134,Midnight Sun Pictures
17134,Fox Atomic
17134,WWE Studios
10518,Paramount Pictures
1331375,Green Dog Films
1331375,Reigning Entertainment
1331375,Orlan Films
1331375,Ágora Films
168530,Rainforest Entertainment
168530,Universal Pictures
168530,Relativity Media
168530,Cube Vision
9923,Scott Free Productions
9923,Davis Films
9923,Metropolitan Filmexport
9923,Domino 17521
209403,Darko Entertainment
209403,Aggregate Films
209403,MXN Entertainment
209403,Focus Features
12657,Metro-Goldwyn-Mayer
12657,Turbo Productions
20921,Towani
20921,Cine Bazar
20921,VAP
20921,Nippon Television Network Corporation
20921,Bandai Visual
20921,WOWOW
20921,Tokyu Recreation
20921,LATERNA
20921,Warner Bros. Japan
555457,Dan Films
555457,Deadpan Pictures
555457,Kindle Entertainment
1743022,Cine de Riesgo
12594,Artisan Entertainment
12594,CTV International
1555331,MGX Film
1555331,BG Film
350312,Arka Media Works
11426,Columbia Pictures
178,Trilogy Entertainment Group
178,Metro-Goldwyn-Mayer
1233069,Constantin Television
1233069,Epo-Film
58224,Davis Entertainment
58224,Dune Entertainment III
58224,Dune Entertainment
58224,20th Century Fox
396263,Digital Frontier
396263,TOHO
396263,dentsu
396263,Fields Corporation
396263,Jinnan Studio
396263,King Records
396263,Kyoraku Industrial Holdings
396263,Lawson Entertainment
1160164,Taylor Swift Productions
1160164,Silent House Productions
41382,Sweepstake Productions
41382,Cube Vision
10333,Columbia Pictures
10333,Barwood Films
10333,Longfellow Pictures
1811,Desperate Pictures
1811,Why Not Productions
1811,Blurco
43519,Gainsborough Pictures
41505,NALA Films
41505,Maraci/Edelstein Films
41505,IM Global
41505,Shelter Productions
7457,A-Mark Entertainment
7457,Universal Pictures
7457,Sidney Kimmel Entertainment
7457,Capitol Films
7457,VIP 2 Medienfonds
10762,De Line Pictures
10762,Paramount Pictures
2088,Working Title Films
2088,PolyGram Filmed Entertainment
10849,Jack Rollins & Charles H. Joffe Productions
42700,Columbia Pictures
42700,Horizon Pictures
42700,Filmsonor
541,Carlyle Productions
2302,TriStar Pictures
2302,Baltimore Pictures
1007560,gaze films
10552,The De Laurentiis Company
10552,Famous Films Productions
12502,ABC Motion Pictures
446696,FilmNation Entertainment
446696,Nostromo Pictures
446696,Temple Hill Entertainment
446696,17-28 Black Production
373774,El Trece
1611789,Primo Content
1611789,Obra
1611789,Seĩva
1611789,eddy
1008102,Vanguard Animation
1008102,Kintop Pictures
1008102,Riverstone Pictures
1008102,ReDefine
1008102,Virtuso Productions
1008102,Lipsync Productions
1008102,REP Productions 6 Ltd.
33613,Nordisk Film Denmark
33613,Yellow Bird
33613,ZDF
33613,SVT
33613,Film i Väst
188166,Paradise City
188166,filmscience
188166,The Lab Of Madness
188166,Neighborhood Watch
119675,Jerry Weintraub Productions
119675,HBO Films
848791,Anonymous Content
848791,See-Saw Films
848791,Screen Australia
848791,South Australian Film Corporation
848791,Blue-Tongue Films
848791,RocketScience
676710,Ulysses Filmproduktion
676710,Cantilever Media
676710,Narrativia
676710,Studio Rakete
676710,Squeeze
676710,Red Star 3D
676710,Telepool
676710,Global Screen
676710,Creative Europe Media
676710,Sky Original Productions
408051,Trebol Pictures
408051,Acuarela Productions
13477,Krasnoff / Foster Entertainment
13477,Touchstone Pictures
13022,Dimension Films
13022,Village Roadshow Pictures
13022,Emu Creek Pictures
1718061,Holbrook-Hays Productions
974663,Studio 100 Animation
974663,Flying Bark Productions
974663,Atlantika Films
974663,Siamese
2312,Boll Kino Beteiligungs GmbH & Co. KG
2312,Brightlight Pictures
2312,Herold Productions
788929,Go to Sheep
788929,Film i Väst
788929,Chimney Sweden
788929,Chimney Poland
157370,Killer Films
157370,Sunny Field Entertainment
994,ABC Pictures
994,Talent Associates
994,Amerbroco Films
60672,Studio Légende
60672,Filmauro
60672,Epica Ltd.
60672,Canal+
60672,TF1 Films Production
60672,EuropaCorp
13531,Regency Enterprises
13531,New Regency Pictures
13531,Riche-Ludwig Productions
790459,Dirty Films
790459,FilmNation Entertainment
1284186,Mid March Media
1284186,Heretic
1284186,Lady Killer Productions
1284186,Iconoclast
1284186,Film4 Productions
597316,Boulder Media
597316,Entertainment One
452558,Aether Film Production
452558,Alibaba Pictures Group
452558,Bona Film Group
452558,Flagship Entertainment Group
452558,Huoerguosi Bona Culture and Media
452558,Rock Partner Film
452558,Shanghai PMF Media
452558,Sil-Metropole Organisation
452558,Wish Films
452558,YL Entertainment & Sport
452558,Sun Entertainment Culture
24734,Majestic Films International
24734,Trans Pacific Films
24734,Miramax
24734,Paramount Pictures
24734,Entertainment Film Distributors
508664,Red Dune Films
508664,Full Clip Productions
508664,Deeper Water Films
508664,Sunjive Studios
508664,THN Nominees
508664,Hoosegow Productions
508664,Ingenious Media
402331,Living Films
402331,Universal 1440 Entertainment
302,France 2 Cinéma
302,Fidélité Productions
302,Gimages
302,FOZ
302,Headforce Ltd.
1370814,Spooky Pictures
1370814,The Space Program
1370814,Image Nation Abu Dhabi
1370814,Five Henrys
1370814,Doublethink
1043565,Boomtown Media Partners
1043565,Daniel Grodnik Productions
1043565,Buffalo 8
1043565,BondIt
1043565,Lionsgate
480001,End Cue
465136,FilmWave
465136,Likely Story
465136,Silver Reel
467952,Serena Films
467952,Animus Films
467952,PalmStar Media
467952,Finch Entertainment
467952,Windy Hill Pictures
1497348,Unlimited Production
1497348,Narasi Semesta
1497348,Legacy Pictures
1497348,Dwi Abisatya Persada
1497348,Lighthouse Capital Management
11692,Village Roadshow Pictures
11692,Castle Rock Entertainment
11692,NPV Entertainment
169219,Non-Stop Productions
169219,Future Films
169219,Midnight Sun Pictures
169219,Aldamisa Entertainment
169219,Kjam Media
69735,Warner Bros. Animation
69735,Warner Premiere
69735,DC
1418657,Torfoot Films
1418657,Hardscrabble Film Company
10275,Chung Yuen Motion Picture Co.
20829,Universal Pictures
20829,Columbia Pictures
20829,Relativity Media
20829,Apatow Productions
20829,Madison 23 Productions
10033,BenderSpink
10033,Cinezeta
10033,Cinerenta
342521,New Line Cinema
342521,Monkeypaw Productions
342521,Artists First
342521,RatPac Entertainment
3127,Hammer Film Productions
1209288,Warner Bros. Animation
1209288,DC
9059,Tales From The Crypt Holdings
9059,Universal Pictures
46517,Stamm Film AG
9074,New Line Cinema
9074,Fried Films
1042657,Kaos Entertainment
1042657,Grindstone Entertainment Group
373314,Grindstone Entertainment Group
373314,Lionsgate Premiere
373314,Film Bridge International
373314,Mike and Marty Productions
11655,Consejo Nacional para la Cultura y las Artes
11655,Instituto Mexicano de Cinematografía
11655,Fondo de Fomento a la Calidad Cinematográfica
11655,Universidad de Guadalajara
11655,Iguana Producciones
11655,Ventana Films
15596,Orion Pictures
15596,Paper Clip Productions
379170,BBC
11712,TOHO
9449,Working Title Films
9449,PolyGram Filmed Entertainment
245703,Faliro House Productions
245703,Tri-State Pictures
245703,Warner Bros. Pictures
245703,RatPac Entertainment
245703,FilmNation Entertainment
121876,Alfama Films
121876,ICA
121876,RTP
10212,ETIC Films
10212,Engulf & Devour Productions Inc.
10212,Fox 2000 Pictures
10212,20th Century Fox
10212,Heyday Films
10212,Adam Fields Productions
257679,Mafilm
667183,Universidad del Cine
989662,A24
989662,Killer Films
989662,Grand Motel Films
15384,Showbox
15384,Lion Rock Productions
15384,Emperor Multimedia Group
15384,Avex Entertainment
15384,Shanghai Film Group
15384,CMC Entertainment
15384,Beijing Film Studio
15384,China Film Group Corporation
15384,Summit Entertainment
15384,Red Cliff Korea Investment
15384,Bona Film Group
24226,20th Century Fox
24226,The Zanuck/Brown Company
227348,Blumhouse Productions
227348,Solana Films
227348,Room 101
24752,Toei Animation
24752,Toei Company
1081012,Voltage Pictures
48773,Orange Sky Golden Harvest
48773,Paragon Films
335788,Studio Babelsberg
335788,EuropaCorp
335788,Belga Productions
335788,CB Films
335788,DCS
335788,Canal+
17335,Screen Gems
17335,Parkwood Entertainment
17335,Rainforest Entertainment
462183,Realizando Historias Films
390303,INDI FILM
390303,noir film GmbH & Co
390303,ARTE
114478,Sola Digital Arts
114478,Stage 6 Films
40978,Sara Films
40978,AS Productions
40978,The Cannon Group
14052,Interscope Communications
14052,20th Century Fox
63493,Foresight Unlimited
63493,VIP Media Group
63493,Michael Mailer Films
63493,Rising Star Productions
63493,Ledge Productions
1026880,Darius Films
1026880,Entract Studios
1026880,Téléfilm Canada
1026880,Filmoteka Narodowa – Instytut Audiowizualny
1026880,Telewizja Polska
1026880,K&K Film Selekt
788973,Sebs Sine Club
11484,United Artists
11484,Algonquin
486898,Dangmai Films 荡麦影业
486898,Huace Media
486898,Taihe Entertainment
486898,PMF Pictures
486898,Tencent Pictures
486898,CG Cinéma
486898,Mandarin Vision
486898,Tianjin Maoyan Weiying Culture Media 天津猫眼微影文化传媒
486898,Free Whale Pictures
486898,Zhongnan Films
486898,Arrival Films
486898,Realm Media Group
486898,Dream Sky Films
486898,Youku
486898,Huace Pictures 华策影业
337844,Thats Hollywood
337844,Rabbit Bandini Productions
337844,AMBI Group
11647,Media Asia Films
11647,MediaCorp Raintree Pictures
11647,Eastern Dragon Film Co.
11647,Basic Pictures
1227816,Asbury Park Pictures
1227816,Traction
844398,Lionsgate
844398,Construction Film
844398,Grindstone Entertainment Group
844398,Silver Reel
1636891,Bleiberg Entertainment
1476740,Jackrabbit Media
113082,Beyond C.
113082,Graphinica
113082,STUDIO4℃
113082,Warner Bros. Japan
10122,New Star Entertainment
10122,Walt Disney Pictures
10122,Viking Film
10122,PSO
374205,Fuji Television Network
374205,Funimation Global Group
374205,Toei Animation
374205,Toei Company
374205,Shueisha
374205,Bandai
374205,Bandai Namco Entertainment
623117,Vigo Films
623117,Yumurta Yapım
8348,Malpaso Productions
8348,United Artists
1572017,Quizzical Pictures
351694,Hengdian Chinese Film Production Co.
351694,Beijing Weiying Shidai Technology (WePiao)
351694,October Media
351694,October Animation Studio
351694,S&C Pictures
351694,Shandong Film & TV Group
351694,BIGBIGSUN
351694,MAX DREAM
1675042,Bandai Namco Filmworks
1675042,Bandai Namco Music Live
1675042,Bushiroad
1675042,KADOKAWA
1675042,Sublimation
42067,BS24
42067,Hyperion Pictures
12107,Universal Pictures
12107,Imagine Entertainment
12107,Eddie Murphy Productions
12705,Universal Pictures
12705,Rastar Productions
11543,Motion Picture Corporation of America
11543,Rysher Entertainment
13378,Disney Television Animation
13378,DisneyToon Studios
797,SF Studios
1527163,Thisara Imbulana Films
1527163,Villa19
197158,Dacar Produções Cinematográficas
19256,SUNRISE
19256,Sotsu
438590,Lakeshore Entertainment
438590,Global Road Entertainment
438590,Phantom Four
438590,Stage 6 Films
343213,Sure
330483,Lionsgate
330483,Nicholas Sparks Productions
330483,The Safran Company
330483,Good Universe
330483,POW!
12151,Touchstone Pictures
12151,Silver Screen Partners II
200085,iLoveCinema
200085,iFilm
200085,Sidus
200085,CJ Entertainment
11076,Sandollar Productions
11076,Columbia Pictures
8427,Columbia Pictures
8427,Tall Trees Productions
8427,C2 Pictures
8427,Sheldon Leonard Productions
392216,Disney Television Animation
627290,Lionsgate
627290,QC Entertainment
1510769,Stone Bench Creations
1510769,G Squad (IN)
1534,Dune Entertainment
1534,Phoenix Pictures
1534,Major Studio Partners
1534,20th Century Fox
1049,Regency Enterprises
1049,Alcor Films
1049,Le Studio Canal+
333348,Imagine Entertainment
333348,Groundswell Productions
333348,CBS Films
333348,Handwritten Films
4173,RKO Radio Pictures
4173,Berit Film
1746651,Vortex Media
912,The Mirisch Company
912,Norman Jewison Productions
440918,Automatik Entertainment
440918,Blank Tape
440918,Aperture Media Partners
440918,Head Gear Films
440918,Interscope Films
440918,Metrol Technology
542836,JK Film
542836,CJ Entertainment
919207,Hive Media Corp
86828,Phoenix Pictures
86828,Bill and Ben Productions
530896,Azerbaijanfilm
75317,J-Plan
75317,Özen Film
22787,Dark Castle Entertainment
22787,Warner Bros. Pictures
290864,Heart & Soul Production
290864,Beijing Silver Moon Productions
290864,Emperor Motion Pictures
1089834,"Surreal, películas de la Realidad"
5375,Jessie Nelson Productions
5375,Silver Pictures
5375,David Dobkin Productions
5375,Warner Bros. Pictures
7979,Wonderland Films
7979,Sidney Kimmel Entertainment
7979,Participant
7979,Parkes+MacDonald Production
7979,China Film Co-Production
7979,Beijing Happy Pictures Cultural Communications Co.
7979,Kite Runner Holdings
7979,Ebeling Group
7979,Neal Street Productions
7979,DreamWorks Pictures
7979,Mandate International
1404404,TOHO
1404404,Shin-Ei Animation
1404404,ADK Emotions
1404404,Futabasha
1404404,TV Asahi
1119853,Klarkstyle
887357,Warner Bros. Animation
887357,DC
972614,Brookstreet Pictures
972614,TPC
972614,Sugar23
972614,FilmNation Entertainment
537140,Lipsync Productions
537140,Screen Media Films
537140,Roadside Attractions
537140,Screen Yorkshire
537140,Sampsonic Media
537140,Creative Media Investments
537140,Origin Pictures
537140,Immersiverse
1264805,Covenant Pictures
302429,Lucasfilm Ltd.
302429,Lucasfilm Animation
130925,Pixar Canada
536869,Universal Pictures
536869,Perfect World Pictures
536869,Working Title Films
536869,Amblin Entertainment
536869,Monumental Pictures
536869,The Really Useful Group
1353117,Altit Media Group
1353117,Film Frame Productions
1353117,Unexpected
1353117,YGGDrazil Group
1353117,Diamond Media
1359607,Kyoto Animation
1359607,Pony Canyon
1359607,ABC Animation
1359607,Bandai Namco Music Live
1649591,Covert Films
9726,Fox 2000 Pictures
9726,Scott Free Productions
9726,Ingenious Film Partners
9726,Dune Entertainment
487680,New Line Cinema
487680,Michael De Luca Productions
487680,DC Vertigo
487680,Bron Studios
1290938,MTV Entertainment Studios
375107,Original Force Animation
375107,GFM Animation
375107,Wanda Pictures
908135,ESPN
908135,ESPN Films
908135,E:60
13078,Upload Films
13078,Forensic Films
13078,O.D.D. Entertainment
13078,Rebel Films
498248,M6 Films
498248,Film Afrika
498248,Pandora Film
498248,Galatée Films
498248,Outside Films
498248,StudioCanal
498248,Canal+
498248,Ciné+
498248,M6
498248,W9
528085,Arcadia
528085,KOJO Entertainment
528085,Elevate Production Finance
528085,Futurism Studios
528085,Rocketboy
2405,Turner Pictures
2405,Beta Film
2405,Quinta Communications
2405,Lux Vide
2405,Lube
366924,Warner Bros. Animation
366924,DC
530442,Sunshine Films
530442,Lifetime
741074,Walt Disney Animation Studios
45132,This is that
45132,Ambush Entertainment
45132,Crimson Bolt
45132,IFC Midnight
45132,Cold Iron Pictures
12138,Franchise Pictures
12138,Intertainment AG
12138,Lightstone Pictures
773655,House of Tomorrow
773655,Broke & Bones
773655,Jesse Collins Entertainment
154547,Avion Films
154547,Brasca
154547,Filmpark Productions
9641,20th Century Fox
9641,21 Laps Entertainment
2013,Pathé Renn Productions
2013,France 3 Cinéma
2013,The Kennedy/Marshall Company
961651,Sony Pictures Home Entertainment
21316,Disney Television Animation
301351,Working Title Films
301351,StudioCanal
301351,Anton Capital Entertainment
481879,Align
481879,Digital Ignition Entertainment
481879,Lionsgate
1124928,Leverton Film
37632,777 Films Corporation
37632,Millennium Media
37632,Order Productions
10477,Franchise Pictures
39828,Art Top Movie Productions
39828,Jing's Production Limited
703845,Gaumont
70074,Dark Castle Entertainment
70074,After Dark Films
70074,IM Global
70074,Automatik Entertainment
70074,Silver Reel
70074,EMJAG Productions
70074,Millar Gough Ink
70074,Headshot Films
70074,Reliance Entertainment
57737,Rainmaker Entertainment
57737,Mattel
13980,BONES
2900,New Line Cinema
2900,Mad Chance
845659,Constantin Film
845659,JB Pictures
845659,Spark Productions
19542,The Archers
1902,Sogetel
1902,Las Producciones del Escorpión
1902,Les Films Alain Sarde
1902,Lucky Red
11866,Optional Pictures
11866,Davis Entertainment
11866,Aldrich Group
11866,20th Century Fox
487358,Kino Films
487358,Sony Music Artists
487358,AMUSE
487358,Kinoshita Group
487358,Asmik Ace
487358,VAP
487358,Second Sight
487358,Bridgehead
487358,THEFOOL
13486,Universal Pictures
13486,ApolloMovie Beteiligungs
13486,The Sommers Company
13486,Film Afrika
420426,Cine Bazar
420426,Warner Bros. Japan
420426,TV Tokyo
420426,Shueisha
420426,Pierrot
420426,Universal Music Japan
420426,dentsu
420426,Ken-On
420426,KDDI
420426,Pony Canyon
420426,GYAO
10044,Paragon Films
10044,Orange Sky Golden Harvest
864168,Lionsgate
864168,Point Grey Pictures
864168,Red Mysterious Hippo
1190012,MTV Entertainment Studios
1481609,Fictitious
1481609,Téléfilm Canada
1481609,Metafilms
283587,Participant
283587,Red Crown Productions
283587,Levante Filmes
283587,Mutressa Movies
283587,Primary Productions
283587,Parliament of Owls
9787,Columbia Pictures
9787,Linson Entertainment
9787,Indelible Pictures
9787,Senator International
9787,TriStar Pictures
990691,SF Studios
18725,Win's Entertainment Ltd.
245916,The Combine
245916,Focus Features
245916,Sierra/Affinity
245916,Bluegrass Films
1462229,Shanghai PMF Media
1462229,Maoyan Entertainment
1462229,Damai Entertainment
1462229,Wanda Pictures
1462229,Bona Film Group
1462229,Fun Age Pictures
1462229,Zhejiang Hengdian Film Production
1462229,China Film Group Corporation
1462229,Shanghai Ruyi Film & TV Production 上海儒意影视制作
44935,Five Star Production
17360,Victory Company
17360,New Gold Entertainment
17360,Lorimar Motion Pictures
62029,Intercapital
1533222,Grimmfest Films
1533222,Worldwide Entertainment and Media
1533222,Templeheart Films
1533222,Hosscat Productions
1533222,M2 MediaPost
1533222,Slated
1533222,Uprising Studio
429417,Warp Films
429417,Catalyst Global Media
429417,Screen Yorkshire
14291,Mirage Enterprises
14291,Scott Rudin Productions
14291,Paramount Pictures
5916,Foster-Brower Productions
5916,First Artists
5916,Solar Productions
5916,National General Pictures
5916,Tatiana Films
1753614,Tribeca Studios
1753614,Tyrnauer Media
236399,Lifetime
1610418,DBS Films
449503,March On Productions
449503,Arramis Films
449503,ITN Films
449503,Kill 'Em All Productions
1753495,Fight Punch Productions
1753495,West Egg Pictures
10388,Artisan Entertainment
949581,WildBrain Studios
949581,Charles M. Schulz Creative Associates
1130782,Jackpot FIlms
273895,Plan B Entertainment
273895,Cloud Eight Films
273895,Ingenious Media
273895,Harpo Films
38410,Metro-Goldwyn-Mayer
38410,Brothers Dowdle Productions
38410,Poughkeepsie Films
38410,Orion Pictures
221902,Les Films du Fleuve
221902,Archipel 33>35
221902,BiM Distribuzione
221902,Eyeworks
221902,France 2 Cinéma
221902,RTBF
221902,Belgacom
8285,Lionsgate
8285,Dark Lot Entertainment
8285,Continental Entertainment Group (CEG)
8285,OddLot Entertainment
8285,Media Magik Entertainment
8285,Batfilm Productions
912916,GulfStream Pictures
912916,Wattpad
515724,Sparkhouse Media
515724,Concourse Media
515724,FLB Productions
515724,Rumble Films
515724,Lionsgate
1753088,AVE Film Productions
88794,Imagine Entertainment
88794,Malpaso Productions
88794,Wintergreen Productions
88794,Warner Bros. Pictures
10218,Miramax
10218,Independent Pictures
10218,The Alfred Shay Company Inc.
18771,Metro-Goldwyn-Mayer
31606,Orion Pictures
26963,Cartoon Saloon
26963,Gébéka Films
26963,Les Armateurs
26963,Vivi Film
26963,France 2 Cinéma
26963,Celluloid Dreams
26963,RTÉ
26963,Fís Éireann/Screen Ireland
27465,Ascot Film
27465,Dino de Laurentiis Communications
470888,Tele Talia Films
470888,Cinematográfica Grovas
25983,Glass Eye Pix
25983,MPI Media Group
25983,Constructovision
25983,RingTheJing Entertainment
11037,TriStar Pictures
11037,Delphi Films
11037,Falcon's Flight
16520,20th Century Fox
29077,Columbia Pictures
29077,Colgems Productions Ltd.
29077,Lee International Studios
29077,Tri-Star-Delphi III Productions
9873,Orion Pictures
1245,Columbia Pictures
1245,Mike Nichols Productions
1245,John Calley Productions
1245,Merchant Ivory Productions
41791,Cinecom Pictures
41791,Mirabai Films
41791,Film4 Productions
11377,Dark Castle Entertainment
852448,XYZ Films
852448,Two & Two Pictures
852448,Film4 Productions
852448,New Regency Pictures
995989,Nomade Productions
995989,Les Films d'Ici
995989,CNC
995989,Région Auvergne-Rhône-Alpes
157155,Par 6 Productions
157155,farSight films
13159,Morgan Creek Entertainment
1020696,Bradley Pilz Productions
1020696,Divide / Conquer
1020696,Voltage Pictures
1469164,ESX Entertainment
1469164,Lila Lane Pictures
4515,Wildwood Enterprises
4515,Andell Entertainment
4515,Brat Na Pont Productions
4515,United Artists
411976,Maven Screen Media
869025,Mockingbird Pictures
869025,Esperanto Filmoj
869025,Apple Studios
999582,FilmNation Entertainment
999582,Range Media Partners
999582,Starrpix
1477104,Aardman
1477104,StudioCanal
39412,Trinacra Films
39412,Parafrance Films
1308553,Tips Industries
1308553,Maximilian Films Ltd.
13001,Kawoosh! Productions DTV I
13001,Metro-Goldwyn-Mayer
11654,Metro-Goldwyn-Mayer
11654,The Richard Shepherd Company
1631485,100 Bares
456750,Point Grey Pictures
456750,Scott Rudin Productions
931642,Firebrand
931642,The Exchange
357096,CineTel Films
8952,EuropaCorp
8952,Mad Chance
8952,Roadside Attractions
8952,LD Entertainment
1650556,Parasol Productions
609313,Escola das Artes - Universidade Católica
1171462,CREDEUS
1171462,TOHO
1171462,Shueisha
1171462,WOWOW
1171462,NBCUniversal Entertainment Japan
1171462,Stardust Promotion
1171462,AMUSE
1171462,jeki
1171462,LY Corporation
1171462,Hokkaido Broadcasting
1748379,Late Fall Films
215269,Mafilm
15854,DreamWorks Animation
15854,Reel FX Creative Studios
1477108,Vivamax
987400,Warner Bros. Animation
987400,Ánima Estudios
987400,Chatrone
987400,Particular Crowd
987400,DC
1200320,Film Bridge International
1200320,Filmology Finance
1200320,BondIt Media Capital
1200320,Choice Films
939979,Silver Reel
939979,Grindstone Entertainment Group
939979,ZDF
11252,Universal Pictures
11252,Imagine Entertainment
988,Columbia Pictures
988,IPC Films
277547,Wonderland Sound and Vision
277547,Voltage Pictures
1501523,Douze Doigts Productions
1501523,FullDawa Films
1501523,M6 Films
479226,Zentropa Entertainments
479226,Film i Väst
479226,TV 2
479226,ZDF
479226,TV4
479226,TV 2
479226,TrustNordisk
479226,FilmFyn
479226,nordmedia
479226,Det Danske Filminstitut
479226,Filmförderung Hamburg Schleswig-Holstein
15916,Tokuma Shoten
15916,Studio Deen
492008,Opus Pictures
492008,Kiwi Media Group
492008,The Wave E&m
1737119,Platinum Walk Sdn Bhd
825597,Gracie Films
825597,20th Television
15379,The Cannon Group
15379,Golan-Globus Productions
10852,Win's Movie Production Limited
14830,MLG Productions 4
14830,Lionsgate
14830,Marvel Studios
63492,Regency Enterprises
63492,New Regency Pictures
63492,Contrafilm
63492,20th Century Fox
1426518,Levels Audio
1426518,MakeMake
2752,Miramax
2752,Universal Pictures
2752,Working Title Films
2752,Milo Productions
2752,StudioCanal
1585476,Ozz Films
1585476,Warm Springs Productions
1585476,ABC
1585476,The Refinery
15849,Universal Pictures
869291,Waypoint Entertainment
869291,Fiction Park
869291,100 Zeros
869291,Sierra/Affinity
869291,NEON
9422,Touchstone Pictures
9422,Paramount Pictures
9422,Wildwood Enterprises
9422,Scott Rudin Productions
38921,Warner Bros. Pictures
38921,Nelvana
5651,RM Films International
11372,Associated General Films
11372,ITC Entertainment
3980,New Line Cinema
3980,Smart Egg Pictures
3980,Sho Films
1301994,Vivamax
1754265,ACM Films
428352,JACINTO SANTOS PARRAS P.C.
550353,Nicetop Independent Ltd
653851,Black Label Media
653851,STXfilms
6951,Silver Screen Partners III
6951,Touchstone Pictures
451520,Victor Riverola
5335,Aetos Produzioni Cinematografiche
5335,B.R.C. Produzione Film
585378,A24
585378,Cinereach
585378,Per Capita Productions
667257,Agencia SHA
667257,Alebrije Producciones
667257,Videocine
667257,Estudios Churubusco Azteca
68817,Weston Pictures
68817,Dylan Sellers Productions
68817,Zadan / Meron Productions
782622,Latvijas Kultūras akadēmija
1447392,Vivamax
428449,Sailor Bear
428449,Zero Trans Fat Productions
428449,Ideaman Studios
1103257,Palermo Pro
1103257,Cotal Visuals
6878,Touchwood Pacific Partners 1
6878,Walt Disney Pictures
106021,Informant Europe SPRL
106021,uFilm
106021,Informant Media
106021,Entertainment Motion Pictures
106021,uMedia
106021,uFund
106021,Essential Entertainment
106021,Expatriate Films
106021,Smash Media
106021,Transfilm
106021,National Bank of Canada TV and Motion Picture Group
11227,EuropaCorp
11227,TF1 Films Production
11227,Apipoulaï Prod
11227,Sofica EuropaCorp
10348,Orange Sky Golden Harvest
10348,Paragon Films
33380,Lindberg/Kristensen Film
1586573,Kassiwi Média Inc.
483411,Screen Australia
483411,Stage 6 Films
9073,Alcor Films
9073,Donner/Shuler-Donner Productions
9073,Regency Enterprises
9073,Warner Bros. Pictures
9073,Canal+
9073,Warner Bros. Family Entertainment
67913,Prescience
67913,UK Film Council
67913,Reprisal Films
67913,Aegis Film Fund
67913,Element Pictures
67913,Crescendo Productions
67913,EDS Pictures
67913,Fís Éireann/Screen Ireland
127493,Saturn Films
127493,Nu Image
1710,Regency Enterprises
341012,Apatow Productions
341012,The Lonely Island
960292,Apsara Films
502682,June Pictures
502682,Apartment Story
502682,Endeavor Content
586047,CJ Entertainment
586047,TPS Company
586047,STUDIO101
586047,CJ ENM
189312,Golden Sun
189312,Jet Films
189312,Incine
1435447,K2 Productions
1435447,Picture Box
10836,Castelao Productions
10836,Estudios Picasso
10836,TV3
10836,TVG
10836,Vía Digital
10836,Xunta de Galicia
10836,ICEC
115782,Open Road Films
115782,Dillywood
115782,Five Star Institute
115782,Silver Reel
814340,Picturestart
814340,TeaTime Pictures
814340,Endeavor Content
15413,Cinema Plus
15413,Mercury/Douglas Films
15413,Outlaw Productions
15413,HBO Films
2453,Krisjair
2453,Laredo
2453,MGM-Pathé Communications
2453,Metro-Goldwyn-Mayer
463555,ESAP
14510,Taryn Prov
14510,Empire Pictures
27585,Olympus Pictures
27585,OddLot Entertainment
27585,Blossom Films
2433,Parc Film
2433,Madeleine Films
202960,Bad Hat Harry Productions
202960,Anonymous Content
202960,Tribeca Film
202960,Jumping Jack Films
202960,The Weinstein Company
202960,Entertainment One
24230,Imperial Entertainment
24230,Shah/Jensen
24230,Scanbox
26263,The Cannon Group
26263,Golan-Globus Productions
17455,Dimension Films
17455,Stan Winston Productions
17455,Neo Art & Logic
17455,Castel Film
985602,Indian Paintbrush
985602,Ridlington Road Productions
985602,Finola Dwyer Productions
81672,Produzioni Atlas Consorziate
86255,Xyrus Entertainment
86255,Backstreet Productions
86255,Never Take The 10 Productions
21422,TOHO
21422,Kyokuichi-Tokyo Movie
21422,Shogakukan
21422,Yomiuri Telecasting Corporation
21422,Shogakukan Production
21422,Universal Music Japan
21422,TMS Entertainment
718444,Mannequin Pictures
718444,Electric Shadow Company
718444,Lionsgate
718444,Grindstone Entertainment Group
718444,Hassell Free Productions
16558,Medienproduktion Poseidon Filmgesellschaft
16558,Universal Pictures
16558,Relativity Media
16558,Laura Bickford Productions
4985,Paramount Pictures
187596,Lakeshore Entertainment
187596,Sidney Kimmel Entertainment
187596,FilmDistrict
1391239,Topic Studios
1391239,Fruit Tree
1391239,Rego Park
1262983,Les Enfants Terribles
1262983,Digital District
1262983,Pulsar Content
21057,Studio Ghibli
21057,Tokuma Shoten
21057,Nippon Television Network Corporation
661231,See-Saw Films
661231,Cohen Media Group
661231,A Film Location Company
661231,Archery Pictures
661231,FilmNation Entertainment
661231,Palma Pictures
661231,Cross City Films
661231,Haversack Films Limited
1290424,Agat Films & Cie / Ex Nihilo
1290424,France 3 Cinéma
1290424,Le Pacte
1290424,Zentropa Entertainments
10155,Canal+ Droits Audiovisuels
10155,Illusion Entertainment Group
10155,Phoenix Pictures
10155,Clyde Is Hungry Films
339,JVC
339,Locus Solus Entertainment
339,"Victor Musical Industries, Inc."
339,Pyramide Productions
339,Le Studio Canal+
339,Pandora Film
339,Film4 Productions
10838,ApolloProMedia GmbH & Co. 1. Filmproduktion KG (I)
10838,Fiction Film & Television
10838,Film Afrika
13350,Hanna-Barbera Cartoons
13350,Worldvision Enterprises
13350,Turner Broadcasting System
11817,Lakeshore Entertainment
11817,Lion Rock Productions
11817,Image Comics
11817,Metro-Goldwyn-Mayer
11817,Mosaic
11817,Flypaper Press
11817,Cub Five Productions
272108,Koganei Editorial Office
272108,Pink Pineapple
1312150,Derek Productions
1574042,The Asylum
1574042,"The Global Asylum, LLC."
1574042,Eagle Entertainment
1574042,Atomic Blonde Entertainment
15003,Bam-Ram-Ewe
15003,Sahamongkolfilm
18905,The Turman-Foster Company
18905,Estudios Churubusco Azteca
18905,United Artists
465086,Ghost House Pictures
465086,Good Universe
465086,Stage 6 Films
465086,Screen Gems
9568,Trimark Pictures
9568,Image Organization
1225572,Sleight of Hand Productions
1225572,Fuzz on the Lens Productions
1225572,Deskpop Entertainment
1225572,Kali Pictures
1225572,Reckless Content
860159,Animal Pictures
860159,American High
860159,Depth of Field
860159,LD Entertainment
860159,3 Arts Entertainment
604872,Base Media
604872,Meridian Entertainment
604872,Gosdom Entertainment
604872,Production Capital
397722,June Pictures
397722,B Story
397722,Big Indie Pictures
1443762,Cattleya
916728,Bluestone Entertainment
916728,Filmsquad
916728,Széchenyi Funds
916728,WME Independent
1032372,Featuristic Films
1032372,Trilight Entertainment
581032,Playtone
581032,Pretty Pictures
581032,Universal Pictures
581032,Perfect World Pictures
29912,20th Century Fox
675025,Azmun Films
1728056,Mindhouse Productions
49948,Walt Disney Pictures
49948,Walt Disney Feature Animation
36576,Titan Productions
36576,United Artists
36576,Metro-Goldwyn-Mayer
36576,Blake Edwards Entertainment
500561,Klipp og lim
1748218,CTY Productions
11361,Magnum Pictures Inc.
11361,Trancas International Films
11361,Galaxy International Releasing
149509,Mandalay Pictures
149509,Red Granite Pictures
727333,Entertainment One
727333,Junkyard Dog Productions
727333,RadicalMedia
630699,Agridoce Filmes
11524,Mann/Caan Productions
11524,United Artists
10956,Columbia Pictures
10956,Happy Madison Productions
10956,RSC Media
3172,Epsilon Motion Pictures
3172,Lotus Pictures
3172,Cheyenne Enterprises
3172,Metro-Goldwyn-Mayer
3172,Hyde Park Entertainment
3172,Empire Pictures
3172,Spring Creek Pictures
3172,Baltimore Pictures
11293,The Directors Company
11293,Saticoy Productions
11293,Paramount Pictures
27526,Miramax
1748007,Dalian Jingyuan Culture Film and Television Media
14207,Electric Entertainment
14207,ApolloProScreen Filmproduktion
14207,Turner Network Television
13398,Madhouse
13398,Sony Pictures
13398,dentsu
13398,GENCO
809297,Nikkatsu Corporation
809297,Nippon Top Art
26953,Full Moon Entertainment
75233,Motlys
75233,Don't Look Now
588921,Tunche Films
307752,EVR Films
27902,Media 8 Entertainment
27902,Santo Domingo Film & Music Video
27902,Bacon & Eggs
27902,International Entertainment Corp.
76589,Warner Bros. Animation
76589,Warner Premiere
76589,DC
10743,Ignite Entertainment
10743,Lionsgate
10743,Cinerenta
151024,Imp.Ex.Ci.
151024,Devon Film
151024,Medusa Distribuzione
151024,Les Films Jacques Leitienne
171424,Sobras International Pictures
171424,Worldview Entertainment
171424,Dragonfly Entertainment
171424,BH Tilt
9622,Motion Picture Corporation of America
9622,TriStar Pictures
10622,Orange Sky Golden Harvest
10622,New Line Cinema
460321,Jewson Film
460321,Whitaker Media
460321,Piccadilly Pictures
460321,WestEnd Films
280019,Opus Pictures
575813,Shooting Pictures
575813,China Wit Media
575813,Tianijn Xiron Entertainment
575813,We Pictures
575813,Haojiahuo Pictures
575813,He Nan Dian Ying Dian Shi Zhi Zuo Ji Tuan
575813,Fat Kids Production
575813,Dadi Film Group
575813,Alibaba Pictures Group
575813,Lian Ray Pictures
575813,Henan Film & TV Production Group
575813,China Film Co-Production
1754221,Slovenská televízia Košice
638597,Entertainment 360
638597,Grey Matter Productions
14035,Canadian Film Development Corporation
14035,Famous Players
14035,Haliburton Films
101731,Castle Rock Entertainment
101731,Revelations Entertainment
101731,Summer Magic
101731,Firebrand Productions
101731,Voltage Pictures
585244,Kevin Downes Productions
585244,Lionsgate
585244,Kingdom Story Company
800497,Vanishing Angle
800497,Ubisoft Film & Television
41961,Gorky Film Studios
406436,Puerto Rico Films
1141182,Minds Eye Entertainment
111485,Alan Sacks Productions
111485,Walt Disney Television
514593,Blumhouse Productions
514593,Universal Pictures
157834,Zanuck Independent
157834,MediaPro Pictures
157834,Zephyr Films
157834,Picture Perfect Corporation
157834,Voltage Pictures
157834,Asia & Europe Productions
47423,Golden Princess Film Productions
47423,John Woo Film Production
47423,Milestone Pictures
11549,Allied Artists Pictures
11549,Walter Wanger Productions
11546,Warner Bros. Pictures
11546,Studio Trite
524348,Margin of Error
524348,Vice Studios
524348,Topic Studios
524348,Unbranded Pictures
26171,Miramax
26171,Hollywood Gang Productions
26171,Radar Pictures
1854,Studio-Film
388284,Magnifico Entertainment
34320,FIDECINE
34320,Instituto Mexicano de Cinematografía
34320,Les Films Molière
142093,KiHweck ShiDae
142093,Showbox
1032185,Doppel Producciones
570480,3QU Media
570480,Cinesite Animation
570480,Storyoscopic Films
570480,Vanguard Animation
570480,WV Enterprises
698067,Santa Cine
698067,Vive
1024604,Walt Disney Animation Studios
10885,Regency Enterprises
10885,New Regency Pictures
10885,Vertigo Entertainment
10885,Ozla Pictures
460846,Nu Boyana Film Studios
460846,Nu Image
460846,Millennium Media
760883,Rat Pack Filmproduktion
760883,Sirena Film
11531,Haxan Films
11531,Artisan Entertainment
10152,New Line Cinema
1244517,The Exchange
1244517,Cake or Death Pictures
1244517,Astro Lion Pictures
1244517,Gramercy Park Media
1244517,Hollywood Media Productions
1244517,Minnow Productions
1244517,Votiv Films
1119779,Westga News
1119779,C.D.O
267192,Pinewood Pictures
267192,Desert Wolf Productions
267192,Michael Grandage Company
267192,Riverstone Pictures
267192,Summit Entertainment
152599,Worldview Entertainment
152599,Keep Your Head Productions
152599,Kingsgate Films
152599,Wild Bunch
824392,1121 Productions
3179,Paramount Pictures
3179,Geffen Pictures
3179,MTV Films
293768,Ingenious Media
293768,di Bonaventura Pictures
293768,Gold Star Films
293768,Lotus Entertainment
293768,606 Films
293768,Well Go USA Entertainment
293768,Rumble Entertainment
13250,Icon Productions
13250,Irish Dreamtime
13250,Infinity Features
13250,Butterfly Productions
13250,Chum Television
339121,Leningrado Films
401905,HBO Films
401905,Noruz Films
401905,Outlier Society
21733,Paragon Films
21733,Orange Sky Golden Harvest
19918,Oceana Media Finance
19918,Barbarian Films
19918,Katalyst Films
19918,Voltage Pictures
750253,Une Hirondelle Productions
750253,Wild Bunch Germany
750253,Sixteen Films
750253,MadRiver Pictures
25137,Aramid Entertainment
25137,Autonomous Films
25137,Foresight Unlimited
25137,Government of Saudi Arabia
25137,Signature Entertainment
25137,RKO Pictures
347984,XYZ Films
347984,New Zealand Film Commission
347984,Ingenious Media
347984,GFC Films
347984,Lipsync Productions
347984,Fightertown
347984,Imagezone
347984,Dog with a Dog Productions
9090,Amblin Entertainment
9090,Universal Pictures
829166,Kreativni sindikat
12535,Crossbow Productions
12535,20th Century Fox
343674,Intrepid Pictures
2577,BBC Film
2577,Kailash Picture Company
2577,Revolution Films
2577,UK Film Council
2577,United Artists
30061,Warner Premiere
30061,Warner Bros. Animation
30061,DC
829799,308 Enterprises
829799,Arcana Studio
829799,BondIt Media Capital
829799,Buffalo 8 Productions
829799,Grandave Capital
829799,Yale Productions
829799,Saban Films
829799,The Exchange
829799,LB Entertainment
1407861,Cowboy Cosmonaut Films
1407861,Big Safari
1407861,Creativity Capital
1407861,Tea Shop Productions
294016,Shivhans Pictures
294016,Groundswell Productions
294016,Inimitable Pictures
212162,SHAFT
82505,A Bigger Boat
82505,FilmNation Entertainment
82505,Relativity Media
1276073,Netflix
1276073,EPISCOPE
20694,Nickelodeon Movies
20694,Klasky-Csupo
20694,Paramount Pictures
16608,UK Film Council
16608,Surefire Film Productions
16608,Autonomous
16608,Pictures in Paradise
16608,Jackie O Productions
16608,Pacific Film and Television Commission
16608,The Film Consortium
16608,National Lottery
741228,AGC Studios
741228,Storyteller Productions
741228,Hypnotic
741228,Nebulastar
1624564,Tangerine Films
1624564,Skop Productions Sdn. Bhd.
1001865,Timeless Films
1001865,Axis Studios
515042,National Geographic Documentary Films
515042,Little Monster Films
515042,Itinerant Media
515042,Parkes+MacDonald Image Nation
515042,National Geographic
20677,TOHO
20677,Kyokuichi-Tokyo Movie
594342,Vasto Mundo
594342,Un Puma
1748841,Brainstorm Media
1748841,Dark Atlantic
1748841,Dark Tower Films
1748841,Dakoit Pictures
1244416,Ecib
1188258,Jumpboys Films
1188258,BABEL LABEL
1188258,L'espace Vision
1188258,CyberAgent
1188258,QC Media
1188258,Bossdom Digiinnovation
1188258,PiLi International Multimedia
1188258,Cygames
1188258,Happinet Phantom Studios
1188258,KDDI
1188258,Kansai Television
1188258,jeki
2148,Totally Independent
2148,PSO
2148,American Zoetrope
2148,Robert Evans Productions
10618,Orange Sky Golden Harvest
10618,Film Workshop
10618,Paragon Films
829051,Lionsgate
829051,Depth of Field
829051,Media Capital Technologies
762770,INA
342878,La Petite Reine
10035,Dream Entertainment
10035,Michael/Finney Productions
10035,Lionsgate
77185,Central Partnership
77185,Art Pictures Studio
827931,ACE Entertainment
514921,Amazon Studios
514921,Mandeville Films
514921,FilmNation Entertainment
514921,Popcorn Storm
514921,One Shoe Films
983,Persky-Bright Productions
983,Devon/Persky-Bright
983,Columbia Pictures
407962,XCL-TV
12761,Suede Film
12761,Personafilm
12761,ITC Entertainment
122705,INCAA
713301,Ethnofund Film Company
713301,Baltic Film Production
713301,Illume
713301,Ten Thousand Images
713301,Norsk Filminstitutt
713301,Viken Filmsenter
713301,Koneen Säätiö
713301,Fritt Ord
713301,Estonian Film Institute
1541932,ZED
1541932,ARTE
1541932,FODACIM
436343,Inforg-M&M Film
13435,Mundy Lane Entertainment
13435,Fox Searchlight Pictures
13435,20th Century Fox
7514,International Films
407448,Annapurna Pictures
407448,Page 1
407448,Harpers Ferry
1611977,The Asylum
814757,Searchlight Pictures
814757,Neal Street Productions
814757,TSG Entertainment
76544,Universal Pictures
76544,Dalian Wanda Group
76544,Company Films
76544,Village Roadshow Pictures Asia
76544,China Film Group Corporation
264656,The Javelina Film Company
264656,EuropaCorp
264656,Ithaca Pictures
489430,Machaco Films
489430,INCAA
489430,Cine Argentino
489430,Blood Window
9271,Paramount Pictures
287,The Mount Company
287,Orion Pictures
33196,Polygon Entertainment
33196,CJ Entertainment
33196,JK Film
94365,Six Entertainment
94365,Six Entertainment Company
94365,IFC Midnight
668640,The Mediapro Studio
8270,Spyglass Entertainment
8270,Miramax
1226299,Vivamax
278774,Off-Leash Teleproductions
278774,Muse Entertainment
278774,MarVista Entertainment
3089,Monterey Productions
3089,Charles K. Feldman Group
591275,Chernin Entertainment
1600028,The 42 Film
1600028,Secuoya Studios
1600028,Rock & Ruz
1600028,Black Sheep Productions
340357,StudioCanal
340357,Je suis bien content
340357,Kaïbou
340357,Need Productions
340357,ARTE France Cinéma
340357,Jouror Distribution
340357,RTBF
340357,Proximus
340357,Tchack
2269,Bazelevs
2269,Tabbak
2269,Channel One
10163,Allied Vision
1619,Artisan Entertainment
1619,Aqaba Productions
8592,Touchstone Pictures
8592,Mulholland Productions
8592,Silver Screen Partners IV
1418709,Chi-Fou-Mi Productions
1418709,C-Kwa 7 Prod
1179684,2CFilm
1530349,AF Films
10135,United Artists
10135,Star Partners II
10135,Silver Pictures
196254,Mattel
196254,Rainmaker Entertainment
1363879,Unsolicited Pictures
1363879,Rolling Pictures
222936,Vinyl Films
222936,Scott Rudin Productions
11708,United Artists
11708,Dramatic Features
11708,Warfield
271116,Chang-Hong Channel Film & Video Co.
43209,Lyara Films
43209,Sahamongkolfilm
429469,Unisinos
283984,ufotable
283984,Aniplex
283984,Tokyo TV Center
283984,TYPE-MOON
283984,KADOKAWA
13572,Harlequin Pictures
13572,Paramount Pictures
13572,Intertainment AG
13572,Kopelson Entertainment
13572,Blackout Productions
13572,Summit Entertainment
10242,The Associates & Aldrich Company
411840,Sony Pictures Animation
411840,WWE Studios
411840,Rainmaker Entertainment
550231,Savvy Media Holdings
550231,Covert Media
550231,Roadside Attractions
550231,Illumination Productions
550231,Robert Cort Productions
550231,Shine Box Media Group
550231,Tri G
728142,Picomedia
728142,RAI Cinema
728142,Northern Ireland Screen
728142,Redwave Films
728142,CNC
728142,Digital Cube
728142,Eurimages
728142,Romanian National Center for Cinematography
728142,Avanpost
18674,Eastern Productions
18674,Orange Sky Golden Harvest
10606,New Pictures Group
10606,New World Pictures
10606,Cinema Group Ventures
397539,Urania-Film
408542,Cinema One Originals
408542,Sine Olivia Pilipinas
850,Metro-Goldwyn-Mayer
1529419,ITV America
1529419,TheYearOfElan Productions
9777,Miramax
9777,Endgame Entertainment
9777,Hart-Sharp Entertainment
343749,Conacine
430682,Salty Film
1549709,Five Star Production
1426297,Dystopia Films
1426297,Black Mandala
16082,Columbia Pictures
16082,New Visions
1536433,Martini Shot Films
1536433,Colectivo Colmena
1536433,Potenza Producciones
1536433,Promenades Films
1536433,Instituto Mexicano de Cinematografía
1536433,Eficine
1536433,Montgó Films
1536433,CTT Exp & Rentals
107811,Mandeville Films
107811,Relativity Media
107811,SkyLand Entertainment
107811,Virgin Produced
14092,Production I.G
14092,Manga Entertainment
10551,TriStar Pictures
10551,Gordon Company
10551,Regency International Pictures
10551,The A. Milchan Investment Group
70057,Dingsheng Cultural Industry Investment
70057,JSBC Eudemonia Blue Ocean TV & Movie Group
70057,We Pictures
70057,Yunnan Film Group
813726,Head First Productions
813726,Muse Entertainment
813726,Ben's Sister Productions
813726,Radius Squared Media Group
813726,Cook and Muse Entertainment
557564,Idip Films
1410,Jack H. Harris Enterprises
1410,University of Southern California
759902,MarVista Entertainment
759902,Particular Crowd
759902,Julijette
339404,Creative Wealth Media Finance
339404,Unified Pictures
339404,Bron Studios
339404,Universal Pictures
1658214,Vivamax
1658214,Mabolo Drive Pictures
9666,Oz Company
9666,Aozora Investments
9666,Pioneer LDC
9666,Nikkatsu Corporation
9666,Xanadeux Company
9666,KADOKAWA Shoten
9666,Tokyo Theatres Company
16083,Yari Film Group
16083,Furst Films
1235746,Stampede Ventures
1235746,Augenschein Filmproduktion
1235746,ZDF
1235746,Leonine Studios
1235746,uMedia
1235746,Swift Productions
1235746,North.Five.Six.
21452,TOHO
21452,Kyokuichi-Tokyo Movie
21452,Shogakukan
21452,Shogakukan Production
21452,Yomiuri Telecasting Corporation
21452,Universal Music Japan
293646,Phoenix Pictures
823766,Element Pictures
823766,House Productions
823766,Fís Éireann/Screen Ireland
10349,George A. Romero Productions
10349,Orion Pictures
11123,Universal Pictures
11123,The Filmakers Group
378111,Walking The Dog
378111,Den Siste Skilling
378111,Knudsen & Streuber Medienmanufaktur
378111,Ulysses Filmproduktion
378111,Melusine Productions
216471,Daiei Film
13465,Walt Disney Productions
853269,Xacaranda Films
259072,Constantin Film
259072,Regency Enterprises
259072,Summit Entertainment
35690,Touchstone Pictures
35690,HopeTown Entertainment
659940,Nordisk Film Denmark
659940,Nadcon Film
659940,ZDF
659940,Det Danske Filminstitut
659940,Nordisk Film & TV Fond
659940,Yousee
659940,TV 2
659940,Státní fond ČR pro podporu a rozvoj české kinematografie
659940,TrustNordisk
107827,Shaw Brothers
672647,Weed Road Pictures
672647,FilmNation Entertainment
672647,Wishmore
2742,Recorded Picture Company
2742,Naked Lunch Productions
9585,Ufland
9585,MGM-Pathé Communications
9585,Metro-Goldwyn-Mayer
2212,Dimension Films
2212,Miramax
4688,Revolution Studios
4688,Team Todd
4688,Gross Entertainment
4688,Sound Films
426814,Hollywood Gang Productions
426814,Orion Pictures
598553,Massa d'Or Produccions
26612,Agamemnon Films
26612,British Lion Films
8197,Warner Bros. Pictures
8197,Malpaso Productions
8197,Silver Pictures
11034,Paramount Pictures
203696,Warner Bros. Animation
323676,Universal Pictures
323676,On the Day
323676,Gary Sanchez Productions
736073,Warner Bros. Animation
736073,DC
666154,Tunche Films
666154,B-Water Animation Studios
471676,Producciones Eco Films
401371,Studio Babelsberg
401371,Liberty Films
433738,Uzman Film
41472,Femme Fatale Pictures
41472,Toei Video Company
14756,Mandarin Films
14756,Beijing ShengShi HuaRei Film Investment & Management Co.
14756,China Film Co-Production
14756,New Film Studio of Beijing Starlight International Media Co. Ltd.
14756,Prosperity Pictures
14756,Shanghai Film Group
14756,Time Antaeus Media Group
14756,Golden Harvest Productions
8851,Tonylyn Productions Inc.
8851,Valley Forge Films
8851,Fairview Productions
27769,Dino de Laurentiis Communications
848123,Asbury Park Pictures
848123,Story Bridge Films
10951,Orange Sky Golden Harvest
1458215,Convergence Entertainment
1458215,Prime Video India
1585657,Bazelevs
1585657,Red Pepper Film
1585657,NMG Studio
1236419,i am OTHER
1236419,Tremolo Productions
1236419,Pure Imagination Studios
1236419,Tongal
1236419,The LEGO Group
338155,Films Molière
338155,Pierre Films
338155,Challenge Productions
290764,Cowtown Cinema Ventures
290764,Temple Hill Entertainment
1623376,TOHO
17443,Columbia Pictures
1373198,Envision Media Arts
1373198,Twisted Pictures
778855,Dark Horse Entertainment
778855,Octopolis
778855,nWave Pictures
778855,Canal+
778855,Ciné+
524216,Trapdoor Pictures
524216,Mountain Path Entertainment
524216,AMP
1146344,Storyoscopic Films
1146344,Patriot Pictures
1146344,Abbott Street Films
363992,Tribeca Productions
363992,HBO Films
9021,Walt Disney Pictures
9021,Outlaw Productions
9021,Boxing Cat Films
1530875,T-Street
1530875,MRC
1847,United Artists
1847,Lion's Gate Films
523781,LD Entertainment
531,Aardman
531,BBC Bristol Productions
531,BBC Lionheart Television
531,Wallace and Gromit
531,BBC Children's Productions
1383750,Carnaby International
1383750,Haymarket Films
10164,Orion Pictures
10164,Donaldson Productions
10164,Roven-Cavallo Entertainment
216527,20th Century Studios
216527,Lightstorm Entertainment
16633,Universal Pictures
16633,Rastar Productions
16633,Stephen Deutsch Productions
39850,Block 2 Pictures
39850,Solaris Film
39850,Delux Productions
39850,Roissy Films
39850,Fandango
39850,Cité Films
39850,Jet Tone Production
12516,Warner Bros. Pictures
12516,Amblin Entertainment
12516,Kurosawa Production
12516,Akira Kurosawa USA
596,20th Century Fox
95661,United International Pictures
16225,Helkon Media
16225,Das Werk Productions
16225,CinéGroupe
34803,Parabolic Pictures
34803,Wonderful Films
34803,Stable Way Entertainment
34803,Sidney Kimmel Entertainment
830764,Paramount Players
830764,di Bonaventura Pictures
1712326,Indie Black Magic
7289,Variety Film Production
7289,Filmirage
900379,Schramm Film
900379,ZDF
900379,ARTE
1164355,MNC Pictures
1164355,Tiger Wong Entertainment
1164355,Prime Eagle Studios (ID)
458344,Bona Fide Productions
458344,Apatow Productions
458344,Los Angeles Media Fund
1754204,Československá televízia Bratislava
12593,Steve Krantz Productions
12593,Aurica Finance Company
12593,Fritz Productions
13767,Walt Disney Pictures
13767,Boxing Cat Films
13767,Outlaw Productions
13767,Santa Frost Productions
188813,"Cameron Entertainment Co., Ltd."
716612,FilmNation Entertainment
716612,Komplizen Film
716612,Shoebox Films
716612,Fabula
716612,Fabula
1013601,Winkler Films
1013601,Domain Entertainment
336004,Silver Plane Films
336004,EFO Films
336004,Mass Hysteria Entertainment
336004,Tri Vision Pictures
336004,Hannibal Classics
64,El Deseo
485767,Bondooloi Film
485767,Orange Entertainment (MN)
485767,Rec Records
318781,Majestic Film
318781,Rat Pack Filmproduktion
318781,Iris Productions
318781,Fred Films
318781,Rezo Productions
660000,Curiosa Films
660000,France 3 Cinéma
660000,Pictanovo
660000,uMedia
660000,Gaumont
660000,Gabriel Inc.
1324402,AWMI Pictures
1324402,Mount Montana
938150,Highland Film Group
938150,Star Thrower Entertainment
1931,Screen Gems
1931,Rainforest Entertainment
452,Zentropa Entertainments
452,DR TV
452,La Sept Cinéma
452,Liberator Productions
452,VPRO
452,Argus Film Produktie
452,ZDF/Arte
974808,Eclipse Studios
141123,Productores Argentinos Asociados
12763,New Line Cinema
12763,Tiara Blu Films
1047020,Random Lane Productions
1047020,Local Boogeyman Productions
1047020,Carte Blanche
1433330,Broadway Video
1433330,SNL Studios
1433330,NBC
1433842,Amazon MGM Studios
1433842,Franklin Entertainment
204,Compagnie Industrielle et Commerciale Cinématographique
204,Véra Films
204,Fono Roma
204,Filmsonor
9009,Post No Bills Films
9009,Vertigo Entertainment
9009,Touchstone Pictures
9009,Pandemonium
91010,Playtone
91010,HBO Films
91010,Everyman Pictures
1037858,L'Atelier Animation
1338799,MAPPA
1338799,Shueisha
1338799,MBS
1338799,TOHO
1338799,Sumzap
11566,Donner/Shuler-Donner Productions
11566,Northern Lights Entertainment
11566,Warner Bros. Pictures
1742084,Camelot Studios
16620,New Visions Pictures
16620,Columbia Pictures
531499,Cross Creek Pictures
531499,Cedar Park Entertainment
531499,Faster Horse Pictures
531499,Kodiak Pictures
347541,ONF | NFB
455411,Warner Bros. Animation
11157,Orion Pictures
505225,Elevated Films
505225,Little Red Hen
505225,The Fyzz
337676,Quat'sous Films
337676,Good Films
337676,France 2 Cinéma
337676,Bianca Film
337676,Nuvola Film
337676,Pathé
35044,Full Body Productions Inc.
35044,Showtime Networks
435615,Ingenious Media
435615,Rhombus Media
435615,Rook Films
435615,Téléfilm Canada
435615,Arclight Films
435615,Ontario Creates
435615,Particular Crowd
435615,Crave
990,Rossen Films
990,20th Century Fox
11867,PolyGram Filmed Entertainment
11867,Propaganda Films
11867,Dark Horse Entertainment
662708,TOHO
662708,Pikachu Project
662708,OLM
662708,The Pokémon Company
662708,Shogakukan
662708,TV Tokyo
662708,TakaraTomy
662708,jeki
662708,Shogakukan-Shueisha Productions
455383,Toivola-filmi
1748666,RFC Productions
36592,Altamira Pictures
36592,dentsu
36592,Fuji Television Network
36592,TOHO
1013860,Universal 1440 Entertainment
1013860,Dark Horse Entertainment
1753227,Grim Ferryman Films
476,Avenue Pictures
435901,Studio 2-B-2 Entertainment
435901,Lenfilm
435901,Cinema Foundation of Russia
435901,Ministry of Culture of the Russian Federation
1465685,La Canica Films
10658,Lucasfilm Ltd.
10658,Universal Pictures
2469,El Deseo
16643,Regency Enterprises
16643,Davis Entertainment
16643,New Regency Pictures
16643,Epsilon Motion Pictures
651114,Sow the Seeds Productions
1403003,CBS Studios
1403003,Fulwell 73 Productions
956491,Eye Slice Pictures
930600,Tucker Tooley Entertainment
930600,Turn Left Productions
930600,Lee Daniels Entertainment
800510,New Line Cinema
800510,HBO Max
13944,TriStar Pictures
13944,Mandate Pictures
13944,Persistent Entertainment
13944,Intuition Films
633168,Kobalt Productions
11344,Bom Film Productions
11344,CJ Entertainment
1263421,TMS Entertainment
450460,Les Films Pelléas
450460,Opéra National de Paris
795811,Neopa
795811,Fictive
16198,Studio Ghibli
16198,Nippon Television Network Corporation
16198,Tokuma Shoten
16198,Hakuhodo
16198,Buena Vista Home Entertainment
1299652,Warner Bros. Animation
1299652,Paramount Pictures
1299652,DC
511785,Mighty Engine
511785,STXfilms
511785,Red Hour
39206,TMS Entertainment
39206,TOHO
600323,Daiei Film
28764,TOHO
28764,TMS Entertainment
1533029,Viva Films
1533029,Cornerstone Studios
842544,Deeper Water Films
842544,Madman Entertainment
842544,Altitude Media
842544,Ingenious Media
842544,Stan
842544,Altitude Media Group
842544,Buff Dubs
403346,khara
2071,Palace Pictures
2071,Davis Entertainment
2071,Capella International
2071,MGM-Pathé Communications
2071,Metro-Goldwyn-Mayer
302349,Potemkino
302349,Iron Sky Universe
302349,27 Films Production
195590,Silver Pictures
195590,42
195590,Automatik Entertainment
195590,DMG Entertainment
195590,hands-on producers
523773,First Take Entertainment
523773,Téléfilm Canada
523773,Entertainment One
523773,Grindstone Entertainment Group
523773,Lionsgate
136234,Fenixfilm
2084,HAL Films
2084,Film4 Productions
883954,Wild West Picture Show Productions
883954,Hercules Film Fund
883954,Rhea Films
883954,Slow Burn
247,United Artists
247,Harris-Kubrick Productions
676547,Lionsgate
676547,Gold Circle Films
676547,Confluence Productions
615658,Entertainment One
615658,Paul Schiff Productions
13851,DC
13851,BeeTrain
13851,Warner Bros. Animation
13851,Madhouse
13851,Production I.G
13851,STUDIO4℃
13851,Warner Bros. Japan
1507573,National Theatre of Scotland
1507573,National Theatre
1507573,Playful Productions
1507573,Neal Street Productions
20334,Metro-Goldwyn-Mayer
77987,Wild Bunch
77987,Gaumont
77987,Space Rocket Nation
77987,Motel Movies
77987,Bold Films
77987,Film i Väst
77987,DR
77987,Nordisk Film
517691,Moscow School of New Cinema
58633,Kazak Productions
58633,France•3
207508,Avco Film
207508,Afiba Film
701219,Clúster Audiovisual Aguascalientes México (CAAMX)
506072,Depth of Field
506072,Bron Studios
506072,Ground Control Entertainment
506072,Shep Films
506072,Breaker
506072,Film4 Productions
506072,DUST
15657,DisneyToon Studios
298026,Helios Productions
298026,Mythmaker Productions
14576,Judgement Pictures
14576,Cobalt Media Group
14576,Hammond Entertainment
14576,RKO Pictures
11853,"Ruddy Morgan Organization, The"
11853,20th Century Fox
67883,Aetos Produzioni Cinematografiche
1264397,MVP Pictures
1627045,Filmantiq
500852,Columbia Pictures
500852,Canana
500852,Misher Films
12554,HBO
12554,Asylum Films
12554,Citadel Entertainment
1494809,Lost Horizon Films
1494809,Conjuring Productions
366668,Morgen Studios
366668,DMG Entertainment
366668,Little Dragon Pictures
366668,2.9 Film Holding
366668,Moritz Borman Productions
366668,ON Animation Studios
334521,Rook Films
334521,Protagonist Pictures
334521,Film4 Productions
29039,Rover Film
29039,New World Pictures
29039,San Jacinto Productions
29039,Dany Film
724406,Jem Productions
486947,Nordisk Film Denmark
1596248,Spark Features
1596248,Further Adventures
1596248,Merino Films
1596248,Cedar Road
1596248,LinLay Productions
821881,Working Title Films
1922,Pallas Film
1922,Samsa Film
1922,Ipso Facto Productions
1922,RTBF
1922,Entre Chien et Loup
1922,Liaison Cinématographique
1922,Ateliers de Baere
1922,Future Films
1922,Canal+
1922,Centre du Cinéma et de l'Audiovisuel de la FWB
1922,Eurimages
1922,Filmförderungsanstalt (FFA)
1922,Film Fund Luxembourg
1922,Région Wallone
1922,The Centre du Cinema et de l'Audiovisuel de la Communauté Française de Belgique
1922,Wallimage
1922,i2i Media Programme
663260,24 25 Films
663260,WY Productions
927107,Eclectic Pictures
927107,Millennium Media
15775,Tapestry Films
15775,Intermedia Films
15775,Love Spell Entertainment
15775,Box Film
15775,Bondesen-Graup
15775,If Only Production Services Ltd.
15775,Outlaw Productions
58395,Pennebaker Associates Inc.
58395,The Douglas Corporation
1234054,ISF Film
1234054,TRT
1003733,长春电影制片厂
39464,TOHO
39464,Toho Eizo Bijutsu
39464,Tokyo Laboratory
92694,Galmex Films
92694,Grupo Galindo
92694,Televicine
23706,Dune Entertainment III
23706,Fortis Films
23706,Radar Pictures
23706,20th Century Fox
23706,Fox 2000 Pictures
22897,Waverly Films
22897,Scott Rudin Productions
336009,Producciones Cinematográficas S.A.
65496,Les Films du Kiosque
17663,Sullivan Entertainment
11085,Arcola Pictures
11085,Metro-Goldwyn-Mayer
1239447,Daeil Film
1039690,Grindstone Entertainment Group
1039690,Capstone Pictures
1039690,Elevated Films
1039690,Hopeful Romantix Productions
18248,Franchise Pictures
18248,Foreign Productions
18248,TriStar Pictures
10635,TriStar Pictures
10635,Motion Picture Corporation of America
9694,KADOKAWA
9694,TOHO
9694,3L Filmverleih
45454,Orange Sky Golden Harvest
45454,Johnny Mak Production
15071,April Productions
15071,Chaintron
15071,RMA Productions
15071,Destination Films
15071,Sony Pictures Home Entertainment
19576,Toei Animation
74513,Sofica Manon
74513,Easy Company
74513,StudioCanal
74513,TPS Star
74513,A Plus Image 2
74513,Canal+
21453,Madhouse
21453,Japan Home Video
718400,Ingenious Media
718400,The Exchange
718400,SSS Entertainment
234200,Calamity Films
234200,BBC Film
234200,Proud Films
234200,BFI
234200,Pathé
1217602,Highland Film Group
1217602,Short Porch Pictures
1217602,Buffalo 8
1217602,Mannequin Pictures
1100848,Takeshobo
1100848,Cinepop
198672,Laterna Film
1595481,Minnow Films
1235761,Cairo Cowboy
1235761,A24
1235761,American Light & Fixture
397560,Pablo Castrillo Film
39101,Toei Animation
547341,Xưởng Phim Thiếu Nhi
857800,Big Beach
857800,Paradise Pictures
42814,The Caddo Company
42814,United Artists
1235304,Ce qui me meut motion pictures
1235304,France 2 Cinéma
1235304,La Compagnie Cinématographique
1235304,Panache Productions
1235304,StudioCanal
802217,Star Thrower Entertainment
802217,New Line Cinema
401246,Plattform Produktion
401246,ARTE France Cinéma
401246,Coproduction Office
401246,Essential Filmproduktion
401246,Imperative Entertainment
401246,SVT
401246,Film i Väst
401246,Société Parisienne de Production
401246,ZDF
401246,ZDF/Arte
401246,Alamode Film
10714,Sharad Patel
10714,Edward S. Feldman Productions
357469,Yan Arte e Comunicação
357469,Embrafilme
463580,Osso Film Rt.
10073,Regency Enterprises
10073,New Regency Pictures
10073,Epsilon Motion Pictures
11860,Paramount Pictures
11860,Constellation Films
11860,Mirage Enterprises
11860,Scott Rudin Productions
11860,Sandollar Productions
11860,Worldwide Productions
11860,Mont Blanc Entertainment GmbH
931035,Nikkatsu Corporation
17965,American International Productions (England)
13701,Icon Productions
209242,Česká televize
1375831,Sunjive Studios
1375831,Empire Road Pictures
564147,Hombale Films
564147,Vaaraahi Chalana Chitram
12211,Davis-Panzer Productions
12211,Dimension Films
12211,Highlander Productions
118406,dentsu
118406,Aniplex
118406,Shueisha
118406,TV Tokyo
118406,Pierrot
118406,TOHO
118406,Bandai Visual
36492,AVCO Embassy Pictures
1744866,A. Aida Production Sdn Bhd
104755,IM Global
104755,Alliance Films
104755,Haunted Movies
31176,Erler Film
2928,Alphaville Films
2928,Turner Pictures
864959,Ugly Baby Productions
128241,Mischief Films
128241,Lipsync Productions
128241,Moli-Mischief
128241,Metrol Technology
128241,Head Gear Films
128241,Woodleigh Pictures
128241,Bankside Films
128241,Limelight CTL
128241,MoliFilms Entertainment
128241,Hook Pictures
610892,Kyoto Animation
610892,Pony Canyon
610892,ABC Animation
610892,Bandai Namco Arts
696157,Compelling Pictures
696157,Black Label Media
696157,TriStar Pictures
696157,West Madison Entertainment
696157,Muse of Fire
696157,Primary Wave Music
1735711,Bus Stop Films
505058,BH Tilt
505058,Bazelevs
86983,Filmlance International
86983,Film i Väst
1247019,M Studio
1247019,Minds@Work
845222,Studio Dragon
845222,Baram Pictures
845222,BA Entertainment
7012,ABC Circle Films
595586,Excellent Cadaver
595586,IAC Films
595586,A24
595586,IPR.VC
14289,Seagal/Nasso Productions
14289,Warner Bros. Pictures
523172,FilmNation Entertainment
523172,30WEST
523172,MK International
523172,3 Arts Entertainment
523172,Imperative Entertainment
559064,Albatros (JP)
38541,Instinctive Film
38541,Preferred Content
38541,Julijette
38541,The Ink Connection
38541,BR Group
38541,MFM
10480,IMF
10480,Gramercy Pictures
10480,Propaganda Films
10480,ab'-strakt Pictures
10480,Universal Pictures
10480,USA Films
10480,Pacifica Film Distribution
451955,Mars Films
451955,FOZ
451955,Mandarin Cinéma
409916,Rosa Filmes
11027,CIP Filmproduktion GmbH
11027,Northstar International
11027,Lorimar Motion Pictures
162215,Passion Pictures
162215,Cowboy Films
162215,BFI
162215,Film4 Productions
162215,Entertainment One
162215,Protagonist Pictures
162215,Prospect Entertainment
262391,UGC
408978,Centro de Capacitación Cinematográfica (CCC)
17165,dentsu
17165,Pierrot
734002,Breakthru Films
734002,ArtShot
734002,DigitalKraft
734002,CANAL+ Polska
734002,Narodowe Centrum Kultury
734002,Mazowiecki Instytut Kultury
734002,SKP Ślusarek Kubiak Pieczyk
4889,Lowndes Productions Limited
4889,Jovera Pictures AG/SA
878361,Mandalay Pictures
878361,Affirm Films
14447,Aardman
452557,Spring Era Film Company
452557,Beijing Century Media Culture
452557,Chao Feng Pictures
452557,Orange Image 橙子映像
452557,Beijing Culture 北京京西文化
452557,DF Pictures
12797,Spyglass Entertainment
12797,DreamWorks Pictures
12797,Pariah
888321,Film AG
888321,Kazak Productions
888321,Komplizen Film
888321,Samsa Film
888321,ZDF/Arte
326501,Alumbramento
43231,Vides Cinematografica
43231,Cinematografica Associati
43231,Intermondia Films
884184,AGC Studios
884184,Bigscope Films
884184,Moonriver TV
12710,Touchstone Pictures
12710,Silver Screen Partners III
1531626,Disney Concerts
1531626,Fulwell 73 Productions
1531626,Disney Branded Television
1531626,Disney Channel
666243,Studio Mir
666243,Hivemind
666243,Little Schmidt Productions
666243,Platige Films
359412,Grindstone Entertainment Group
359412,EFO Films
359412,4th Wall Entertainment
359412,Highland Film Group
359412,Lionsgate Home Entertainment
442065,Foresight Unlimited
442065,Provocator
442065,SSS Entertainment
442065,BCL Finance Group
442065,Boss Collaboration
442065,SC Films Thailand Co.
442065,Production Capital
442065,Hollywood Gold
442065,Hero Entertainment Group
10053,Davis Entertainment
10053,Screen Gems
9318,Dargaud Films
9318,Gutenberghus
9318,Gaumont International
733442,Kunsthochschule für Medien Köln
733442,Fortisfemfilm
429245,Nikkatsu Uzumasa Studio
1116490,Convergence Entertainment
1116490,BondIt Media Capital
1116490,Transparency Media
1116490,Streamline Global
1116490,Taurus Film
1116490,Saban Films
1116490,Lionsgate
1286185,Anonymous Content
1286185,Curious Gremlin
1286185,Cinenovo
1286185,Saturn Films
1286185,Spacemaker Productions
1286185,BlueLight
1286185,Wrong Men
1014661,Secret Engine
1014661,Divide / Conquer
1014661,Amazon MGM Studios
1014661,Blumhouse Television
7874,Paramount Vantage
7874,New Deal Productions
7874,Southern Cross the Dog Productions
879689,Last Conker
811941,N. T. R. Arts
811941,Yuvasudha Arts
604282,Dream Light Studio
575094,Kinodanz
34067,Pikachu Project
34067,The Pokémon Company
34067,Shogakukan
34067,TV Tokyo
34067,Media Factory
34067,Tomy
34067,jeki
34067,OLM
34067,Shogakukan Production
530,Aardman
530,NFTS
708442,Esameri S.A.
708442,Sidney W. Pink Productions
27374,Mungo Productions
27374,Screen Australia
27374,SBS Independent
2331,Five Mile River Films
2331,Beta Film
2331,Lux Vide
2331,Česká televize
2331,Lube
2331,Quinta Communications
2331,Rai Fiction
2331,France 2
2331,Atresmedia
2331,BSB
2331,NCRV
2331,MTM Enterprises
2331,ARD
21450,Channel Four Films
21450,Thin Man Films
21450,British Screen Productions
555974,STXfilms
555974,Lakeshore Entertainment
555974,Jim Wedaa Productions
724282,Shutter Pictures
724282,Bluesummer Films
20210,Pandora Cinema
20210,900 Films
20210,Asphalt Productions
20210,Gaylord Films
20210,Gerber Pictures
1123276,Thomas Athan Productions
1061990,Horipro
1061990,Netflix
789213,Ahmed Zain Films
12613,Group TAC
12613,Capcom
12613,Sedic
10364,Paramount Pictures
10364,Filmways Pictures
675319,Highland Film Group
675319,El Ride Productions
675319,Northern Ireland Screen
675319,Moffen Media
675319,23ten
675319,Source Management + Production
675319,Great Point Media
675319,Baird Film
112336,Cold Spring Pictures
112336,The Montecito Picture Company
139567,Knightsbridge Entertainment
139567,Industry Entertainment Partners
139567,Grindstone Entertainment Group
139567,Cheetah Vision
139567,Mandalay Vision
139567,Paradox Entertainment
139567,Envision Entertainment
139567,Voltage Pictures
139567,Emmett/Furla Films
485415,Nu Boyana Film Studios
1225943,Kino ohne Talent
125157,Filmirage
921452,Why Not Productions
921452,La Petite Reine
921452,Impala Productions
921452,Les Films de Batna
921452,IN.2 FILM
921452,Les Films du Fleuve
921452,France 2 Cinéma
921452,France 3 Cinéma
921452,Red Sea Fund
921452,World Vision Films
921452,Okko
14620,BenderSpink
14620,New Line Cinema
14620,FilmEngine
10679,Blind Spot Pictures
10679,27 Films Production
10679,New Holland Pictures
63197,Trio Pictures
368528,AB Irefilm
9474,Rafran Cinematografica
9474,Les Films Jacques Leitienne
9474,Alcinter
9474,Imp.Ex.Ci.
9474,Rialto Film
1610413,MakeMake
1075519,Chicken Soup for the Soul Entertainment
1075519,Screen Media Films
1075519,Arclight Films
664850,Studio AKA
573364,TMS Entertainment
573364,V1 studio
573364,Yomiuri Telecasting Corporation
573364,Shogakukan
5910,Bandai Visual
5910,Office Kitano
5910,TV Tokyo
5910,Tokyo FM
221731,AMUSE
221731,Shueisha
221731,KDDI
221731,GYAO
221731,Warner Bros. Japan
388202,Ingenious Media
388202,Highland Film Group
388202,River Bay Films
388202,Tinker Productions
388202,Lionsgate
388202,The Fyzz
388202,EFO Films
250124,Archer Gray
250124,Cold Iron Pictures
250124,Caviar
32029,Associated General Films
32029,ITC Entertainment
32029,Martin Starger Productions
32029,AVCO Embassy Pictures
11689,Tritone Cinematografica
11689,T.O.T.A.
811631,Maven Screen Media
811631,JamTart Productions
811631,Stage 6 Films
811631,Off Media
811631,dFlights
811631,Orka
4193,EMI Films
4193,G.W. Films
4193,Titan Productions
4193,Agatha Christie
425148,Riverstone Pictures
425148,Open Road Films
425148,Neddy Dean Productions
46169,Disney Channel
46169,Walt Disney Television
11780,United Artists
11780,Talisman Films
11780,Metro-Goldwyn-Mayer
3084,Samuel Goldwyn Productions
32847,Warner Bros. Pictures
1473148,Film AG
1473148,Komplizen Film
1473148,Kazak Productions
1473148,Kjellson & Wik
1473148,Film i Väst
1473148,ORF
1473148,ZDF
1473148,ZDF/Arte
1473148,DESMAR
1473148,IPR.VC
1473148,mk2 Films
1473148,Ad Vitam Production
1473148,Alamode Film
1105407,Red Sea Media
1105407,BondIt Media Capital
1105407,Tartan Bridge Films
1105407,High Five Films
83686,Also Known As Pictures
83686,Animus Films
83686,Benaroya Pictures
83686,Serena Films
83686,Waterfall Media
83686,Rose Pictures
390678,PT Nugraha Mas Film
511817,The Gotham Group
511817,Monkeypaw Productions
1241934,LBI Entertainment
1241934,2B Films
1241934,Wild 7 Films
1241934,Luber-Roklin Entertainment
14609,Lions Gate Family Entertainment
14609,Marvel Characters
14609,MLG Productions 1
811342,Tamandua
811342,La Grulla Audiovisual
23488,Ealing Studios
23488,Fragile Films
40885,Pennebaker Productions
40885,William Goetz Productions
40885,Warner Bros. Pictures
236751,TriStar Pictures
236751,Screen Gems
236751,Roth Films
1944,Focus Features
1944,Revere Pictures
1944,This is that
1461201,A-1 Pictures
1461201,Psyde Kick Studio
1461201,Aniplex
588367,A24
588367,IAC Films
521034,Heyday Films
521034,StudioCanal
521034,StudioCanal UK
38093,Dune Entertainment
38093,Flavor Unit Entertainment
38093,Fox Searchlight Pictures
38093,Martin Chase Productions
1262426,The Brown Factory
1262426,Tu Fa'atasi Films
876619,Fandango
876619,RAI Cinema
876619,MiC
876619,Regione Lazio
12690,New Line Cinema
12690,Axon Films
12690,Groundswell Productions
1727650,Sinemata
1727650,Multi Buana Kreasindo
452848,Del Toro Films
452848,Lunfardo Films
12228,Imagine Entertainment
12228,Summit Entertainment
12228,HBO Documentary Films
12228,Universal Pictures
12228,Imagine Documentaries
878380,Oculta Cine
878380,Navega Cine
878380,Antes Muerto Cine
10019,Gladden Entertainment
10019,20th Century Fox
435601,Peppermint & Company
435601,Warner Bros. Korea
435601,Goldmoon Film
435601,Finecut
385332,LuckyChap Entertainment
385332,Beagle Pug Films
385332,Highland Film Group
385332,Ruyi Films
385332,Miscellaneous Entertainment
385332,Hassell Free Productions
385332,Subotica
385332,Rapid Farms Productions
1628123,Done+Dusted
1628123,HYBE
1628123,Bighit Music
13576,Columbia Pictures
13576,AEG Live
13576,Optimum Productions
9683,Touchstone Pictures
9683,Bandeira Entertainment
715503,Stand-Up Club #1
11086,NPV Entertainment
11086,Village Roadshow Pictures
11086,Castle Rock Entertainment
11086,Darkwoods Productions
1556783,Kannan Ravi Groups
807339,Sunday Night Productions
807339,Platinum Dunes
807339,Paramount Pictures
249511,Melopéia Cinematográfica
45752,Warner Bros. Animation
19673,Zespół Filmowy Kadr
19673,"PRF ""Zespoły Filmowe"
1589891,K & S Films
157772,goliat films
717082,Supper Club
717082,Marvel Studios
297725,Alacran Pictures
297725,Tornasol Media
297725,Kinology
297725,Entre Chien et Loup
297725,Ukbar Filmes
297725,El hombre que mató a Don Quijote AIE
297725,Carisco Producciones AIE
297725,Recorded Picture Company
297725,TVE
976584,Legendary Pictures
976584,Kilburn Lane
1147710,Perfect Storm Film
1147710,Channel Plus
8512,Mundy Lane Entertainment
8512,TriStar Pictures
8512,Clinica Estetico
10117,Silver Pictures
10117,Lorimar Film Entertainment
997791,Morena Filmes
997791,Telecine
997791,FILM2B
997791,Agência Nacional do Cinema - ANCINE
77887,Pixar
517093,Archangel Studios
517093,Upgrade Vision
517093,Bless Film
1134433,Minds@Work
1134433,M Studio
419446,Cactus Cine
419446,INCAA
419446,Istituto Luce Cinecittà
419446,Film Factory
419446,Cine Argentino
419446,Cinedea
419446,Finscott
419446,Roma Lazio Film Commission
419446,Institut Français
43436,Metro-Goldwyn-Mayer
21734,Universal Pictures
21734,Skirball Productions
37292,20th Century Fox
220286,Nostromo Pictures
220286,Telefónica Studios
220286,The Solution
220286,Atresmedia Cine
11888,Walt Disney Pictures
11888,The Kerner Entertainment Company
11888,Galapagos Productions
11888,Winterdance Productions Ltd.
10644,The Saul Zaentz Company
10616,Flea Market
10616,China Star Entertainment
10616,Win's Entertainment Ltd.
9490,Universal Pictures
9490,Robert Simonds Productions
73358,Runaway Fridge TV
73358,BBC
73358,Heyday Films
73358,Carnival Films
73358,Masterpiece
130270,SRF
130270,Lea Produktion
1087040,Jigsaw Productions
362113,Tambor Multiartes
362113,Tu i Tam Filmes
879805,Sony Music Entertainment Canada
879805,Vermilion Films
879805,Les Productions Feeling
740952,River Bay Films
740952,Ingenious Media
740952,Lucky 13 Productions
740952,The Avenue Entertainment
740952,Convergence Entertainment
740952,Diamond Film Productions
740952,Highland Film Group
740952,Pimienta
740952,BondIt
740952,Verdi Productions
740952,VVS Films
740952,SSS Entertainment
740952,Taurus Film
18861,Pierrot
18861,TV Tokyo
18861,Shueisha
18861,Toho Pictures
18861,Aniplex
18861,dentsu
18861,Bandai
1975,Ghost House Pictures
1975,Columbia Pictures
1975,Mandate International
15136,Eastern Productions
15136,CP Film Production Asia
354859,Babieka Films
354859,Wonderful Films
354859,Survivor Pictures
354859,Open Road Films
91342,Mattel
91342,Rainmaker Entertainment
30829,Australian International Film Corp. (AIFC)
740356,Estonian Academy of Arts
785545,Aardman
525554,Labyrinthe Films
525554,Atchafalaya Films
525554,uMedia
525554,10.80 Films
525554,Rodin Entertainment
525554,Proximus
525554,RTBF
525554,Canal+
525554,Ciné+
525554,CStar
525554,Telenet
525554,SofiTVciné 6
525554,Wallimage
525554,C8 Films
511142,ONF | NFB
511142,Canal+
511142,Sacrebleu Productions
351901,WWE Studios
351901,Lionsgate
98008,Lion Film
1674898,Feirstein Graduate School of Cinema
271749,Film 90
25676,JCE Movies
25676,China Film Co-Production
25676,Huayi Brothers Pictures
118957,Screen Queensland
118957,Pictures in Paradise
118957,Media Development Authority (MDA)
118957,Bait Productions
118957,Blackmagic Design Films
118957,Story Bridge Films
118957,Screen Australia
1470329,Point Five Creations
1470329,Silver Media Group
1470329,Film Development Fund of Hong Kong
1470329,AnimeKey
1470329,TMZ Media
1470329,Full Colour
1470329,Digital Hollywood University
1470329,Overmind
1008779,Cine Latino
505579,Grindstone Entertainment Group
505579,Groove Tails Productions
505579,Primary Wave Entertainment
505579,Rod Movies AIE
505579,AMBI Group
1109774,Levitate Film
1109774,The Media Brothers
1309012,Studio Atlantic
1309012,Art Galaxy
1309012,Splendid Entertainment
1309012,Well Go USA Entertainment
15516,Lobster Enterprises
15516,Sean S. Cunningham Films
15516,The Night Co.
25678,The Cannon Group
25678,Golan-Globus Productions
18500,David Evans Pictures
18500,20th Century Fox Home Entertainment
13190,Electronic Arts
13190,Film Roman
514207,Cinema Foundation of Russia
514207,Art Pictures Studio
514207,Vodorod Film Company
1254388,Closer Films
1254388,FZH Props & Shorts
572164,Filmmaker R&K
572164,filmK
572164,CJ Entertainment
821,Roxlom Films
821,Stanley Kramer Productions
1753608,Lab Parasea
802143,Copper Alley Productions
12715,Golan-Globus Productions
12715,The Cannon Group
447759,Road House
1121575,Warner Bros. Animation
1364271,That's A Wrap Productions LLC
748853,Rook Films
748853,Protagonist Pictures
748853,NEON
46528,SCS Entertainment
46528,Sidus
46528,Relativity Media
46528,Rogue Pictures
46528,Sad Flutes
46528,Fuse Media
46528,Wellmade Entertainment
46528,Kathy Morgan International
476709,Terratreme
266617,Avala Film
266617,Parolo Art Komerc
266617,Impuls Film
266617,RTS
1596260,Missing Link Productions
1596260,Gary Prairie Productions
1127175,Magic Monkey Films
1127175,Moonglass
11323,Warner Bros. Pictures
11323,Participant
11323,Groundswell Productions
11323,Section Eight
11323,Jaffe/Braunstein Enterprise
13807,Media Asia Films
13807,Newlink Development
13807,Milkyway Image
76122,Marvel Studios
76122,Ebeling Group
471474,Warner Bros. Animation
471474,DC Entertainment
13401,Team Todd
13401,Blumhouse Productions
13401,Bob Yari Productions
13401,Plow Productions
13401,Yari Film Group
837271,Sepulchre Productions
42246,Warner Bros. Animation
42246,Turner Entertainment Co.
560050,Janet Yang Productions
560050,Glen Keane Productions
560050,Pearl Studio
4965,Dimension Films
4965,Marty Katz Productions
4965,Mojo Films
4965,PK Pictures
4965,Taurus Film
21334,Kanoon
21334,Miramax
8289,Orion Pictures
8289,Eagle Associates
8289,Orion
9687,Summit Entertainment
9687,Isle of Man Film
9687,Isle of Man Film Commission
9687,Entertainment Film Distributors
786338,Le Fresnoy
786338,Levo Films
1029880,Nordisk Film Denmark
704,Proscenium Films
704,Walter Shenson Films
21647,CJ Entertainment
21647,Doosaboo Film
38543,Perpetual Media Capital
38543,Mythic International Entertainment
38543,ContentFilm International
38543,Premiere Picture
38543,Rising Star Productions
38543,Silver Reel
38543,Wales Creative IP Fund
38543,Molinare Investment
38543,VIP Medienfonds 4
63574,O.N.C. Entertainment
63574,Alcon Entertainment
63574,Farrell Paura Productions
63574,Gospel Truth Pictures
519010,El Deseo
519010,TVE
9682,Dimension Films
9682,The Weinstein Company
9682,Distant Horizon
9682,Neo Art & Logic
59902,American International Pictures
739547,Netflix
21610,Martin Poll Productions
21610,The Production Company
21610,Universal Pictures
1620682,Eagle Films Arabia
3780,TOHO
3780,Kurosawa Production
896453,Abhishek Pictures
653481,Miramonte Film
653481,Eikon Media
1325541,MPS Pictures
690,Lux Compagnie Cinématographique de France
567797,Made Up Stories
567797,Screen Australia
567797,Film Victoria
567797,Arenamedia
567797,Pick Up Truck Pictures
50357,Bazelevs
50357,Dimension Films
50357,Bekmambetov Projects Ltd.
449118,Sundance Institute
17835,Western-World Television Inc.
17835,BBC
17835,Nine Network Australia
39781,Mandalay Vision
39781,10th Hole Productions
39781,Gilbert Films
39781,Saint Aire Production
39781,Artist International
39781,Antidote Films
39781,Artist International Management
8293,Merchant Ivory Productions
8293,Japan Satellite Broadcasting
8293,IMAGICA
8293,Sumitomo Corporation
8293,Cinema Ten Corporation
8293,Ide Productions
8293,Sony Pictures Classics
8293,Film4 Productions
38778,Everyman Pictures
38778,Parkes+MacDonald Production
29259,Filmsonor
29259,Play Art
29259,Titanus
1696533,UNAM
1696533,Escuela Nacional de Artes Cinematográficas (ENAC)
185341,Castelao Productions
185341,Rec Apocalypse AIE
141670,Océanic Films
141670,As Films
27154,Myung Films
27154,CJ Entertainment
9024,Imagine Entertainment
9024,Universal Pictures
39107,Toei Company
39107,Bird Studios
39107,Toei Animation
10587,Warner Bros. Pictures
421792,Temple Hill Entertainment
421792,Nostromo Pictures
421792,Fickle Fish Films
421792,Summit Entertainment
421792,Lionsgate
931,Eldorado Films
931,Casey Productions
389053,Happy Madison Productions
9445,Bad Hat Harry Productions
9445,Canal+ Droits Audiovisuels
9445,Phoenix Pictures
551271,R.U. Robot Studios
551271,JBJ Film
551271,Elevated Films
551271,Double Tree Entertainment
308032,Abandon Pictures
308032,Coup d'Etat Films
308032,Sandbar Pictures
308032,Priority Pictures
308032,IFC FIlms
1388694,Ziegler Film
1388694,Amazon MGM Studios
207282,Rīgas kinostudija
16436,Dor Film-West
16436,Majestic Film
16436,Lunaris Film
16436,MedienKontor Movie GmbH
16436,Triluna Film AG
16436,ARD
453133,이돌영화사
10562,TF1 International
10562,Revelations Entertainment
294993,Edko Films
294993,Irresistible Alpha Limited
294993,Universal Pictures
1461254,The LAMP
1134055,Pixium Film Group
1134055,Speed Merchant Productions
1134055,Convoke Media
795853,Film Initiative Africa
441384,Riverstone Pictures
441384,Vice Studios
441384,SPK Pictures
441384,RocketScience
441384,Iconoclast
441384,Anonymous Content
441384,Le Grisbi Productions
3291,Warner Independent Pictures
3291,2929 Productions
3291,TFC
3291,Participant
3291,Section Eight
3291,Davis Films
3291,Lionsgate UK
676581,Aparte Film
676581,Take Five
676581,Komadoli Studio
676581,Special Touch Studios
676581,Amopix
676581,Minds Meet
33005,Neo Art & Logic
997113,Plan B Entertainment
997113,Viva Maude
997113,Orion Pictures
42888,Columbia Pictures
42888,Gracie Films
42888,Road Rebel
452310,Vietnam
41428,Kaijyu Theater
11542,Warner Bros. Pictures
1140692,Frenzy Media
1140692,Appalachian Film
1140692,Denton Film
1241894,Blue Eyes Fiction
1241894,FilmVergnuegen
1241894,Dor Film
1241894,StudioCanal
1241894,WS Filmproduktion
1241894,Constantin Film
15544,FlipZide
15544,Dimension Films
1753593,HKFilm
1753593,HK Film
11054,New Line Cinema
11054,Stanley F. Buchthal
11054,Robert Shaye Production
416185,Besa Films
1278853,Blue Eyes Fiction
1278853,Dor Film
1278853,Potemkino
1278853,FilmVergnuegen
1278853,StudioCanal
980078,Jagged Edge Productions
980078,ITN Distribution
26337,Tig Productions
1115009,for KING & COUNTRY
1115009,WTA Media
1115009,Curb Records
1115009,Radiate Films
1115009,Kingdom Story Company
1115009,Candy Rock Entertainment
1115009,A Walsh Works Production
929569,Walt Disney Pictures
517088,Amazon Studios
517088,Big Indie Pictures
517088,Escape Artists
11026,Dominion Productions
11026,Morgan Creek Entertainment
336455,IM Global Octane
336455,Blumhouse Productions
336455,Dimension Films
336455,Busted Shark Productions
336455,Chapter One Films
287193,Xưởng phim Tài liệu và Khoa học Trung ương
77459,EuropaCorp
77459,Bibo Films
77459,France 3 Cinéma
77459,Walking The Dog
77459,uFilm
77459,uFund
984324,TF1 Studio
984324,Labyrinthe Films
984324,uMedia
45202,Sidus
45202,Sidus FNH-Benex Cinema Fund 1
45202,Michigan Venture Capital
45202,Stareast Digital Laboratory
45202,Hanwha Entertainment Fund No. 1
45202,Mirovision
45202,CJ Entertainment
45202,Korean Film Council
15659,Paramount Pictures
15659,Miller-Milkis Productions
15659,Shelburne Associates
26505,Apipoulaï Prod
26505,Avalanche Productions
26505,Sofica EuropaCorp
26505,EuropaCorp
26505,TF1 Films Production
13649,First Street Films
13649,Salty Pictures
13649,Disney Channel
102780,WestEnd Films
102780,Demarest Films
102780,Lipsync Productions
102780,Number 9 Films
102780,Parallel Films
102780,Fís Éireann/Screen Ireland
516806,Allfilm
516806,Sentinel Entertainment
516806,Kick Film
516806,CrossDay Productions
516806,Stigma Films
516806,Tallifornia
516806,Head Gear Films
516806,Altitude Film Entertainment
516806,BR
516806,ARTE
139341,Sigma Film Productions
500904,Uncorked Productions
500904,Pulse Films
500904,River Bay Films
1659209,Lantica Media
1659209,Aurora Dominicana
1575943,NFTS
4485,Les Films Galaxie
4485,Greenwich Film Production
1278263,Parallel 45
1278263,Run Way Pictures
1278263,ARTE France Cinéma
471498,Getaway Films
471498,Echo Lake Entertainment
1717,Relativity Media
1717,Phoenix Pictures
1717,Rising Star Productions
1717,Columbia Pictures
1717,VIP Medienfonds 4
9096,Cinergi Pictures
9096,Hollywood Pictures
12498,Miramax
12498,The Shooting Gallery
44629,Porchlight Films
44629,Screen Australia
44629,Film Victoria
44629,Screen NSW
44629,Fulcrum Media Finance
44629,Showtime Australia
44629,Blue-Tongue Films
1628,Les Films du Carrosse
1628,Sédif Productions (as S.E.D.I.F.)
557948,Marketing for Change Co.
325789,Good Films Collective
391757,Stage 6 Films
266396,StudioCanal
266396,Silver Pictures
266396,Nostromo Pictures
266396,Anton Capital Entertainment
266396,ICEC
266396,Prone Gunman
266396,Prone Gunman A.I.E.
266396,Canal+
266396,TF1 Films Production
38117,Storefront Films
1186350,Cubes Entertainments
374461,Shenghua Entertainment
374461,Cinelou Films
374461,Envision Media Arts
374461,Voltage Pictures
77949,BBC Film
77949,Lipsync Productions
77949,Creative Scotland
77949,Origin Pictures
77949,StudioCanal
338,WDR
338,X Filme Creative Pool
338,ARTE
346220,Friedrich Wilhelm Murnau Stiftung
346220,TVE
309833,Films d'Aujourd'hui
4507,Ovídeo TV S.A.
4507,Sogepaq
4507,Lolafilms
646251,YSITC
391717,Sakhafilm
11315,Toei Video Company
628534,Lava Media
628534,Noruz Films
628534,ARRAY Filmworks
628534,India Take One Productions
628534,Purple Pebble Pictures
167346,Toei Company
1450379,Shangxianyue Films
9406,Hollywood Pictures
9406,Cometstone Pictures
9406,J&M Entertainment
9406,Avrora Media
9406,Président Films
9406,Delux Productions
9406,Stonewood Communications
9406,Propaganda Films
9406,PolyGram Filmed Entertainment
170657,Huayi Brothers Pictures
170657,Bingo Movie Development
170657,Village Roadshow Pictures Asia
170657,Chinavision Media Group
170657,China Film Group Corporation
170657,Edko Films
11306,Castle Rock Entertainment
11306,Simian Films
720557,Yash Raj Films
720557,First Step Productions
720557,Etalon-Film
720557,FPS Productions
720557,SK-Film
18747,China Star Entertainment
18747,One Hundred Years of Film Company
18747,Milkyway Image
1113798,Compacto Prod
197082,WY Productions
197082,R.P. Productions
197082,Mars Films
197082,France 2 Cinéma
197082,Monolith Films
197082,Belga Productions
1129104,Protagonist Pictures
1129104,The Mazur Kaplan Company
1129104,Mystic Point
81870,Beijing Liangzi Group
81870,Shineshow
81870,Film Workshop
81870,SMG Pictures
81870,Bona Film Group
81870,Distribution Workshop
829402,Tsuburaya Productions
829402,Netflix
8844,TriStar Pictures
8844,Interscope Communications
8844,Teitler Film
893712,A-1 Pictures
893712,EGG FIRM
893712,Straight Edge
893712,Aniplex
10207,Warner Bros. Pictures
10207,Bel Air Entertainment
10207,Tig Productions
10207,Di Novi Pictures
650524,One Cool Films
650524,Huace Media
650524,China Star Movie Limited
650524,Big Honor Entertainment
9893,Metro-Goldwyn-Mayer
9893,Landscape Entertainment
9893,Weinstock Productions
451863,Success (H.K.) Film Production Co.
451863,Universe Films Distribution Company Limited (Hong Kong)
409328,Reteitalia
409328,Filmirage
409328,DMV Distribuzione
409328,Chance Film
21915,Columbia Pictures
21915,The Turman-Morrissey Company
401200,Belga Productions
401200,VIA EST
401200,EuropaCorp
449200,Sorolla Films
14912,The Asylum
4413,Village Roadshow Pictures
4413,Silver Pictures
4413,Warner Bros. Pictures
740966,The Asylum
740966,Lifetime
526811,Les Films Pelléas
526811,Versus Production
526811,Auvergne-Rhône-Alpes Cinéma
526811,Proximus
1049638,Searchlight Pictures
1049638,BBC Film
1049638,BFI
1049638,DJ Films
1049638,Turnover Films
1575588,Gallows Grin Productions
70868,The Weinstein Company
11522,Paramount Pictures
11522,Hughes Entertainment
2355,Columbia Pictures
2355,Sunlight Productions
2355,Relativity Media
2355,Mr. Madison
401898,Motlys
401898,Film i Väst
401898,Le Pacte
401898,Filmpool Nord
401898,Snowglobe
401898,B-Reel Films
401898,Don't Look Now
401898,Copenhagen Film Fund
401898,Memento Films International
116613,Vertigo Films
116613,Embargo Films
116613,Exponential Films
100271,TBS
100271,KADOKAWA
100271,Production I.G
100271,KADOKAWA Shoten
100271,Bandai Visual
100271,CBC
100271,Chugoku Broadcasting
100271,Horipro
100271,MBS
100271,OLM
100271,Tokyu Recreation
100271,Yahoo! Japan
100271,jeki
24248,DDL Cinematografica
24248,Columbia Pictures
1879,Stanley Kramer Productions
1879,Columbia Pictures
119569,Marvel Studios
28162,The Archers
28162,J. Arthur Rank Organisation
1321439,Motion Picture Corporation of America
1321439,Brad Krevoy Productions
14283,Rhombus Media
14283,New Line Cinema
14283,Mikado Film
14283,Téléfilm Canada
14283,CITY-TV
14283,Film4 Productions
14283,Euphoria Films
14283,Shanghai Film Studio
14283,China Film Co-Production
14283,Salon Films
14283,Sidecar Films & TV
14283,Vienna Film Financing Fund
14283,Dor Film
11400,New Line Cinema
11400,Sarah Green Film
423532,Tosara Film
423532,Artcam International
423532,Česká televize
423532,Artcam The Netherlands
125695,Camerado Media
1399914,Gracie Films
1399914,20th Television Animation
22620,Warner Premiere
1003813,BondIt Media Capital
1003813,Contemptible Entertainment
1003813,The Squid Farm
2321,Orion Pictures
2321,Mysterious Arts
2321,A Luta Continua
964819,SRG SSR
964819,SRF
964819,Zodiac Pictures
1601082,National Geographic
1601082,Wildstar Films
11443,Caravan Pictures
11443,Underworld Pictures
11443,Hollywood Pictures
827837,Iris Productions
827837,Haut les Mains
641662,Bron Studios
641662,Little Lamb Productions
641662,Proton Cinema
641662,Creative Wealth Media Finance
237,Recorded Picture Company
237,StudioCanal UK
237,HanWay Films
237,UK Film Council
237,Scottish Screen
237,Sveno Media
237,Sigma Films
237,Young Adam Productions
21832,GAINAX
21832,Production I.G
21832,Tatsunoko Production
21832,KADOKAWA Shoten
21832,TV Tokyo
21832,SEGA
21832,Toei Company
14637,Battleplan Productions
14637,Yari Film Group
137227,Shin-Ei Animation
137227,Shogakukan-Shueisha Productions
137227,ADK
137227,TV Asahi
137227,Shogakukan
137227,Fujiko Productions
1226841,Dorothy St Pictures
1226841,MakeMake
1226841,MRC
1648660,Napafilms
169209,Knightsbridge Entertainment
169209,Grindstone Entertainment Group
169209,Kind Hearts Entertainment
169209,Emmett/Furla Films
2290,Global Medien KG
2290,Columbia Pictures
2290,Blue Wolf
2290,Kasso Productions
841755,Warner Bros. Animation
957567,Stenola Productions
957567,KG Productions
957567,RTBF
19120,Francoriz Production
19120,Rizzoli Film
19120,Cineriz
26850,Carnival Films
26850,LWT
26850,The Rank Organisation Film Productions
26850,Columbia Pictures
515641,BBVA Foundation
110410,Milkyway Image
110410,Hairun Movies & TV Group
110410,Huaxia Film Distribution
110410,CCTV-6 China Movie Channel 电影频道节目中心 (CMC)
433247,Bophana Production
1268053,Jagged Edge Productions
1268053,ITN Distribution
11772,Argyle Enterprises
11772,Metro-Goldwyn-Mayer British Studios
11772,Metro-Goldwyn-Mayer
250366,Toei Company
253935,21st Century Film France
253935,M6 Films
1230368,20th Century Studios
1230368,The Gotham Group
1230368,TSG Entertainment
1230368,Night Exterior
1230368,Bluegrass 7
11982,TriStar Pictures
218784,Columbia Pictures
218784,Matt Tolmach Productions
218784,LStar Capital
34314,Rysher Entertainment
34314,Metro-Goldwyn-Mayer
11456,Paramount Pictures
6524,Brooksfilms
6524,MGM-Pathé Communications
6524,Metro-Goldwyn-Mayer
18032,Forgan-Smith Entertainment
18032,Eurofilm Stúdió
18032,South Pacific Pictures
18032,Spice Factory
18032,UK Film Council
18032,Australian Film Commission
18032,Davis Films
18032,Velvet Octopus
18032,Warner Bros. Pictures
10052,Universal Pictures
10052,Spyglass Entertainment
10052,Gran Via Productions
10052,Shady Acres Entertainment
10052,Kalima Productions
10052,NDE Productions
10052,Touchstone Pictures
736074,Warner Bros. Animation
736074,DC
2639,Sweetland Films
2639,Jean Doumanian Productions
2639,Magnolia Productions
982294,Cinema de Callejón
872583,Zen Pictures
324542,Vertigo Entertainment
324542,FilmNation Entertainment
324542,Riverstone Pictures
324542,Open Road Films
932430,The Detective Agency
932430,Rotten Eggs Productions
932430,Bowen and Sons
932430,Bear Claw Productions
932430,Disney Branded Television
1365865,TAI: Escuela Superior de Artes y Espectaculos
1365865,Escuela TAI
635891,View Askew Productions
635891,BondIt Media Capital
635891,Lionsgate
635891,TPC
635891,SModcast Pictures
635891,Destro Films
635891,Mewesings
10757,Dharma Productions
10757,Yash Raj Films
10757,British Film Commission
10757,K3G Films Limited
773867,ANDMARQ Studio
4911,Intermedia Films
4911,IM Filmproduktion
4911,Cosmic Picture
4911,Alphaville Films
4911,United Artists
4911,Metro-Goldwyn-Mayer
11562,Orion Pictures
11562,Jack Rollins & Charles H. Joffe Productions
100683,Silver Pictures
100683,Signature Pictures
100683,After Dark Films
100683,Autonomous Films
100683,Signature Entertainment
942199,Wango Films
942199,Myriad Pictures
942199,Particular Crowd
942199,Mongrel Media
942199,TPC
477804,Envie de tempête
289727,Castle Rock Entertainment
254201,Zentropa International Sweden
254201,Zentropa Entertainments
254201,Film i Väst
254201,TV 2
254201,ZDF
254201,TV4
254201,TV 2
254201,TrustNordisk
1421903,Working Title Films
1421903,Maiden Voyage Pictures
1421903,Focus Features
1722815,Diligência Filmes
1540365,EMRJ Entertainment
1128505,Legion M
1128505,Radiant Media Studios
1128505,ReCre8 Entertainment
1128505,Blue Three Productions
539517,Warner Bros. Animation
539517,DC Entertainment
539517,Berlanti Productions
539517,Blue Ribbon Content
539517,Phantom Four
1165,Granada Productions
1165,Pathé Renn Productions
1165,BiM Distribuzione
9828,Rick Lashbrook Films
9828,Eleven Eleven Films
16270,Hughes Entertainment
1078249,Nordisk Film Denmark
1078249,Nadcon Film
1078249,Det Danske Filminstitut
1078249,ZDF
1078249,Estonian Film Institute
1078249,Münchhausen
1078249,Hyæne Film
1078249,TV 2
1078249,TV 2
1078249,TrustNordisk
484468,Pathé
484468,Trésor Films
484468,Chi-Fou-Mi Productions
484468,Jouror Productions
1088615,B Pictures
470459,Tercera Orilla Cine
36728,Pierrot
36728,TV Tokyo
36728,Shueisha
36728,Aniplex
36728,dentsu
36728,Bandai
1354627,United Plankton Pictures
1354627,Nickelodeon Animation Studio
1354627,Rough Draft Korea
287604,Mafilm
336050,Laokoon Filmgroup
66550,C.N.P.C.
66550,Balanzan
66550,Cinéma Public Films
1000866,Agat Films & Cie / Ex Nihilo
1000866,France 2 Cinéma
1000866,Greenwich Entertainment
25405,Motion Picture Corporation of America
25405,HBO Films
25405,HBO
737568,Double Dutch International
737568,Smash Media
737568,Anamorphic Media
737568,CR8IV DNA
737568,Gora Films
737568,Immediate Media Partners
737568,Infinity Hill
737568,Project Z Entertainment
737568,Lionsgate
15765,Touchstone Pictures
326313,Limon
286604,Mafilm
3513,Quadra Entertainment
85398,Mushi Production
527400,Fred Films
527400,Yoruba Saxon
527400,Endurance Media
527400,Hammerstone Studios
527400,TinRes Entertainment
527400,ACE Pictures Entertainment
12819,Lionsgate
12819,Crest Animation
12819,Crest Animation
12819,Alpha & Omega Productions
597219,Likely Story
97434,FilmNation Entertainment
97434,Crime Scene Pictures
97434,Michael Lobell Productions
97434,ArtPhyl
440361,Bello pille production
12658,Lynda Obst Productions
12658,Fox 2000 Pictures
411741,Star Thrower Entertainment
411741,141 Entertainment
411741,Mighty Engine
347866,Imperative Entertainment
588182,Aamu Film Company
588182,CTB Film Company
588182,SR
588182,Achtung Panda!
588182,Amrion
510713,Centro de Capacitación Cinematográfica (CCC)
2731,Bac Films
2731,Paradis Films
2731,Orly Films
2731,La Générale d'Images
2731,TF1 Films Production
2731,Ciné Cinq
1410937,KVN Productions
1410937,Thespian Films
2335,EuropaCorp
2335,ARP Sélection
2335,TF1 Films Production
2335,Apipoulaï Prod
369655,Baran Film House
364341,Grupo de Producción
397685,Atlantic University College
44639,Representational Pictures
24266,Cambridge Productions
24266,Michael Edgley International
24266,Snowy River Investment Pty. Ltd.
3110,Paramount Pictures
242310,Vocal Yokels
242310,Hannibal Pictures
242310,Patriot Pictures
242310,Saturn Films
625,Goldcrest
625,Enigma Productions
625,International Film Investors
15267,Brightstar Films
9442,Universal Pictures
9442,Aspen Film Society
15515,Morningside Productions
15515,Columbia Pictures
10490,Capella International
10490,KC Medien AG
8868,Gaumont International
8868,Dargaud Films
8868,Les Productions René Goscinny
10414,Touchwood Pacific Partners 1
10414,Walt Disney Pictures
10414,The Avnet/Kerner Company
256569,Potboiler Productions
256569,Protagonist Pictures
256569,Albert Granville
256569,Animal Kingdom
256569,Film4 Productions
939335,Highland Film Group
939335,Broken Open Pictures
939335,Slow Burn
939335,Studio507
939335,Bonfire Legend
261103,Pixomondo Munich
261103,Screen Australia
261103,Buzz Studios
261103,Studio 100 Media
261103,Screen NSW
261103,Flying Bark Productions
261103,ZDF
261103,Fish Blowing Bubbles
261103,M.A.R.K. 13
14003,Square Enix
14003,TBS
14003,Aniplex
14003,Nippan Group Holdings
14003,MBS
14003,SKY Perfect Broadcasting
14003,BONES
14003,Shochiku
14003,dentsu
753453,Bloody Disgusting
753453,Raven Banner Entertainment
753453,Radio Silence
753453,Studio71
753453,Hangar 18 Media
753453,Shudder
753453,Cinepocalypse
79279,Beijing Forbidden City Film
79279,Beijing Film Studio
1243460,Tyler Perry Studios
1243460,Netflix
177494,Warner Bros. Digital
177494,Spondoolie Productions
468224,Fox Searchlight Pictures
468224,TSG Entertainment
468224,Chernin Entertainment
420515,Westendfilme
630392,Piste Rouge
630392,LD Entertainment
1059264,nWave Pictures
1059264,Octopolis
1059264,A Contracorriente Films
760517,See Át Film
261,Avon Productions
261,Metro-Goldwyn-Mayer
263773,Del Toro Films
51429,Toei Company
30675,Marvel Animation
30675,Lionsgate
30675,MLG Productions 8
14817,Paramount Pictures
14817,Nickelodeon Movies
14817,Tollin/Robbins Productions
10426,New Line Cinema
10426,Cube Vision
14903,Disney Television Animation
14903,DisneyToon Studios
928333,iQIYI
928333,PMF Pictures
173122,Top Sun Film Production House
538207,Dream Team Films
538207,Premiere Picture
538207,Signature Pictures
538207,Dog with a Bone Productions
538207,Zone Vision
13613,D.O.D. Productions
13613,Taurus Entertainment Company
13613,Millennium Media
13613,Emmett/Furla Films
13613,Nu Image Entertainment
10471,New Line Cinema
10471,Cube Vision
18533,Vertigo Films
18533,4DH Films
18533,Aramid Entertainment
18533,Str8jacket Creations
18533,EM Media
18533,Scanbox Production
18533,Protagonist Pictures
202538,Contracuadro
22821,Stage 6 Films
22821,Chris Brinker Productions
10032,Bauer Martinez Studios
10032,Tapestry Films
10032,Myriad Pictures
10032,"Van Wilder Deux, Inc."
10032,Metro-Goldwyn-Mayer
265705,Libkow-Film
1547301,Full Moon Features
11637,Revolution Studios
11637,Cube Vision
468202,Medusa Film
468202,Colorado Film
468202,Gavila
468202,Sky Cinema
468202,StudioCanal
47017,CL Productions
47017,Cinegram
47017,Finos Film
47017,Greek Film Centre
47017,ERT
47017,Kappa Film
47017,Nova
47017,Odeon
47017,Panorama Films
30159,Warner Bros. Pictures
30159,Transatlantic Pictures
297021,KADOKAWA
297021,DUB
716594,XYZ Films
716594,Company X
11648,Ubu Productions
11648,Team Todd
11648,Warner Bros. Pictures
11044,Constellation
11044,UGC
11044,Hachette Première
254302,Recorded Picture Company
254302,HanWay Films
254302,Film4 Productions
254302,BFI
254302,Northern Ireland Screen
254302,Ingenious Media
254302,SCOPE Pictures
254302,S Films
31506,UFA
31506,Decla-Bioscop
460648,Heyi Pictures
460648,Sparkle Roll Media
460648,Perfect Village Entertainment
460648,Grindstone Entertainment Group
460648,Lionsgate Premiere
460648,Mango Entertainment
9826,Paramount Pictures
9826,Robert Evans Productions
9826,The Ladd Company
9826,Village Roadshow Pictures
10511,East of Harlem (UK)
10511,Hell's Kitchen
10511,Irish Film Industry
10511,Fox Searchlight Pictures
583481,Les Amis de Cinématon
583481,La Fondation Gérard Courant
290865,Sidus
290865,Lotte Entertainment
41436,Paramount Pictures
41436,Blumhouse Productions
41436,Solana Films
41436,Room 101
7181,Foggy Notions Unlimited
13685,Gracie Films
13685,Columbia Pictures
13685,Boyle-Taylor Productions
513302,Futurikon
513302,France 3 Cinéma
609972,Room 101
609972,Blumhouse Productions
609972,Paramount Players
609972,Solana Films
174343,Unified Pictures
174343,Amberdale Productions
174343,Bron Studios
15662,HDNet Films
15662,Sanford%2FPillsbury Productions
637254,120E Films
637254,It Was Written
340677,Fastnet Films
340677,Irish Dreamtime
340677,Ciné+
340677,22H22
340677,Mutressa Movies
340677,Friendly Films
340677,Canal+
340677,Voltage Pictures
11010,Esterno Mediterraneo Film
11010,Cecchi Gori Group Tiger Cinematografica
11010,K2 Two
11010,Blue Dahlia Productions
11010,Penta Film
1422029,Low Hanging Fruit Studios
1422029,Object & Animal
1422029,Avocado Pictures
1422029,Bleachfilms
965731,Shochiku
965731,DUB
965731,HI-AX
121674,Number 9 Films
121674,BBC Film
121674,Unison Films
121674,Lipsync Productions
1755360,NovasVeiras Produccións
110552,Sahamongkolfilm
110552,Baa-Ram-Ewe
1406887,Amano Creative
1381087,Temple Hill Entertainment
1381087,Nostromo Pictures
1381087,Protagonist Pictures
10615,MTV Films
10615,Paramount Pictures
10615,Alphaville Films
10615,Chris Rock Entertainment
10615,3 Arts Entertainment
10615,HBO Downtown Productions
452970,Toei Animation
452970,Toei Company
1755583,University of South Wales
11050,Paramount Pictures
463843,Blumhouse Productions
463843,Universal Pictures
1440049,Republic Pictures
1440049,Dakota Kid Productions
1440049,The Long Game
1440049,Republic Pictures
1211442,Present Company
1211442,Cow Hip Films
1211442,Dead End Pictures
1211442,MacPac Entertainment
1211442,Spark Features
1211442,The Sakana Foundation
1211442,Sons of Rigor Films
1211442,Cinema Inutile
1211442,Cinereach
1211442,Fit Via Vi
1211442,Crowded Table
604605,Graphinica
604605,TOHO
604605,Hikari TV
604605,Shueisha
604605,jeki
604605,movic
604605,MBS
604605,TV Osaka
604605,Kansai Television
604605,Yomiuri Telecasting Corporation
604605,Lawson Entertainment
604605,CyberAgent
604605,Marui Group
604605,Tokyo MX
604605,LINE
604605,Memory-Tech Holdings
27062,Yongning Creation Workshop
27062,Kwan's Creation Workshop
39691,Village Roadshow Pictures
39691,Polymorphic Pictures
39691,Mad Chance
39691,CD2 Films
39691,Warner Bros. Pictures
253376,Morena Films
253376,Filmax International
549514,Hidden Empire Film Group
549514,Lionsgate
810171,3Pas Studios
810171,Lionsgate
1429348,FOZ
1429348,France 2 Cinéma
1429348,Gaumont
1429348,SCOPE Pictures
1429348,Macassar Productions
266294,Little Stranger
14030,Chenault Productions
14030,20th Century Fox
774741,Walt Disney Pictures
774741,Bardel Entertainment
1738010,Marvel Studios
1738010,Kevin Feige Productions
345009,Eagle Pictures
345009,The Safran Company
345009,Roxbury
345009,SUN FILM
345009,MiC
3480,Les Productions Artistes Associés
10685,Universal Pictures
10685,Lewitt / Eberts Productions
10685,Choi / Niami Productions
10685,"Driven Productions, Inc."
10685,Interlight
6073,Newmarket Films
6073,Lawrence Bender Productions
6073,Pistolero Productions
6073,DreamWorks Pictures
79224,Lotte Entertainment
79224,Dasepo Club
79224,DCG Plus
79224,Sovik Venture Capital
1496696,Rabbits Black
1496696,Hadron Films
1496696,Mitchell & Start Films
1496696,Four J Films
50647,Relativity Media
50647,A Hot Dog
50647,Apatow Productions
50647,Universal Pictures
9969,New Regency Pictures
9969,Corduroy Films
399796,On the Day
399796,New Line Cinema
791348,Warner Bros. Animation
791348,DC
54065,TVE
54065,Canal+ España
54065,Eurimages
54065,Rodeo Drive
54065,European Script Fund
360605,GWave Productions
360605,Disney Channel
199584,MCMC
199584,KEYEAST
199584,Michigan Venture Capital
199584,Daemyung Culture Factory
199584,Showbox
434552,iAMredHam
251519,Warner Bros. Animation
251519,DC
462650,DreamWorks Animation Television
1389149,Dharmatic Entertainment
22683,Johnson & Johnson Spotlight Presentations
22683,Magna Global Entertainment
22683,Sony Pictures Television
22683,The Hatchery
22683,Thomas Carter Company
9624,Warner Bros. Pictures
9624,Seagal/Nasso Productions
731165,Hava Sarajevo
566872,MJZ
566872,Rumble Films
566872,Wonderful Films
566872,Indiana Production
1468057,Vie Vision Pictures
567587,Luca Films
1629257,Salamandra Film
1409389,Burst Brain
1409389,Nikkatsu Corporation
205724,Private Island Trax
205724,The Salt Company International
205724,Pimienta
205724,120dB Films
205724,Stun Creative
46198,fiftyfilms
46198,Gravitas Ventures
46198,Peace by Peace Productions
16235,The De Laurentiis Company
16235,Media Transactions
16235,Estudios Churubusco Azteca
19761,Transcontinental Film Productions (London)
19761,ITC Entertainment
1581613,Victorian College of the Arts
1037264,CG Cinéma
1037264,Lupa Film
1037264,ARTE France Cinéma
1037264,Hype Studios
1037264,Scala Films
1037264,Forma Pro Films
1037264,Cimarrón Cine
1037264,Piano
1037264,Gold Rush Pictures
1037264,Lorem Ipsum
1037264,Red Production Company
44835,Handsomecharlie Films
44835,American Work
44835,Corner Store Entertainment
44835,The Last Picture Company
44835,Dreamagine Entertainment
44835,Filmula
44835,DRO Entertainment
44835,CatchPlay
44835,Blue-Tongue Films
12519,British Screen Finance Ltd
12519,Sarah Radclyffe Productions
12519,Samson Productions Pty. Ltd.
12519,WMG Film
11548,Amblin Entertainment
11548,Universal Pictures
489931,Film4 Productions
489931,RAW
489931,Lava Bear Films
489931,AI Film
606403,Next Entertainment World
606403,M Pictures
177888,Rainforest Productions
760868,Indio Film
1567607,Strange Path Productions
82657,Vertigo Entertainment
82657,Ozla Pictures
82657,Ozla Productions
14636,Condemned Productions
14636,Sidestreet Entertainment
14636,WWE Studios
14636,Colossal Entertainment
14636,New Wave Entertainment
14636,Lionsgate
10641,Lakeshore Entertainment
10641,Metro-Goldwyn-Mayer
9662,Les Armateurs
9662,Production Champion
9662,Vivi Film
9662,France 3 Cinéma
9662,RGP France
9662,BBC Bristol Productions
9662,BBC Worldwide Productions
40213,Seasonal Film Corporation
40213,Xiaoxiang Film Studio
16140,Horipro
16140,Konami
16140,Nikkatsu Corporation
16140,Nippon Television Network Corporation
16140,Shochiku
16140,Shueisha
16140,Yomiuri Telecasting Corporation
16140,VAP
16140,Warner Bros. Japan
14148,Lucky 50 Productions
14148,Double Nickel Entertainment
14148,Templar Production
14148,Bauer Martinez Studios
14148,Gibraltar Films
14148,Basic Pictures
110143,Devon Cinematografica
110143,Dania Film
654550,Insider Pictures
654550,Post Productions
654550,Formula Drift
9570,Walt Disney Productions
174751,1821 Pictures
174751,Handsomecharlie Films
174751,Scott Pictures
174751,Straight Up Films
174751,Unanimous Pictures
30709,Metro-Goldwyn-Mayer
30709,Aldrich Company
670266,Universal 1440 Entertainment
670266,Living Films
921436,The LAMP
921436,Plus M Entertainment
20235,Disney Television Animation
581997,Warner Bros. Animation
581997,DC
581997,Nickelodeon
433630,Baker Entertainment Group
433630,EFO Films
865498,Eskwad
865498,Wild Bunch
865498,M6 Films
865498,Sony Pictures Entertainment France
865498,Sony Pictures International Productions
865498,Canal+
865498,Ciné+
865498,M6
323677,Trinity Race
323677,Solofilms
323677,Trinica Entertainment
323677,ID+
323677,Mister Smith Entertainment
323677,The Jesse Owens Foundation
1753582,One Person House Film
961722,Harpo Productions
961722,Network Entertainment
961722,Hudlin Entertainment
1649758,Creative Control
1649758,Roc Nation
1649758,Known
785845,Opus Arte
11483,Cominco
11483,Carthago Films
11483,Accent Films
11483,The Cannon Group
266390,Dorado Films S.A.
266390,Penta Film
1389255,Motion Picture Corporation of America
1389255,Brad Krevoy Television
1088766,Scenenala Films
25296,Ang Lee Productions
25296,Central Motion Picture Corporation
25296,Good Machine
15573,Sanford Productions (III)
15573,Warner Bros. Pictures
1261188,Way Creative Films
507532,Krasnoff / Foster Entertainment
507532,101 Studios
507532,Bosque Ranch Productions
11355,Fox 2000 Pictures
11355,Bushwood Pictures
11355,Flower Films
11355,Never Been Kissed Productions
11355,20th Century Fox
1116,Sixteen Films
1116,Matador Pictures
1116,Regent Capital
1116,Element Pictures
1116,BiM Distribuzione
1116,EMC
1116,Tornasol Media
1116,Fís Éireann/Screen Ireland
1116,UK Film Council
1116,TV3
449573,Projectograph
621321,Svenska Biografteatern
308,Focus Features
308,Bac Films
308,Five Roses
79548,Sidney Kimmel Entertainment
79548,Summit Entertainment
79548,Lakeshore Entertainment
16180,Academy Pictures
16180,20th Century Fox
396493,Duplass Brothers Productions
396493,Blumhouse Productions
1510688,Star Cinema – ABS-CBN Film Productions
1510688,The IdeaFirst Company
1510688,Viva Films
54540,Walt Disney Home Video
69668,Cliffjack Motion Pictures
69668,Morgan Creek Entertainment
11137,Stillking Films
11137,Sobini Films
11137,Epsilon Motion Pictures
11137,Paramount Pictures
11137,Lions Gate Films
2003,CB Films
2003,Flach Film
451342,Nanou Film
451342,ORTF
1265344,20th Century Studios
1265344,Ethea Entertainment
11841,Shaw Brothers
1242015,Les Films du Fleuve
1242015,Archipel 33>35
1242015,The Reunion
1242015,France 2 Cinéma
1242015,BeTV
1242015,Orange
1242015,Proximus
1242015,RTBF
1242015,Centre du Cinéma et de l'Audiovisuel de la FWB
44453,Compagnie Industrielle et Commerciale Cinématographique
45284,Tokyo FM
45284,Bandai Visual
45284,Omnibus Japan
45284,Office Kitano
45284,Warner Bros. Japan
45284,Celluloid Dreams
25642,Cartoon Network Studios
25642,Trouper
25642,Man of Action Entertainment
25642,Cartoon Network Movies
1476614,Cinéfrance Studios
1476614,Office Shirous
1476614,Bitters End
1476614,Tarantula
1476614,Heimatfilm
1476614,ARTE France Cinéma
1476614,GapBusters
1476614,Same Player
1476614,Marignan Films
1476614,Fictive
1476614,Dauphin Films
1476614,Saudade Film
16938,August Films
16938,Film Funding Ltd. of Canada
16938,Vision IV
16938,Canadian Film Development Corporation
16938,Famous Players
332855,Impala
332855,Pedro Masó PC
84278,Famartists Productions
84278,United Artists
861836,Glaciar Films
861836,Pinda Producciones
467632,Electric Entertainment
467632,Global Pictures Media
494884,ORTF
1716269,Mandela Pictures
1716269,Limelight Pictures
1716269,Senara Films
748787,Walker & Worm Film
748787,Dor Film
748787,BR
748787,ORF
748787,StudioCanal
748787,Studio Babelsberg
748787,ARD
748787,ARD Degeto
499088,Studio B Animation
499088,Studio 100 Media
499088,Flying Bark Productions
24099,Zupnik-Curtis Enterprises
146239,DreamWorks Pictures
146239,Reliance Entertainment
146239,André Rouleau Productions
925786,Rapi Films
925786,Sky Media
925786,Brown Entertainment
925786,Come and See Pictures
1151766,W/A Studio
1151766,A2Z Entertainment
682153,Fujiko Productions
682153,Shin-Ei Animation
682153,Shogakukan
682153,TV Asahi
682153,ADK Emotions
682153,Shogakukan-Shueisha Productions
13092,UK Film Council
13092,Intandem Films
13092,Number 9 Films
13092,Aramid Entertainment
13092,Lipsync Productions
13092,Film4 Productions
1427833,Fantefilm
68635,Elite Film
258539,Centro de Capacitación Cinematográfica (CCC)
39205,TMS Entertainment
39205,TOHO
39205,Shogakukan
39205,Yomiuri Telecasting Corporation
39205,Nippon Television Network Corporation
39205,Shogakukan Production
10498,Warner Bros. Pictures
10498,Linson Entertainment
1356670,Zodiac Pictures
1356670,SRF
1356670,SRG SSR
1356670,MMC Zodiac
689928,VKSR
1909,American Zoetrope
1909,New Line Cinema
1909,Juno Pix
1909,Outlaw Productions
475215,Studio Chizu
475215,D.N. Dream Partners
475215,NTT Docomo
475215,Nippon Television Network Corporation
475215,KADOKAWA
11071,Warner Bros. Pictures
450890,Iglu Filmes
440597,Broad Green Pictures
440597,Busted Shark Productions
440597,Orion Pictures
24993,Kings Road Entertainment
317557,Cine Mosaic
317557,Mirabai Films
1155058,Warner Bros. Animation
1155058,Paramount Pictures
1155058,DC
457943,Stolen Picture
457943,Catalyst Global Media
457943,Sony Pictures International Productions
11575,Jalem Productions
11575,Patricia Productions
11575,Reynard Productions
73245,Shueisha
73245,Pierrot
73245,TV Tokyo
73245,dentsu
73245,Aniplex
73245,TOHO
73245,Bandai
73245,Sony Interactive Entertainment
1009256,Film School of the Aristotle University of Thessaloniki
18329,Block 2 Pictures
18329,Seowoo Film Company
18329,Prénom H Co. Ltd.
18329,Jet Tone Production
513427,Playground Entertainment
513427,Sonia Friedman Productions
513427,BBC
513427,Amazon Studios
513427,Lemaise Pictures
381126,Barroca Filmes
274840,Vieux Colombier
274840,Le Théâtre Marigny
274840,France•3
274840,Néria Productions
274840,Euripide Productions
274840,La Comédie-Française
274840,Le Centre National De La Cinematographie
35412,Stanley Kramer Productions
12143,Pressman Film
443463,Bron Studios
443463,First Look Media
443463,Harrison Productions
443463,Topic Studios
443463,Stage 6 Films
443463,Bleecker Street
386227,SAA Productions
159932,Unified Pictures
159932,Bron Studios
159932,Demarest Films
159932,Unanimous Pictures
637676,Xstream Pictures
170908,Radiotelevizija Beograd
1020414,Jagged Edge Productions
1020414,ITN Studios
522925,Pressman Film
522925,Zephyr Films
522925,Serein Productions
522925,Room 9 Entertainment
522925,Neon Productions
522925,Popcorn Group
76812,Battleplan Productions
76812,Compadre Entertainment
76812,Paradox Studios
76812,AMBI Group
2375,SNC
2375,Bela Productions
9819,Tribeca Productions
9819,Miramax
9819,Scott Rudin Productions
283378,Apex Entertainment
283378,Silver Reel
283378,Mayhem Pictures
283378,Lotus Entertainment
814216,CHATEAU DE VERSAILLES
69315,David Eick Productions
69315,R&D TV
69315,USA Cable Entertainment
69315,Universal Television
104819,V&R Planning
104819,Orozco Productions
279641,Paramount Pictures
279641,Broadway Video
279641,Little Stranger
478820,France 2 Cinéma
478820,Gaumont
478820,Mandarin Production
478820,France 3 Cinéma
478820,SCOPE Pictures
478820,CN6 Productions
478820,Actes Prolétariens
478820,120 Films
478820,Entourage Pictures
478820,Canal+
478820,Ciné+
478820,France Télévisions
478820,BNP Paribas Fortis
25128,Behaviour Worldwide
25128,MDP Worldwide
401741,CANADA
11184,Fox Searchlight Pictures
11184,Qwerty Films
11184,N1 European Film Produktions
11184,Pretty Pictures
11184,American Zoetrope
11184,Myriad Pictures
898042,Civica Scuola di Cinema di Milano
4241,CineRocket
4241,"Trustech Japan Co., Ltd."
425507,Black Maple Films
425507,iAm21 Entertainment
425507,Washington Square Films
1154269,Kelas Bintang
1154269,Karya Bintang Bersama
25961,Pikachu Project
25961,TV Tokyo
25961,The Pokémon Company
25961,Shogakukan
25961,Media Factory
25961,TakaraTomy
25961,jeki
25961,OLM
25961,Shogakukan Production
4972,M&M Productions
12584,The De Laurentiis Company
12584,Paramount Pictures
14223,TriStar Pictures
14223,Blueprint Pictures
14223,Section Eight
1747492,Great Future Productions
2153,20th Century Fox
2153,EMI Films
37185,Orange Sky Golden Harvest
37185,United Filmmakers Organisation (UFO)
59468,Elixir Films
59468,Filmax
59468,Castelao Productions
59468,The Way Productions
59468,Produccions A Fonsagrada
17127,20th Century Fox
1749484,Paradiso Cinemas
1749484,Pixlan Entertainment
14621,Norman Twain Productions
14621,Warner Bros. Pictures
11352,Universal Pictures
11352,United Artists
11352,Amblin Entertainment
818356,Walt Disney Pictures
205321,Syfy
205321,The Asylum
205321,Southward Films
301804,MICA Entertainment
301804,Intrepid Pictures
301804,Demarest Films
2463,Win's Entertainment Ltd.
2463,Milkyway Image
455714,Jor Kwang Films
455714,GDH 559
9606,Bandai Visual
9606,Destination Films
9606,TOHO
9606,dentsu Music and Entertainment
9606,King Records
9606,Madhouse
9606,KADOKAWA Shoten
9606,Tezuka Productions
9606,IMAGICA
9606,STUDIO4℃
9606,Sony Pictures Television Japan
9606,dentsu
10236,Tom Ward Enterprises
10236,Columbia Pictures
10236,Rastar Productions
6916,Capital Film
6916,Filmayer
14208,Turner Network Television
14208,Electric Entertainment
14208,Blue Sky Films
509635,Mill House Motion Pictures
509635,Paperclip
509635,XYZ Films
999243,30WEST
999243,Aggregate Films
999243,Kid Brother Productions
450487,LD Entertainment
450487,Codeblack Films
450487,Original Headquarters
369894,Mockingbird Pictures
369894,Dominion Pictures
184125,Lynn Peak Productions
184125,Studio West Productions(VCC)
869976,Películas
296100,Good Universe
296100,Point Grey Pictures
296100,Columbia Pictures
10150,Rankin/Bass Productions
10150,ITC Entertainment
2313,Universal Pictures
2313,Team Todd
2313,Prime Film Productions LLC
2313,Younger Than You
11248,HBO
10694,Capitol Films
10694,Hercules Films
10694,20th Century Fox
10694,Taurus Film
625505,Hipnóticos Filmes
204553,Next Entertainment World
204553,Zip Cinema
204553,Opus Pictures
204553,Union Investment Partners
204553,Sundream Motion Pictures
204553,Seoul Film Commission
204553,United Pictures
204553,Korean Film Council
204553,CJ Investment
1360,Miramax
1360,Margaret Rose Perenchio Productions
1360,Ventanarosa
1360,Lionsgate
505706,Bombero International
505706,Pathé
505706,Warner Bros. Film Productions Germany
9541,Miramax
9541,View Askew Productions
9541,Beverly Detroit Studios
17339,Columbia Pictures
17339,American International Pictures
17339,Navarone Productions
529485,Warner Bros. Pictures
529485,Pearl Street Films
529485,Mayhem Pictures
529485,Bron Studios
592230,Prospector Films
436274,Title Media
436274,EMAfilms
436274,Peripatetic Pictures
1273196,Imagine Documentaries
1273196,Diamond Docs
209361,Relevant Entertainment
209361,Syco Television
209361,Weston Pictures
209361,The Weinstein Company
26405,NLT Productions
26405,Group W
1752411,Short Walk Studios
50475,Cinema Service
50475,CJ Entertainment
50475,The Dream & Pictures
497814,Will Packer Productions
497814,Practical Pictures
11164,Walt Disney Pictures
11164,Avnet/Kerner Productions
1572073,ChampDog Films
1572073,ITN Distribution
347717,Azerbaijanfilm
347717,Tiskino
49022,Wild Ocean Films
49022,Alcon Entertainment
49022,2S Films
49022,Summit Entertainment
49022,Warner Bros. Pictures
1662127,Jesse Collins Entertainment
1662127,Diversified Production Services
1662127,Roc Nation
314860,Green Box
314860,Strefa Ciało
9062,Paramount Pictures
9062,Love Story Company
808090,Epix
808090,Blumhouse Television
568271,American Millimetre
568271,ReKon Productions
568271,The Daily Wire
11101,B.A. Produktion
11101,Bavaria Film
11101,Perathon Film-und Fernsehproduktions
11101,Royal Filmproduktions GmbH
240916,Paradox Entertainment
240916,Grindstone Entertainment Group
240916,South Creek Pictures
240916,Bavariapool
240916,Téléfilm Canada
240916,MFM
240916,Eagle Vision
240916,Voltage Pictures
354282,Eclectik Vision
354282,Storm Vision Entertainment
61891,Centropolis Entertainment
61891,Columbia Pictures
61891,Relativity Media
61891,Studio Babelsberg
787052,Seventh Street Productions
58496,Universal Pictures
58496,StudioCanal
58496,Working Title Films
58496,Midfield Films
10478,Regency Enterprises
10478,Warner Bros. Pictures
1239198,Suma Content
12914,Acme Shark
12914,Metro-Goldwyn-Mayer
67660,Rainforest Entertainment
638134,Timeless Films
638134,China Film Group Corporation
1319895,Dovetale Media
1319895,Fun Republic Pictures
1319895,Julijette
1319895,Karma Films
1509364,Rikch'Ariy Studios
227300,IM Global
227300,Universal Pictures
227300,Blumhouse Productions
227300,Chambara Pictures
255404,Dramatiska Institutet
50253,Toei Animation
11384,The Badham-Cohen Group
11384,Universal Pictures
7270,Warner Bros. Pictures
7270,ImageMovers
7270,Scott Free Productions
7270,Rickshaw Productions
7270,LivePlanet
1752610,Blaze Bizzness
715123,Fuzzy Door Productions
715123,Touchstone Television
446345,Les Meutes Films
15383,Fono Roma
15383,Les Films Corona
619278,Universal 1440 Entertainment
619278,Imagine Entertainment
489326,Eldorado Films
489326,42
489326,Automatik Entertainment
489326,Stardust Effects
489326,Nordisk Film Norway
489326,Zefyr Media Fund
1039882,Yong Film
1039882,HighZium Studio
1739499,Motel Zero
84348,The Collective
84348,8383 Productions
84348,Bloody Disgusting
81128,Paka Hill Film Production Co.
81128,Movie Impact Ltd
81128,Paka Hill Productions
81128,Movie Impact
145,Zentropa Entertainments
145,SVT Drama
145,Nordisk Film & TV Fond
145,La Sept Cinéma
145,VPRO
145,Media Investment Club
145,Trust Film Svenska
145,Liberator Productions
145,Argus Film Produktie
145,Northern Lights
145,DR TV
145,Villealfa Filmproductions
145,YLE
145,ZDF
15856,William Castle Productions
15856,Allied Artists Pictures
8766,Dimension Films
8766,Miramax
8766,Trans Atlantic Entertainment
623135,The Tower Pictures
623135,Showbox
1515899,Interscope Films
1515899,Darkroom Records
1515899,Lightstorm Earth
406994,Best Medicine Productions
406994,Storm Vision Entertainment
316873,TMS Entertainment
316873,TOHO
316873,Shogakukan
316873,Yomiuri Telecasting Corporation
316873,Nippon Television Network Corporation
316873,V1 studio
316873,Shogakukan-Shueisha Productions
6589,Walt Disney Pictures
6589,Classic Media
6589,Have No Fear Productions
6589,Spyglass Entertainment
6589,Maverick Films
1901,Depth of Field
1373445,Shudder
1373445,Cinepocalypse
1373445,Bloody Disgusting
1373445,Studio71
1373445,Image Nation Abu Dhabi
1373445,Spooky Pictures
1373445,Speed Demon Productions
444996,Toei Video Company
82390,Lee Daniels Entertainment
82390,Nu Image
82390,Millennium Media
51741,YLE
51741,Kinotar
740441,Studio N
740441,Mizi Film
740441,CJ Entertainment
1555951,Vivamax
1395724,Legend Pictures
26594,Prime Time Productions
35196,Miramax
1001117,Les Productions Splendens
11132,Walt Disney Pictures
15698,The Turman-Foster Company
15698,David Foster Productions
15698,Metro-Goldwyn-Mayer
1367125,Irusoin
1367125,Ikusgarri Films
1367125,EiTB
1367125,Vilaüt Films
1367125,TVE
37861,BBC Film
37861,La Belle Allee Productions
37861,NWR Film Productions
37861,One Eye Production
37861,Savalas Audio Post-Production
37861,Nimbus Film
10172,Revolution Dream Productions
10172,Revolution Studios
10172,Cube Vision
10172,RKO Pictures
1748693,Multi Utama Sdn Bhd
849869,See Át Film
749274,Malpaso Productions
749274,Albert S. Ruddy Productions
749274,Warner Bros. Pictures
520725,Prélude
520725,Pathé
520725,StudioCanal
520725,TF1 Films Production
520725,Belga Productions
520725,Korokoro
520725,Wallimage
520725,Canal+
520725,Ciné+
520725,TF1
520725,TMC
520725,Belga Films
520725,Beside Productions
572154,CloverWorks
572154,Aniplex
572154,ABC Animation
572154,KADOKAWA
572154,Tokyo MX
572154,Nagoya Broadcasting Network
572154,BS11
572154,Hakuhodo DY Music & Pictures
65765,Diana Exclusivas
805327,Screen Arcade
805327,CatchLight Studios
811592,Signature Films
811592,Screen Media Films
811592,Fiction Films
811592,Lipsync Productions
811592,Taurus Film
81250,Mandeville Films
81250,"Bad Angels Productions, Ltd."
6715,Universal Pictures
6715,Island World
55685,International Daunia Film
890825,Little Monster Films
890825,Noah Media Group
1217690,Angel Studios
1217690,Black Autumn Show
1217690,Skies Fall Media Group
1217690,Radiate Films
1217690,2521 Entertainment
39324,Fuji Television Network
39324,Toei Company
560144,Mirabelle Pictures Productions
560144,Artbox
560144,Fasten Films
560144,Media Finance Capital
560144,M45 Productions
560144,Hydraulx
560144,Gifflar Films Limited
560144,Lipsync Productions
560144,XYZ Films
560144,Vertical
560144,UAB Cobaltas
560144,Cobalt Films
211292,Cineproduzione Emo Bistolfi
367976,Mascaret Films
11178,Shin Cine Communications
952713,Lebran
952713,Filipinas Productions
71670,RCR Media Group
71670,Stage 6 Films
71670,Next Entertainment
24056,Sherwood Schwartz Productions
24056,Storitel
24056,Mann Made Films
508935,Beijing Diqi Yinxiang Entertainment
508935,Huayi Brothers Pictures
508935,Beijing Enlight Pictures
508935,Tencent Pictures
508935,South Australian Film Corporation
508935,Huaxia Film Distribution
24924,Meridian Productions
24924,Paragon Arts International
24924,Blue Rider Pictures
24924,Republic Pictures
24924,Skouras Pictures
83,Plunge Pictures LLC
83,Lions Gate Films
83,EastGate Films
472501,VBLOCK MEDIA JOINSTOCK COMPANY
86003,JVD
219598,Mafilm
523638,Eleven Arts Studios
523638,Untitled Entertainment
523638,XYZ Films
523638,Patriot Pictures
523638,Boos Boos Bang Bang
523638,Saturn Films
523638,Sion Production
523638,KOMODO PRODUCTIONS
523638,Union Patriot Capital Management
670592,Compañía Cinematográfica Mexicana
475946,Alcon Entertainment
475946,CyPic
215110,The Jubran Group
215110,Rebo High Definition Studio
136,Metro-Goldwyn-Mayer
1085165,The Rebels Productions
1716573,Crooked Teeth Films
401,Camelot Pictures
401,Jersey Films
401,Double Feature Films
401,Large's Ark Productions
9613,Davis Films
9613,Artists Independent Network
9613,Capitol Films
9613,Grosvenor Park Productions
9613,Catherine Bailey Productions
9613,Odeon Films
9039,Senator Film
9039,Propaganda Films
9039,Columbia Pictures
542692,HR
542692,ARTE
1335666,Nevision
1335666,Gold Rush Pictures
1335666,Infinity Hill
1335666,Blazing Griffin
1335666,Head Gear Films
1335666,Metrol Technology
1335666,Oval-5
1214130,GFM Animation
1214130,Rabbits Black
1214130,Aniventure
1214130,GRINGO films
1214130,Fabrique d'images
1214130,Senator Film
1214130,Traumhaus Studios
1214130,Assemblage Entertainment
62206,Columbia Pictures
62206,Red Hour
62206,MRC
14787,Warner Bros. Animation
14787,Turner Entertainment Co.
14787,Warner Bros. Family Entertainment
1594615,Trois Global Films
1594615,Trois Films
1594615,Maxima Pictures
466,Gus Productions
466,Warner Bros. Pictures
1452827,Silverback Films
1452827,Disneynature
978796,Lionsgate
978796,Temple Hill Entertainment
978796,Media Capital Technologies
481551,Golden Screen Productions
1085055,Samferða
48180,Aries Films International
48180,New Horizons Picture
397837,Jon Shestack Productions
397837,Awesomeness Films
331160,Film Crewe Productions
10969,Universal Television
10969,Charles E. Sellier Productions
10969,River Rock Productions
11191,The Samuel Goldwyn Company
11191,Night Life
949132,Telefilm Chisinau
9430,Banner Entertainment
9430,Saratoga Entertainment
662092,ORTF
644092,Ian Bryce Productions
18837,Studio Nue
18837,Triangle Staff
18837,Bandai Visual
18837,Studio Boston
610219,Amazon MGM Studios
94047,CJ Entertainment
94047,Directors
94047,SK Planet
11563,Orange Sky Golden Harvest
5764,Granada Entertainment
9962,Hungry Eye Lowland Pictures
9962,Myriad Pictures
9962,In-Motion AG Movie & TV Productions
1747727,Natives Filmworks
1747727,Michelangelo Productions
765119,Apatow Productions
73134,Stéphan Films
73134,Filmédis
73134,Planet-Film
73134,Crown International Pictures
98339,H2O Motion Pictures
98339,Middle Child Films Inc.
98339,Quickfire Films
582596,QC Entertainment
582596,Happy Madison Productions
10133,Miramax
10133,Pandora Cinema
960258,Altitude Film Sales
960258,Ingenious Media
292280,Los Angeles Media Fund
292280,Intrepid Pictures
292280,STXfilms
1244531,Bronte Pictures
1244531,Pictures in Paradise
11177,Universal Pictures
1297028,Mucho Mas Media
1297028,Silk Mass
1297028,Jaguar Bite
589594,Red Sea Media
589594,Ace Films
38842,Paramount Pictures
38842,Mallick Media
38842,Oxymoron Entertainment
38842,Middle Pictures
9393,Seven Pictures
9393,Constantin Film
9393,OLGA FILM
9299,Las Producciones del Escorpión
403605,Screenplay Infinite Films
21500,Orion Pictures
17182,Paramount Pictures
751741,21 Laps Entertainment
751741,1492 Pictures
751741,Walt Disney Pictures
360301,Cine-Clube de Avanca
460326,Filmbüro Süd
699440,RTP
617768,Serendipity Point Films
617768,Lyla Films
617768,Feel Films
617768,Film House Germany
617768,Proton Cinema
14746,Universal Pictures
14746,RKO Pictures
14746,Silver Pictures
1469141,Rollin Studios
1469141,Toei Company
1469141,ROJI
1469141,Lou Lou Film Studio
357407,Geno Studio
357407,Fuji Television Network
357407,Aniplex
357407,TOHO
357407,Kansai Television
357407,Kyoraku Industrial Holdings
357407,dentsu
357407,Sony Music Entertainment (Japan)
33320,Madhouse
243119,Cinema em Cena Produções
242090,Duplass Brothers Productions
185648,Nikkatsu Corporation
1094473,MC4
1094473,Gébéka Films
1094473,Kinology
323196,3 Sat
146301,Blumhouse Productions
146301,Paramount Pictures
146301,Room 101
146301,Solana Films
430384,Four Seasons of Younghwasa
553168,Nikkatsu Corporation
506734,Warner Bros. Animation
506734,DC Entertainment
506734,The LEGO Group
26688,Karz Entertainment
26688,Summit Entertainment
26688,House Row Productions
1075456,Searchlight Pictures
1075456,RT Features
1075456,Department of Motion Pictures
12280,Imagine Entertainment
12280,Universal Pictures
686971,Arina
686971,Mediapulz
686971,RTVS
37414,Revolution Films
37414,Indion Entertainment Group
37414,Hero Entertainment
37414,Muse Productions
37414,Stone Canyon Entertainment
37414,Curiously Bright Entertainment
37414,BOB Film Sweden
37414,Film i Väst
303903,jeki
303903,OLM
303903,Pikachu Project
303903,Shogakukan-Shueisha Productions
303903,TV Tokyo
303903,TakaraTomy
303903,The Pokémon Company
303903,Shogakukan
1501204,(주) IONPICK
343224,Espectrafilms
343224,2town
232954,Pathé Frères
10675,Warner Bros. Pictures
10675,The Mount Company
5241,Lorimar Motion Pictures
289222,Scion Films
289222,Czech Anglo Pictures
289222,Focus Features
289222,Electric City Entertainment
289222,Mike Tollin Productions
289222,Sierra/Affinity
289222,MadRiver Pictures
330313,Adaptable Man Productions
426613,Beachside Films
426613,Parkville Pictures
232351,N-7411 Trondheim
232351,Faction Film
232351,Kjøpmannsgata 40
24655,Universal Pictures
24655,Hollywood Road Films
304158,Deboshir Film
304158,Films Unlimited
1699155,Story Syndicate
719410,Oxygen Film Studio
719410,CMC Entertainment
719410,Sony Pictures International Productions
719410,Flash Forward Entertainment
719410,Bossdom Digiinnovation
719410,Taipei Film Commission
719410,Parce Que Films
248087,Amuse Soft Entertainment
248087,TOHO
248087,Shirogumi
248087,Robot Communications
248087,AMUSE
248087,dentsu
248087,Shuji Abe Office
248087,J Storm
248087,Ohta Publishing
248087,Kodansha
248087,Futabasha
248087,The Asahi Shimbun
248087,NIKKEI
248087,KDDI
248087,Tokyo FM
248087,Nippan Group Holdings
248087,GYAO
248087,Chunichi Shimbun
248087,THE NISHINIPPON SHIMBUN
21481,Disney Channel
21481,Carla Singer Productions
381693,DreamWorks Animation
860747,Bennies Films
1641,Roth/Arnold Productions
1641,DreamWorks Pictures
243940,Lionsgate
243940,Blumhouse Productions
243940,Chapter One Films
243940,Relativity Media
4283,Hollywood Pictures
4283,Sarah James Productions
4283,Film Africa Worldwide
4283,Pariah
157843,Benaroya Pictures
157843,120dB Films
157843,Palmyra Films
157843,Sierra/Affinity
157843,Elevated Films
1154598,Atomic Cartoons
1154598,Marvel Studios
1154598,The LEGO Group
466876,Vanguard Animation
466876,3QU Media
466876,SC Films International
466876,Cinesite Animation
466876,Aniventure
9642,M6 Studio
9642,A. Film Production
9642,Mandarin SAS
9642,SND
9642,2d3D Animations
12118,Police Academy Productions
12118,Warner Bros. Pictures
826942,Duplass Brothers Productions
826942,Limelight
436391,Filmmaker R&K
436391,CJ Entertainment
436391,filmK
1115395,Aurum Film
1085103,20th Digital Studio
364116,Pindrop
364116,Kriti Productions
364116,Fugitive Studios
364116,HireWorks
364116,Lipsync Productions
364116,Fire Axe Pictures
1497017,Titmouse
1497017,Williams Street
1077782,23ten
1077782,Source Management + Production
1077782,Aperture Media Partners
1077782,Pfaff & Pfaff Productions
1077782,LB Entertainment
1077782,Wee Buns Films
1077782,Northern Ireland Screen
1077782,Highland Film Group
1077782,Yellow Moon
1077782,Dark Castle Entertainment
384677,Treehouse Pictures
45162,Warner Premiere
45162,Warner Bros. Animation
45162,DC
803839,The Guardian
1049574,VMI WorldWide
1049574,Sandaled Kid Productions
1939,20th Century Fox
1161108,Chi-Fou-Mi Productions
1161108,ARTE France Cinéma
127521,Rodin Entertainment
127521,Motion Picture Corporation of America
12545,Universal Pictures
75948,Juli Entertainment Media
332979,Sikelia Productions
332979,Younger Than You
332979,Verdi Productions
332979,Bruce Cohen Productions
1752685,Baku Art Lab
1752685,OG Films
721895,Short North Stage
1816,Polygram Pictures
1816,Embassy Films Associates
645689,Pathé
645689,Ingenious Media
645689,Neon Films
645689,Screen Yorkshire
113558,Kim Jho Gwang-soo
182,Warner Bros. Pictures
182,Virtual Studios
182,Section Eight
4597,Screen Gems
4597,Stars Road Entertainment
4597,Farah Films & Management
4597,Buckaroo Entertainment
549590,LiTTLE BiG PiCTURES
549590,Daydream
549590,CJ Entertainment
10077,Franchise Pictures
10077,Crusader Entertainment
10077,ApolloMedia
10077,Baldwin Entertainment Group
10077,Coco
10077,Dante Entertainment
10077,ETIC Films
10077,Epsilon Motion Pictures
10077,Film 111
10077,Forge
10077,Jericho Productions Ltd.
10077,MFF (Sound of Thunder)
10077,Matrix Film Finance
10077,QI Quality International GmbH Co. KG
10077,Scenario Lane Productions
10077,Warner Bros. Pictures
10077,Mobius International
1404684,Quad Films
1404684,Ten Films
1404684,Gaumont
1404684,TF1 Films Production
823951,Chi-Fou-Mi Productions
823951,Récifilms
823951,uMedia
823951,France 2 Cinéma
823951,StudioCanal
1382513,Pallas Film
1382513,View Master Films
1382513,Twenty Twenty Vision Filmproduktion
1382513,ZDF/Arte
1382513,FocusFox
232572,Wildwood Enterprises
232572,Route One Entertainment
232572,Broad Green Pictures
401561,Armory Films
401561,Zeal Media
401561,Dovecheck Productions Ltd.
401561,The Fyzz
401561,Taurus Film
401561,Ingenious Media
401561,XYZ Films
401561,Momentum Pictures
401561,Momentum Pictures
401561,Vertigo Films
4587,Orion Pictures
1607846,Women Make Movies
807356,Image Nation Abu Dhabi
807356,Lost City
807356,Spooky Pictures
807356,AGC Studios
12703,Kinétique
12703,Vincent Gallo Films
12703,Wild Bunch
12703,Gray Daisy Films
21167,Caviar
673309,Lionsgate
673309,City on a Hill Productions
673309,Kingdom Story Company
1097641,Ministry of Culture of the Russian Federation
1097641,KinoPROBA
1097641,ПФО
1097641,KARRO
415312,Falling Sky Entertainment
287590,Toei Animation
408647,DC Entertainment
408647,Warner Bros. Animation
25539,Orange Sky Golden Harvest
25539,Paragon Films
1705,Apjac International
1705,20th Century Fox
115311,Filmex
40357,Pink Pineapple
1277988,Migdal Filmes
1303162,Warner Bros. Japan
1303162,Kinoshita Group
1303162,Aniplex
1303162,Kodansha
1303162,TOKYU CORPORATION
1303162,Twins Japan
1303162,Stardust Pictures
1458084,Gold Productions
25998,Sil-Metropole Organisation
981,Metro-Goldwyn-Mayer
1317448,Italian International Film
848685,Le Pacte
848685,Arcadia Motion Pictures
848685,Caballo Films
848685,Cronos Entertainment AIE
848685,TVE
10132,Ten-Four Productions
10132,Cineplex-Odeon Films
10132,Universal Pictures
10375,Universal Pictures
10375,Capella International
10375,KC Medien
8942,Glass Eye Pix
8942,filmscience
8942,Field Guide Films
11318,The Samuel Goldwyn Company
11318,Close Call Films
11318,Film4 Productions
642224,White Pine Pictures
642224,Documentary Channel
642224,CBC
642224,Ontario Creates
642224,Téléfilm Canada
14400,Pan-Européenne
14400,Wild Bunch
14400,TF1 Films Production
14400,Araneo
14400,Canal+
14400,October Pictures
6488,Amblin Entertainment
6488,Hollywood Pictures
6488,Tangled Web Productions
1441,Emmett/Furla Films
1441,VIP Medienfonds 4
1441,Revelations Entertainment
1441,Millennium Media
1441,Nu Image Entertainment
19316,Overbrook Entertainment
19316,Forensic Films
19316,GreeneStreet Films
857541,SuperPelis
37495,Film4 Productions
37495,Wild Bunch
37495,Optimum Releasing
37495,Warp Films
10367,Destination Films
10367,Magic Hour Pictures
162903,Participant
162903,Reliance Entertainment
162903,Anonymous Content
162903,DreamWorks Pictures
12205,Office Augusta Co. Ltd.
12205,Oz Company
12205,KADOKAWA Shoten
12205,Nippon Television Network Corporation
12205,VAP
12205,TOHO
435129,Aircraft Pictures
435129,Cartoon Saloon
435129,Melusine Productions
435129,Jolie Pas
435129,GKIDS
1597065,L.I. Productions
429189,Gravier Productions
429189,Amazon Studios
429189,Perdido Productions
10023,Universal Pictures
10023,Applied Action
10023,Permut Presentations
10023,Brillstein-Grey Entertainment
1445363,Bazmark
1445363,Authentic Studios
1445363,Sony Music Vision
809107,Bloor Street Productions
809107,Resonate Entertainment
809107,Disney Branded Television
1371202,Horizon Film Productions
662860,Tallinnfilm
291692,Beijing Dachu Changge Film And TV Culture Co.
291692,China Film Co-Production
291692,Central Newsreel and Documentary Film Studio 中央新闻纪录电影制片厂 (CNDF)
291692,Combo Drive Pictures Co.
12900,HBO Films
12900,BBC Film
671757,Geiser Films
671757,Dejarme Disfrutar Films
671757,Solaris
552676,Lampray
370576,FNM Films
1751509,Tokyo Joshi Pro-Wrestling
1751509,CyberFight
9656,Dimension Films
9656,2929 Productions
9656,Hard Eight Pictures
9656,Adelstein/Parouse Productions
9656,Hoban Segal Productions
9656,Victor Solnicki Productions
9656,Movie Central
9656,Corus Studios
492565,Suretone Pictures
492565,Mimran Schur Pictures
335462,Nanking Military Area Command Of The TV Art Centre
335462,DF Pictures
335462,Chunqiu Time Co.
10724,Malpaso Productions
10858,Cinergi Pictures
10858,Illusion Entertainment Group
1322752,P.A.WORKS
1322752,CyberAgent
1322752,Colorful Palette
1322752,Crypton Future Media
1322752,SEGA
1322752,Shochiku
417546,Syndrome Films
31007,Destination Films
31007,Samuel Goldwyn Films
31007,Argonaut Pictures
31007,Scott Free Productions
10092,Universal Pictures
10092,Rogue Films
8738,Bryna Productions
8738,United Artists
7839,Media 8 Entertainment
7839,GreeneStreet Films
7839,The Pleasure Company Inc.
7839,Fugitive Films
39264,TOHO
39264,Toho Eizo Bijutsu
39264,Tokyo Laboratory
334376,Production I.G
152792,Worldview Entertainment
471967,SVT
25188,BBS Productions
25188,Columbia Pictures
1280444,Revolver Amsterdam
1280444,Electric Shadow Company
1280444,20 Steps Productions
1280444,Artizm
1280444,Altitude Film Entertainment
1280444,Obscura
1280444,UK Global Screen Fund
820232,ufotable
56377,Halcyon Studios
10449,Touchstone Pictures
10449,The Avnet/Kerner Company
242318,Zoom Cinematográfica
250225,Pioneer Pictures
250225,Rook Films
250225,Film4 Productions
250225,Ripken Productions
250225,BFI
250225,Protagonist Pictures
250225,Ingenious Media
411019,Independent Lens
411019,RTBF
411019,ARTE
411019,Shelter Prod
411019,RTS
411019,Velvet Film
696374,PassionFlix
784651,Marflix Pictures
784651,Viacom18 Studios
784651,Prime Focus Studios
718778,CHACONNE
1754000,Sunny State Films
125020,Persona Films
125020,CNC
1163258,Vidhu Vinod Chopra Productions
1163258,Zee Studios
86000,HB Entertainment
86000,51k
86000,Showbox
1628249,"Willit Grain | Schraudolph Gaudenz Leopold, Walter Finn-Oliver GbR"
9827,Dimension Films
9827,Raven House
9827,NEO Motion Pictures
9827,Fuji Creative Corporation
9827,Miramax
9431,Universal Pictures
9431,Tales From The Crypt Holdings
400414,Huertas Enterprise
184341,La Piedra Films
184341,Fuego Films
184341,Epicentral Studios
184341,The Weinstein Company
184341,Keller Entertainment Group
1750934,BBC
1750934,RAI
1750934,RTS
10069,Spyglass Entertainment
10069,Wonderland Sound and Vision
10069,Hollywood Pictures
10069,Endgame Entertainment
641607,Le Fresnoy
1361292,Culmination Productions
1361292,Practical Pictures
1361292,Cosmic Arena Productions
445077,OUTtv
628878,Yale Productions
628878,SSS Entertainment
628878,LB Entertainment
628878,SSS Film Capital
628878,Do More Productions
628878,Grandave Capital
628878,Idiot Savant Pictures
628878,BondIt Media Capital
9895,Morgan Creek Entertainment
520720,Omnifilm Entertainment
520720,"Disney Enterprises, Inc."
312791,Brookstreet Pictures
28176,Lucasfilm Ltd.
28176,American Zoetrope
18172,Lucille Ball Productions
18172,20th Century Fox
68555,Madhouse
68555,Nippon Television Network Corporation
68555,D.N. Dream Partners
68555,VAP
68555,Shueisha
572400,Mangano Movies & Media
572400,Unbridled Pictures
572400,Saban Films
718838,Number 9 Films
718838,Film4 Productions
718838,BFI
718838,Lipsync Productions
718838,ZDF/Arte
2436,Gramercy Pictures
2436,Imperial Entertainment
2436,Scanbox
523077,Patriot Pictures
523077,Jaguar Bite
523077,Saturn Films
84394,Les Films d'Avalon
84394,Mördred Films
84394,Dark Factory
84394,Cosmodigital
365222,Dreams Salon Entertainment Culture
365222,Pegasus Motion Pictures
365222,Starbright Communications
365222,Henan Film & TV Production Group
365222,My Pictures Studio
365222,Golden Harvest Productions
146451,Film AB Imago
10158,20th Century Fox
11899,Delphi II Productions
11899,TriStar Pictures
11899,Henson Associates
84175,Cinereach
84175,Court 13 Pictures
84175,Journeyman Pictures
84175,Seville International
31346,Theopresse
1752238,Black Eye Films
1752238,Danaë K Grieef Films
448990,Tallinnfilm
1371189,Tyler Perry Studios
653643,Irony Point
653643,Artists First
653643,Last Rodeo Studios
64586,Fulcrum Media Finance
64586,Screen Australia
64586,Magic Films
64586,Screen NSW
64586,Deluxe Australia
64586,Spectrum Films
64586,Big Ears Productions
1427472,Willow Films
1427472,Federation Studios
1427472,France 2 Cinéma
1427472,Versus Production
872492,Rusty Production
244458,1984 Private Defense Contractors
244458,Mandalay Vision
244458,Studio Babelsberg
244458,Vertigo Entertainment
244458,Panorama Media
573,Universal Pictures UK
43549,Stage 6 Films
43549,Inferno Entertainment
43549,Cinedigm
43549,Magnet Media Productions
43549,Magnet Media Group
43549,Adelstein/Parouse Productions
43549,Mercator Pictures
43549,Natural Selection
43549,Westeast Films
10407,Universal Pictures
10407,Imagine Entertainment
57988,Norsk Film
676924,Producciones Huizar
7985,Summit Entertainment
7985,Tatira-Hiller Productions
7985,Type A Films
7985,Grosvenor Park Productions
7290,Cinevent
7290,Helkon Media
844416,Elevated Films
4104,Roth/Arnold Productions
4104,Metro-Goldwyn-Mayer
1556834,Silverline Pictures
1556834,Epic Pictures
1556834,JAYE ENTERTAINMENT
1556834,Saturn Media House
595183,Rebolucion
198287,SCTV
480213,Taiga Filmes
18476,Mandate Pictures
18476,Platinum Dunes
18476,Radar Pictures
1542417,Compagnie des Guides de Chamonix
11169,Franchise Pictures
11169,ApolloMedia
11169,Signature Pictures
11169,Warner Bros. Pictures
1807,HBO Films
1807,Blue Relief Productions
1807,Meno Film Company
44251,Toei Company
44251,Bird Studios
44251,Toei Animation
11457,New Line Cinema
1184696,Pascal Pictures
1184696,Heyday Films
1184696,Amazon MGM Studios
128883,Shin-Ei Animation
229677,MovieMakers
229677,Northern Lights
229677,FilmTeknik
229677,TV4
229677,Svenska Filminstitutet
229677,SF Studios
229677,Kinoproduction
229677,Kenneth Madsen Filmproduktion
527776,Kendrick Brothers
14963,Marlboro Road Gang Productions
14963,Bauer Martinez Studios
14963,Lucky 50 Productions
14963,Black and Tan Productions
1595325,The Asylum
1595325,Atomic Blonde Entertainment
1595325,"The Global Asylum, LLC."
1595325,Dimension Pictures
1076027,Serpil Altın Film
12560,Carson Productions
11564,Guerilla High Productions
11564,PSO
11564,United Film Distribution Company (UFDC)
586592,Firefly Films
586592,New Zealand Film Commission
586592,Nowhere
586592,Tango Entertainment
586592,Scythia Films
586592,Blinder Films
586592,Saban Films
371729,Atlântida Cinematográfica
801688,Vyjayanthi Movies
801688,Annapurna Studios
1999,Good Machine
1999,GreeneStreet Films
1999,Standard Film Company
297189,A-1 Pictures
297189,Atlus
720321,Thunder Road
720321,Capstone Studios
720321,Streamline Global
202575,nWave Pictures
202575,StudioCanal
202575,uMedia
202575,Anton Capital Entertainment
74018,Warner Premiere
10833,Davis Entertainment
10833,Metro-Goldwyn-Mayer
10833,Winchester Films
11172,Castle Rock Entertainment
11172,Village Roadshow Pictures
11172,Reserve Room
11172,Flower Films
10210,Taurus Film
10210,Fox Searchlight Pictures
10210,Regency Enterprises
959898,Nikkatsu Corporation
1752368,2020Films
458109,Chimney Poland
458109,Irish Dreamtime
458109,Grindstone Entertainment Group
458109,Lionsgate Premiere
458109,Film Bridge International
1301988,Vivamax
1389038,Disney Television Animation
1389038,ICON Creative Studio
1389038,Wild Canary
18086,The Vista Organization
190292,Azerbaijanfilm
636255,Differ Media
50393,DreamWorks Animation
269316,Société Française de Cinématographie (SFC)
269316,Gaumont
180427,The Vitaphone Corporation
180427,Warner Bros. Pictures
75622,Lightstream Pictures
75622,Waypoint Entertainment
75622,Amalgam Features
75622,The Third Mind Pictures
9573,Malpaso Productions
9573,Warner Bros. Pictures
798141,Bloody Disgusting
798141,BoulderLight Pictures
798141,Going Rogue
50723,TOHO
50723,TV Tokyo
50723,Shueisha
50723,Pierrot
50723,Aniplex
50723,dentsu
50723,Bandai Visual
472815,WWE Studios
472815,Saban Films
14002,Magidson Films
1048979,Mamá Húngara
12395,TriStar Pictures
392207,ARTE
392207,Nostromo Pictures
392207,ZDF
392207,Atresmedia Cine
167064,Udruženje Mladih Umjetnika Sarajeva
224982,Swedish Film Production
224982,Kristo Filmprod.
1633264,Mindhouse Productions
21793,Bagdasarian Productions
21793,The Samuel Goldwyn Company
12312,Atchity Entertainment International (AEI)
12312,Regency Enterprises
12312,Fox 2000 Pictures
12312,Epsilon Motion Pictures
12312,Kopelson Entertainment
10564,Wind Dancer Films
10564,20th Century Fox
1610901,Big Bang Entertainment
1610901,Salman Iqbal Films
1610901,ARY Films
2786,DDL Cinematografica
2786,Rome-Paris Films
2786,SNC
2786,Films Georges de Beauregard
1528650,Voces de la Ciudad
1395353,HT Film
1395353,Vision Distribution
1395353,Film Commission Torino Piemonte
1395353,Indigo Film
1395353,MiC
1395353,Sky
13187,United Feature Syndicate
13187,Lee Mendelson Film Productions
13187,Bill Melendez Productions
13187,CBS
1732385,(주)영화사히트
78049,Universal 1440 Entertainment
78049,Alphaville Films
78049,The Sommers Company
78049,Misher Films
78049,A Grand Elephant
675531,Matt Tolmach Productions
675531,Metro-Goldwyn-Mayer
14900,ITC Entertainment
14900,Henson Associates
628922,Sculptor Media
628922,Projected Picture Works
628922,AZA Films
628922,Two & Two Pictures
628922,FilmNation Entertainment
484510,NBC
484510,DreamWorks Animation
44603,Warner Bros. Pictures
44603,Amblin Entertainment
44603,The Kennedy/Marshall Company
44603,Malpaso Productions
10862,Miramax
784130,Local Films
85579,Pra Film
17600,Swelter Films
17600,Fine Line Features
17600,Buckeye Films
9031,Denver Film Productions
26119,Scimitar Films
26119,United Artists
